DATASET,NLME_RESULT_ID,NLME_CURVE_ID,COSMIC_ID,CELL_LINE_NAME,SANGER_MODEL_ID,TCGA_DESC,DRUG_ID,DRUG_NAME,PUTATIVE_TARGET,PATHWAY_NAME,COMPANY_ID,WEBRELEASE,MIN_CONC,MAX_CONC,LN_IC50,AUC,RMSE,Z_SCORE,IC50_uM,sensitivity,outliers
GDSC2,343,15946332,683667,PFSK-1,SIDM01132,MB,1048,Mirin,MRE11,Genome integrity,1046,Y,0.100053,100.0,4.13494,0.843095,0.131739,-0.548274,62.48584180748033,Low,False
GDSC2,343,15946581,684052,A673,SIDM00848,UNCLASSIFIED,1048,Mirin,MRE11,Genome integrity,1046,Y,0.100053,100.0,4.338772,0.86403,0.136052,-0.375847,76.61340029319184,Low,False
GDSC2,343,15946864,684057,ES5,SIDM00263,UNCLASSIFIED,1048,Mirin,MRE11,Genome integrity,1046,Y,0.100053,100.0,3.987309,0.833579,0.076039,-0.673159,53.90962319933537,Low,False
GDSC2,343,15947120,684059,ES7,SIDM00269,UNCLASSIFIED,1048,Mirin,MRE11,Genome integrity,1046,Y,0.100053,100.0,3.695754,0.806858,0.114049,-0.919794,40.27592919270477,Low,False
GDSC2,343,15947402,684062,EW-11,SIDM00203,UNCLASSIFIED,1048,Mirin,MRE11,Genome integrity,1046,Y,0.100053,100.0,4.379718,0.84474,0.095951,-0.341209,79.81552225388582,Low,False
GDSC2,343,15947684,684072,SK-ES-1,SIDM01111,UNCLASSIFIED,1048,Mirin,MRE11,Genome integrity,1046,Y,0.100053,100.0,4.503566,0.889203,0.151689,-0.236443,90.33870541661766,Low,False
GDSC2,343,15947965,687448,COLO-829,SIDM00909,SKCM,1048,Mirin,MRE11,Genome integrity,1046,Y,0.100053,100.0,6.300486,0.896499,0.120323,1.283624,544.8366363975238,Low,False
GDSC2,343,15948244,687452,5637,SIDM00807,BLCA,1048,Mirin,MRE11,Genome integrity,1046,Y,0.100053,100.0,5.005765,0.885501,0.040077,0.188382,149.27123198336272,Low,False
GDSC2,343,15948524,687455,RT4,SIDM01085,BLCA,1048,Mirin,MRE11,Genome integrity,1046,Y,0.100053,100.0,4.776385,0.886861,0.151965,-0.005658,118.67456512369056,Low,False
GDSC2,343,15948805,687457,SW780,SIDM01160,BLCA,1048,Mirin,MRE11,Genome integrity,1046,Y,0.100053,100.0,6.676109,0.952809,0.055206,1.601374,793.2266546285178,Low,False
GDSC2,343,15949086,687459,TCCSUP,SIDM01190,BLCA,1048,Mirin,MRE11,Genome integrity,1046,Y,0.100053,100.0,6.89144,0.954223,0.068714,1.783528,983.8170943019246,Low,False
GDSC2,343,15949367,687505,C-33-A,SIDM00889,CESC,1048,Mirin,MRE11,Genome integrity,1046,Y,0.100053,100.0,4.17964,0.837451,0.080757,-0.510461,65.34232574205193,Low,False
GDSC2,343,15949649,687506,C-4-I,SIDM00905,CESC,1048,Mirin,MRE11,Genome integrity,1046,Y,0.100053,100.0,4.599404,0.887341,0.071001,-0.15537,99.42504065551176,Low,False
GDSC2,343,15949929,687514,ME-180,SIDM00627,CESC,1048,Mirin,MRE11,Genome integrity,1046,Y,0.100053,100.0,4.278277,0.838337,0.051856,-0.427021,72.11607689877746,Low,False
GDSC2,343,15950210,687561,42-MG-BA,SIDM00982,GBM,1048,Mirin,MRE11,Genome integrity,1046,Y,0.100053,100.0,3.980415,0.822211,0.09456,-0.678991,53.539248405818746,Low,False
GDSC2,343,15950491,687562,8-MG-BA,SIDM00998,GBM,1048,Mirin,MRE11,Genome integrity,1046,Y,0.100053,100.0,4.066235,0.846207,0.086814,-0.606393,58.33691013642233,Low,False
GDSC2,343,15950771,687563,A172,SIDM00799,GBM,1048,Mirin,MRE11,Genome integrity,1046,Y,0.100053,100.0,4.496708,0.85111,0.137679,-0.242244,89.72128213918296,Low,False
GDSC2,343,15951052,687568,GB-1,SIDM00581,GBM,1048,Mirin,MRE11,Genome integrity,1046,Y,0.100053,100.0,6.006786,0.90868,0.072293,1.035174,406.1757712393989,Low,False
GDSC2,343,15951333,687586,T98G,SIDM01171,GBM,1048,Mirin,MRE11,Genome integrity,1046,Y,0.100053,100.0,5.514457,0.92616,0.094663,0.618699,248.25513810197046,Low,False
GDSC2,343,15951615,687588,U-118-MG,SIDM01193,GBM,1048,Mirin,MRE11,Genome integrity,1046,Y,0.100053,100.0,6.128891,0.9162,0.085439,1.138466,458.92692839923126,Low,False
GDSC2,343,15951886,687590,U-87-MG,SIDM01189,GBM,1048,Mirin,MRE11,Genome integrity,1046,Y,0.100053,100.0,4.651518,0.855842,0.106532,-0.111286,104.743866145062,Low,False
GDSC2,343,15952150,687592,YKG-1,SIDM00315,GBM,1048,Mirin,MRE11,Genome integrity,1046,Y,0.100053,100.0,4.602078,0.861148,0.099356,-0.153109,99.6912589895093,Low,False
GDSC2,343,15952329,687596,ChaGo-K-1,SIDM00924,UNCLASSIFIED,1048,Mirin,MRE11,Genome integrity,1046,Y,0.100053,100.0,5.21063,0.916354,0.044216,0.361683,183.20944379302765,Low,False
GDSC2,343,15952502,687600,NCI-H720,SIDM01120,UNCLASSIFIED,1048,Mirin,MRE11,Genome integrity,1046,Y,0.100053,100.0,5.000072,0.906844,0.109348,0.183566,148.42384523472816,Low,False
GDSC2,343,15952777,687777,Calu-3,SIDM00922,LUAD,1048,Mirin,MRE11,Genome integrity,1046,Y,0.100053,100.0,5.150899,0.855843,0.178593,0.311154,172.58657592718595,Low,False
GDSC2,343,15953059,687780,COR-L23,SIDM00512,UNCLASSIFIED,1048,Mirin,MRE11,Genome integrity,1046,Y,0.100053,100.0,5.720759,0.912553,0.113605,0.793216,305.1364336406233,Low,False
GDSC2,343,15953340,687787,LK-2,SIDM00548,LUSC,1048,Mirin,MRE11,Genome integrity,1046,Y,0.100053,100.0,5.458269,0.909052,0.111887,0.571168,234.69082273889694,Low,False
GDSC2,343,15953622,687794,NCI-H1437,SIDM00734,LUAD,1048,Mirin,MRE11,Genome integrity,1046,Y,0.100053,100.0,3.434294,0.76808,0.115672,-1.14097,31.009512120023736,Low,False
GDSC2,343,15953801,687798,NCI-H1623,SIDM00747,LUAD,1048,Mirin,MRE11,Genome integrity,1046,Y,0.100053,100.0,3.573776,0.769049,0.097979,-1.022979,35.65095732728369,Low,False
GDSC2,343,15954251,687800,NCI-H1650,SIDM00745,LUAD,1048,Mirin,MRE11,Genome integrity,1046,Y,0.100053,100.0,5.66278,0.881263,0.097187,0.74417,287.94802641108873,Low,False
GDSC2,343,15954532,687802,NCI-H1693,SIDM00742,LUAD,1048,Mirin,MRE11,Genome integrity,1046,Y,0.100053,100.0,6.122202,0.880445,0.131684,1.132808,455.8674101415704,Low,False
GDSC2,343,15954814,687804,NCI-H1770,SIDM00737,UNCLASSIFIED,1048,Mirin,MRE11,Genome integrity,1046,Y,0.100053,100.0,4.611236,0.900633,0.044115,-0.145361,100.60842483158933,Low,False
GDSC2,343,15955162,687812,NCI-H2085,SIDM00709,LUAD,1048,Mirin,MRE11,Genome integrity,1046,Y,0.100053,100.0,6.699893,0.949469,0.05819,1.621493,812.3189023947017,Low,False
GDSC2,343,15955443,687815,NCI-H2170,SIDM00716,LUSC,1048,Mirin,MRE11,Genome integrity,1046,Y,0.100053,100.0,4.731337,0.876065,0.090172,-0.043764,113.44713982248166,Low,False
GDSC2,343,15955722,687816,NCI-H2228,SIDM00729,LUAD,1048,Mirin,MRE11,Genome integrity,1046,Y,0.100053,100.0,5.833647,0.891927,0.095062,0.888711,341.60223341733706,Low,False
GDSC2,343,15956622,687829,NCI-H661,SIDM01122,UNCLASSIFIED,1048,Mirin,MRE11,Genome integrity,1046,Y,0.100053,100.0,5.479532,0.914702,0.105862,0.589155,239.73448537719966,Low,False
GDSC2,343,15956903,687980,COR-L311,SIDM00509,SCLC,1048,Mirin,MRE11,Genome integrity,1046,Y,0.100053,100.0,5.465742,0.942411,0.063211,0.57749,236.45123685193158,Low,False
GDSC2,343,15957184,687983,DMS-114,SIDM00865,SCLC,1048,Mirin,MRE11,Genome integrity,1046,Y,0.100053,100.0,5.015682,0.893922,0.122328,0.196771,150.75891929605007,Low,False
GDSC2,343,15957466,687985,DMS-273,SIDM00522,SCLC,1048,Mirin,MRE11,Genome integrity,1046,Y,0.100053,100.0,4.82989,0.887889,0.148974,0.039605,125.19718820659169,Low,False
GDSC2,343,15957747,687995,NCI-H1048,SIDM00654,SCLC,1048,Mirin,MRE11,Genome integrity,1046,Y,0.100053,100.0,5.301446,0.923271,0.091448,0.438507,200.62670654672436,Low,False
GDSC2,343,15958028,687997,NCI-H1092,SIDM00653,SCLC,1048,Mirin,MRE11,Genome integrity,1046,Y,0.100053,100.0,5.383138,0.903893,0.094334,0.507613,217.7043609577214,Low,False
GDSC2,343,15958309,688006,NCI-H1694,SIDM00741,SCLC,1048,Mirin,MRE11,Genome integrity,1046,Y,0.100053,100.0,4.533094,0.881325,0.112148,-0.211464,93.04600050959328,Low,False
GDSC2,343,15958566,688010,NCI-H1963,SIDM00760,SCLC,1048,Mirin,MRE11,Genome integrity,1046,Y,0.100053,100.0,6.589557,0.972037,0.140148,1.528157,727.4585343760532,Low,False
GDSC2,343,15958825,688011,NCI-H2029,SIDM00735,SCLC,1048,Mirin,MRE11,Genome integrity,1046,Y,0.100053,100.0,4.74767,0.895902,0.070341,-0.029949,115.31528664846492,Low,False
GDSC2,343,15959085,688013,NCI-H209,SIDM00706,SCLC,1048,Mirin,MRE11,Genome integrity,1046,Y,0.100053,100.0,3.981455,0.840605,0.183452,-0.678111,53.59495818822634,Low,False
GDSC2,343,15959364,688014,NCI-H2141,SIDM00699,SCLC,1048,Mirin,MRE11,Genome integrity,1046,Y,0.100053,100.0,6.428049,0.947536,0.086628,1.391533,618.9651681882838,Low,False
GDSC2,343,15959646,688015,NCI-H2171,SIDM00733,SCLC,1048,Mirin,MRE11,Genome integrity,1046,Y,0.100053,100.0,3.455408,0.812731,0.062877,-1.123109,31.671207899398286,Low,False
GDSC2,343,15959824,688018,NCI-H2227,SIDM00730,SCLC,1048,Mirin,MRE11,Genome integrity,1046,Y,0.100053,100.0,4.280568,0.812517,0.174839,-0.425083,72.28148423270602,Low,False
GDSC2,343,15960080,688021,NCI-H345,SIDM00719,SCLC,1048,Mirin,MRE11,Genome integrity,1046,Y,0.100053,100.0,7.861902,0.966828,0.081752,2.60447,2596.454137687164,Low,False
GDSC2,343,15960338,688023,NCI-H446,SIDM00965,SCLC,1048,Mirin,MRE11,Genome integrity,1046,Y,0.100053,100.0,4.622888,0.881363,0.158402,-0.135505,101.78757055980651,Low,False
GDSC2,343,15960617,688025,NCI-H526,SIDM01128,SCLC,1048,Mirin,MRE11,Genome integrity,1046,Y,0.100053,100.0,4.918305,0.922638,0.086367,0.114397,136.77059045193604,Low,False
GDSC2,343,15961235,688031,NCI-H82,SIDM01131,SCLC,1048,Mirin,MRE11,Genome integrity,1046,Y,0.100053,100.0,3.571976,0.805481,0.186551,-1.024501,35.586843324008306,Low,False
GDSC2,343,15961517,688058,NCI-H2052,SIDM00713,MESO,1048,Mirin,MRE11,Genome integrity,1046,Y,0.100053,100.0,6.455819,0.939785,0.055369,1.415024,636.3947201524468,Low,False
GDSC2,343,15961798,688086,SK-N-DZ,SIDM01100,NB,1048,Mirin,MRE11,Genome integrity,1046,Y,0.100053,100.0,3.671936,0.807474,0.197501,-0.939943,39.327971157499405,Low,False
GDSC2,343,15962248,688121,VA-ES-BJ,SIDM01179,UNCLASSIFIED,1048,Mirin,MRE11,Genome integrity,1046,Y,0.100053,100.0,5.043901,0.867612,0.15043,0.220642,155.07377943131593,Low,False
GDSC2,343,15962529,713869,VMRC-LCD,SIDM00320,LUAD,1048,Mirin,MRE11,Genome integrity,1046,Y,0.100053,100.0,5.010197,0.877053,0.090222,0.192131,149.9342702910855,Low,False
GDSC2,343,15962804,713878,LU-139,SIDM00293,SCLC,1048,Mirin,MRE11,Genome integrity,1046,Y,0.100053,100.0,3.604331,0.786986,0.103752,-0.997132,36.75708513993208,Low,False
GDSC2,343,15963042,713880,SBC-5,SIDM00368,SCLC,1048,Mirin,MRE11,Genome integrity,1046,Y,0.100053,100.0,4.642057,0.896727,0.151666,-0.119289,103.75755751749854,Low,False
GDSC2,343,15963324,713885,SBC-1,SIDM00365,SCLC,1048,Mirin,MRE11,Genome integrity,1046,Y,0.100053,100.0,3.819676,0.801705,0.1035,-0.814965,45.589434950767966,Low,False
GDSC2,343,15963502,713899,LU-135,SIDM00294,SCLC,1048,Mirin,MRE11,Genome integrity,1046,Y,0.100053,100.0,5.530009,0.935557,0.073506,0.631855,252.14618032892375,Low,False
GDSC2,343,15963952,722045,NCI-H2030,SIDM00715,LUAD,1048,Mirin,MRE11,Genome integrity,1046,Y,0.100053,100.0,4.772841,0.850494,0.066864,-0.008656,118.25472685772779,Low,False
GDSC2,343,15964131,722046,NCI-H2122,SIDM00702,LUAD,1048,Mirin,MRE11,Genome integrity,1046,Y,0.100053,100.0,3.07879,0.744875,0.058284,-1.441702,21.732090651113708,Low,False
GDSC2,343,15964412,722058,NCI-H1734,SIDM00739,LUAD,1048,Mirin,MRE11,Genome integrity,1046,Y,0.100053,100.0,3.154157,0.760914,0.060165,-1.377947,23.43327451226042,Low,False
GDSC2,343,15964591,722066,NCI-H650,SIDM01124,LUAD,1048,Mirin,MRE11,Genome integrity,1046,Y,0.100053,100.0,5.216441,0.920395,0.073441,0.366599,184.27717315400324,Low,False
GDSC2,343,15964873,724812,T24,SIDM01184,BLCA,1048,Mirin,MRE11,Genome integrity,1046,Y,0.100053,100.0,5.616325,0.921151,0.091906,0.704872,274.87735050055454,Low,False
GDSC2,343,15965051,724825,NCI-H929,SIDM01148,MM,1048,Mirin,MRE11,Genome integrity,1046,Y,0.100053,100.0,3.994879,0.848369,0.130343,-0.666756,54.31926759477368,Low,False
GDSC2,343,15965331,724828,SK-N-AS,SIDM01101,NB,1048,Mirin,MRE11,Genome integrity,1046,Y,0.100053,100.0,3.67802,0.772281,0.103808,-0.934795,39.567971875904135,Low,False
GDSC2,343,15965613,724831,NCI-H1299,SIDM00649,UNCLASSIFIED,1048,Mirin,MRE11,Genome integrity,1046,Y,0.100053,100.0,4.991766,0.874222,0.15222,0.17654,147.19614248395484,Low,False
GDSC2,343,15965895,724834,NCI-H2087,SIDM00708,LUAD,1048,Mirin,MRE11,Genome integrity,1046,Y,0.100053,100.0,5.647555,0.898214,0.110225,0.73129,283.5972222486025,Low,False
GDSC2,343,15966347,724839,SW756,SIDM01174,CESC,1048,Mirin,MRE11,Genome integrity,1046,Y,0.100053,100.0,6.883133,0.940249,0.055838,1.776502,975.6783766650738,Low,False
GDSC2,343,15966910,724859,Calu-6,SIDM00921,LUAD,1048,Mirin,MRE11,Genome integrity,1046,Y,0.100053,100.0,5.618622,0.89028,0.121433,0.706815,275.5094694853759,Low,False
GDSC2,343,15967190,724863,LU-65,SIDM00547,UNCLASSIFIED,1048,Mirin,MRE11,Genome integrity,1046,Y,0.100053,100.0,3.428512,0.736723,0.151689,-1.145862,30.830732470983868,Low,False
GDSC2,343,15967472,724866,NCI-H1355,SIDM00645,LUAD,1048,Mirin,MRE11,Genome integrity,1046,Y,0.100053,100.0,4.403288,0.804654,0.086283,-0.321271,81.71911988447269,Low,False
GDSC2,343,15967754,724868,NCI-H1792,SIDM00771,LUAD,1048,Mirin,MRE11,Genome integrity,1046,Y,0.100053,100.0,5.082629,0.917808,0.101801,0.253403,161.19728701513841,Low,False
GDSC2,343,15968026,724869,HPAF-II,SIDM00669,PAAD,1048,Mirin,MRE11,Genome integrity,1046,Y,0.100053,100.0,5.745034,0.901704,0.086489,0.81375,312.63425721409925,Low,False
GDSC2,343,15968283,724870,MIA-PaCa-2,SIDM00505,PAAD,1048,Mirin,MRE11,Genome integrity,1046,Y,0.100053,100.0,4.458518,0.859188,0.114218,-0.27455,86.35942953824316,Low,False
GDSC2,343,15968564,724872,SHP-77,SIDM01078,SCLC,1048,Mirin,MRE11,Genome integrity,1046,Y,0.100053,100.0,5.155298,0.927966,0.114477,0.314876,173.3474566047441,Low,False
GDSC2,343,15969016,724874,NCI-H2291,SIDM00728,LUAD,1048,Mirin,MRE11,Genome integrity,1046,Y,0.100053,100.0,6.929169,0.917362,0.078062,1.815445,1021.6446400750277,Low,False
GDSC2,343,15969195,724878,SW1573,SIDM01163,LUAD,1048,Mirin,MRE11,Genome integrity,1046,Y,0.100053,100.0,6.993925,0.934215,0.077711,1.870224,1089.9913070413877,Low,False
GDSC2,343,15969475,735784,TE-5,SIDM00347,ESCA,1048,Mirin,MRE11,Genome integrity,1046,Y,0.100053,100.0,5.266736,0.894831,0.116038,0.409145,193.78242324241137,Low,False
GDSC2,343,15969757,749709,HCC1954,SIDM00872,BRCA,1048,Mirin,MRE11,Genome integrity,1046,Y,0.100053,100.0,4.804638,0.897445,0.129969,0.018243,122.07529176598024,Low,False
GDSC2,343,15970042,749710,HCC1143,SIDM00866,BRCA,1048,Mirin,MRE11,Genome integrity,1046,Y,0.100053,100.0,5.469438,0.899817,0.086225,0.580616,237.32677762599957,Low,False
GDSC2,343,15970326,749711,HCC1187,SIDM00885,BRCA,1048,Mirin,MRE11,Genome integrity,1046,Y,0.100053,100.0,4.143531,0.847693,0.145227,-0.541007,63.02497018451926,Low,False
GDSC2,343,15970788,749713,HCC1599,SIDM00877,BRCA,1048,Mirin,MRE11,Genome integrity,1046,Y,0.100053,100.0,4.592084,0.842775,0.100677,-0.161563,98.69990658647187,Low,False
GDSC2,343,15970972,749714,HCC1937,SIDM00874,BRCA,1048,Mirin,MRE11,Genome integrity,1046,Y,0.100053,100.0,5.887405,0.915796,0.035257,0.934186,360.4686534635521,Low,False
GDSC2,343,15971257,749715,HCC2157,SIDM00774,BRCA,1048,Mirin,MRE11,Genome integrity,1046,Y,0.100053,100.0,3.896183,0.840251,0.096596,-0.750245,49.214239384057706,Low,False
GDSC2,343,15971527,749716,HCC2218,SIDM00772,BRCA,1048,Mirin,MRE11,Genome integrity,1046,Y,0.100053,100.0,7.295889,0.988011,0.036411,2.125663,1474.2269062306364,Low,False
GDSC2,343,15971703,749717,HCC38,SIDM00675,BRCA,1048,Mirin,MRE11,Genome integrity,1046,Y,0.100053,100.0,5.40011,0.897216,0.129549,0.521969,221.43077224952742,Low,False
GDSC2,343,15971990,753531,BB30-HNC,SIDM00172,HNSC,1048,Mirin,MRE11,Genome integrity,1046,Y,0.100053,100.0,3.070641,0.750967,0.09442,-1.448595,21.555715461142103,Low,False
GDSC2,343,15972152,753532,BB49-HNC,SIDM00174,HNSC,1048,Mirin,MRE11,Genome integrity,1046,Y,0.100053,100.0,4.746507,0.858836,0.124934,-0.030932,115.18125292580997,Low,False
GDSC2,343,15972398,753533,BB65-RCC,SIDM00191,KIRC,1048,Mirin,MRE11,Genome integrity,1046,Y,0.100053,100.0,4.374742,0.858694,0.072267,-0.345419,79.41934671734626,Low,False
GDSC2,343,15972577,753534,BEN,SIDM00990,UNCLASSIFIED,1048,Mirin,MRE11,Genome integrity,1046,Y,0.100053,100.0,4.504424,0.82547,0.07233,-0.235717,90.4162492874286,Low,False
GDSC2,343,15972757,753535,BHY,SIDM00986,HNSC,1048,Mirin,MRE11,Genome integrity,1046,Y,0.100053,100.0,6.291521,0.944082,0.051148,1.27604,539.9740052642,Low,False
GDSC2,343,15972936,753538,Ca9-22,SIDM00489,HNSC,1048,Mirin,MRE11,Genome integrity,1046,Y,0.100053,100.0,5.097982,0.90366,0.081382,0.26639,163.69124484160469,Low,False
GDSC2,343,15973218,753539,CADO-ES1,SIDM00961,UNCLASSIFIED,1048,Mirin,MRE11,Genome integrity,1046,Y,0.100053,100.0,3.953208,0.840033,0.126406,-0.702006,52.102243017921374,Low,False
GDSC2,343,15973500,753540,CAL-12T,SIDM00939,UNCLASSIFIED,1048,Mirin,MRE11,Genome integrity,1046,Y,0.100053,100.0,6.567151,0.959726,0.042184,1.509203,711.3403448428492,Low,False
GDSC2,343,15973679,753541,CAL-33,SIDM00942,HNSC,1048,Mirin,MRE11,Genome integrity,1046,Y,0.100053,100.0,4.292342,0.850089,0.119864,-0.415123,73.13755623439549,Low,False
GDSC2,343,15973961,753545,CP50-MEL-B,SIDM00175,SKCM,1048,Mirin,MRE11,Genome integrity,1046,Y,0.100053,100.0,3.870556,0.818945,0.115276,-0.771924,47.9690494592125,Low,False
GDSC2,343,15974141,753546,CP66-MEL,SIDM00190,SKCM,1048,Mirin,MRE11,Genome integrity,1046,Y,0.100053,100.0,5.371697,0.890426,0.141148,0.497934,215.22779954792114,Low,False
GDSC2,343,15974397,753547,CPC-N,SIDM00953,SCLC,1048,Mirin,MRE11,Genome integrity,1046,Y,0.100053,100.0,4.189367,0.854649,0.141117,-0.502233,65.98101175824449,Low,False
GDSC2,343,15974678,753548,CTV-1,SIDM00951,LAML,1048,Mirin,MRE11,Genome integrity,1046,Y,0.100053,100.0,3.304875,0.795435,0.149841,-1.25045,27.245135733972855,Low,False
GDSC2,343,15974959,753549,D-542MG,SIDM00207,GBM,1048,Mirin,MRE11,Genome integrity,1046,Y,0.100053,100.0,4.397406,0.821853,0.113475,-0.326246,81.2398589096247,Low,False
GDSC2,343,15975139,753551,DMS-79,SIDM00524,SCLC,1048,Mirin,MRE11,Genome integrity,1046,Y,0.100053,100.0,4.985032,0.913851,0.079178,0.170843,146.2082536154151,Low,False
GDSC2,343,15975395,753552,DSH1,SIDM00970,BLCA,1048,Mirin,MRE11,Genome integrity,1046,Y,0.100053,100.0,4.733543,0.863288,0.192937,-0.041899,113.69768045764734,Low,False
GDSC2,343,15975677,753554,EBC-1,SIDM00486,LUSC,1048,Mirin,MRE11,Genome integrity,1046,Y,0.100053,100.0,4.129479,0.81407,0.146691,-0.552893,62.14553667426522,Low,False
GDSC2,343,15975958,753555,EC-GI-10,SIDM00278,ESCA,1048,Mirin,MRE11,Genome integrity,1046,Y,0.100053,100.0,3.338977,0.761133,0.135175,-1.221602,28.19027329982226,Low,False
GDSC2,343,15976239,753556,EPLC-272H,SIDM01044,LUSC,1048,Mirin,MRE11,Genome integrity,1046,Y,0.100053,100.0,4.592079,0.854146,0.112286,-0.161567,98.6994130881727,Low,False
GDSC2,343,15976521,753558,HA7-RCC,SIDM00188,KIRC,1048,Mirin,MRE11,Genome integrity,1046,Y,0.100053,100.0,7.171116,0.967074,0.070139,2.020114,1301.2960391315848,Low,False
GDSC2,343,15976778,753559,HCE-4,SIDM00052,ESCA,1048,Mirin,MRE11,Genome integrity,1046,Y,0.100053,100.0,3.89242,0.832025,0.08245,-0.753429,49.029394205578654,Low,False
GDSC2,343,15977127,753562,HSC-2,SIDM00590,HNSC,1048,Mirin,MRE11,Genome integrity,1046,Y,0.100053,100.0,3.973635,0.832833,0.137919,-0.684727,53.17748008206966,Low,False
GDSC2,343,15977407,753563,IM-9,SIDM00632,MM,1048,Mirin,MRE11,Genome integrity,1046,Y,0.100053,100.0,3.398719,0.799062,0.115385,-1.171064,29.925740609701666,Low,False
GDSC2,343,15977690,753564,IST-SL1,SIDM00223,SCLC,1048,Mirin,MRE11,Genome integrity,1046,Y,0.100053,100.0,3.392794,0.798494,0.168583,-1.176077,29.748954841608096,Low,False
GDSC2,343,15977872,753565,IST-SL2,SIDM00230,SCLC,1048,Mirin,MRE11,Genome integrity,1046,Y,0.100053,100.0,5.015169,0.895795,0.092294,0.196337,150.68159980459646,Low,False
GDSC2,343,15978139,753566,J82,SIDM00693,BLCA,1048,Mirin,MRE11,Genome integrity,1046,Y,0.100053,100.0,5.548336,0.905687,0.058803,0.647358,256.8098685473149,Low,False
GDSC2,343,15978420,753569,KNS-62,SIDM00606,LUSC,1048,Mirin,MRE11,Genome integrity,1046,Y,0.100053,100.0,4.944955,0.886672,0.117231,0.136941,140.46452980538248,Low,False
GDSC2,343,15978703,753570,KOSC-2,SIDM00603,HNSC,1048,Mirin,MRE11,Genome integrity,1046,Y,0.100053,100.0,3.889619,0.8259,0.099308,-0.755798,48.89225502549215,Low,False
GDSC2,343,15978882,753572,KP-4,SIDM00301,PAAD,1048,Mirin,MRE11,Genome integrity,1046,Y,0.100053,100.0,4.338193,0.871083,0.11751,-0.376337,76.56905397392048,Low,False
GDSC2,343,15979164,753573,KYSE-140,SIDM01032,ESCA,1048,Mirin,MRE11,Genome integrity,1046,Y,0.100053,100.0,4.437496,0.857765,0.111423,-0.292334,84.56293076830644,Low,False
GDSC2,343,15979444,753574,KYSE-410,SIDM01028,ESCA,1048,Mirin,MRE11,Genome integrity,1046,Y,0.100053,100.0,7.609577,0.947461,0.061442,2.391021,2017.4245466202626,Low,False
GDSC2,343,15979725,753575,KYSE-520,SIDM01025,ESCA,1048,Mirin,MRE11,Genome integrity,1046,Y,0.100053,100.0,6.496023,0.910244,0.117383,1.449034,662.5016179194757,Low,False
GDSC2,343,15980006,753576,KYSE-70,SIDM01024,ESCA,1048,Mirin,MRE11,Genome integrity,1046,Y,0.100053,100.0,7.03709,0.953097,0.03792,1.906738,1138.0709967015705,Low,False
GDSC2,343,15980289,753577,LB1047-RCC,SIDM00187,KIRC,1048,Mirin,MRE11,Genome integrity,1046,Y,0.100053,100.0,5.878702,0.914524,0.084063,0.926824,357.3451066019635,Low,False
GDSC2,343,15980469,753578,LB2241-RCC,SIDM00186,KIRC,1048,Mirin,MRE11,Genome integrity,1046,Y,0.100053,100.0,5.165806,0.886086,0.04374,0.323765,175.1785956340019,Low,False
GDSC2,343,15980648,753579,LB2518-MEL,SIDM00185,SKCM,1048,Mirin,MRE11,Genome integrity,1046,Y,0.100053,100.0,5.246334,0.911588,0.045543,0.391886,189.86893151806413,Low,False
GDSC2,343,15980827,753581,LB373-MEL-D,SIDM00184,SKCM,1048,Mirin,MRE11,Genome integrity,1046,Y,0.100053,100.0,5.492945,0.930464,0.031111,0.600502,242.9717059156075,Low,False
GDSC2,343,15981007,753582,LB647-SCLC,SIDM00183,SCLC,1048,Mirin,MRE11,Genome integrity,1046,Y,0.100053,100.0,4.995242,0.91195,0.037568,0.17948,147.7086865607636,Low,False
GDSC2,343,15981186,753583,LB771-HNC,SIDM00182,HNSC,1048,Mirin,MRE11,Genome integrity,1046,Y,0.100053,100.0,5.886136,0.918393,0.101502,0.933113,360.0115088619036,Low,False
GDSC2,343,15981467,753584,LB831-BLC,SIDM00181,BLCA,1048,Mirin,MRE11,Genome integrity,1046,Y,0.100053,100.0,4.999369,0.889521,0.059194,0.182971,148.31953993913518,Low,False
GDSC2,343,15981749,753585,LB996-RCC,SIDM00180,KIRC,1048,Mirin,MRE11,Genome integrity,1046,Y,0.100053,100.0,4.670651,0.847508,0.141984,-0.095101,106.76722527698638,Low,False
GDSC2,343,15982030,753586,LCLC-103H,SIDM00345,UNCLASSIFIED,1048,Mirin,MRE11,Genome integrity,1046,Y,0.100053,100.0,4.355218,0.829672,0.147569,-0.361934,77.88380215515744,Low,False
GDSC2,343,15982313,753588,LU-134-A,SIDM00296,SCLC,1048,Mirin,MRE11,Genome integrity,1046,Y,0.100053,100.0,4.154869,0.844833,0.096168,-0.531416,63.743613587456984,Low,False
GDSC2,343,15982492,753589,LU-165,SIDM00292,SCLC,1048,Mirin,MRE11,Genome integrity,1046,Y,0.100053,100.0,7.491556,0.944779,0.069489,2.291184,1792.839581002737,Low,False
GDSC2,343,15982774,753592,LXF-289,SIDM00339,LUAD,1048,Mirin,MRE11,Genome integrity,1046,Y,0.100053,100.0,4.742244,0.886493,0.148154,-0.034538,114.69128036313388,Low,False
GDSC2,343,15983055,753594,MS-1,SIDM00245,SCLC,1048,Mirin,MRE11,Genome integrity,1046,Y,0.100053,100.0,4.363043,0.881099,0.059501,-0.355315,78.49563357555539,Low,False
GDSC2,343,15983338,753595,MZ1-PC,SIDM00053,PAAD,1048,Mirin,MRE11,Genome integrity,1046,Y,0.100053,100.0,6.431191,0.909378,0.113188,1.39419,620.9130152119507,Low,False
GDSC2,343,15983518,753596,MZ7-mel,SIDM00516,SKCM,1048,Mirin,MRE11,Genome integrity,1046,Y,0.100053,100.0,3.717397,0.798109,0.150276,-0.901485,41.15712256522896,Low,False
GDSC2,343,15983697,753600,NCI-H1563,SIDM00751,LUAD,1048,Mirin,MRE11,Genome integrity,1046,Y,0.100053,100.0,5.415573,0.913459,0.110687,0.535051,224.88136579072713,Low,False
GDSC2,343,15983979,753604,NCI-H292,SIDM00493,UNCLASSIFIED,1048,Mirin,MRE11,Genome integrity,1046,Y,0.100053,100.0,2.749637,0.688114,0.091755,-1.720142,15.636954639296498,Low,False
GDSC2,343,15984159,753605,NCI-H510A,SIDM00927,SCLC,1048,Mirin,MRE11,Genome integrity,1046,Y,0.100053,100.0,3.747803,0.825775,0.123924,-0.875765,42.427765728368094,Low,False
GDSC2,343,15984507,753608,PC-14,SIDM00237,LUAD,1048,Mirin,MRE11,Genome integrity,1046,Y,0.100053,100.0,4.978665,0.882756,0.16308,0.165457,145.28030293047448,Low,False
GDSC2,343,15984799,753610,SBC-3,SIDM00367,SCLC,1048,Mirin,MRE11,Genome integrity,1046,Y,0.100053,100.0,3.70311,0.794445,0.141307,-0.913571,40.57329128474859,Low,False
GDSC2,343,15985081,753612,SK-MM-2,SIDM00391,MM,1048,Mirin,MRE11,Genome integrity,1046,Y,0.100053,100.0,4.424424,0.85247,0.187409,-0.303391,83.46471769619434,Low,False
GDSC2,343,15985355,753614,TE-15,SIDM00249,ESCA,1048,Mirin,MRE11,Genome integrity,1046,Y,0.100053,100.0,3.112865,0.725886,0.089739,-1.412877,22.48537279938371,Low,False
GDSC2,343,15985593,753615,U-266,SIDM00417,MM,1048,Mirin,MRE11,Genome integrity,1046,Y,0.100053,100.0,4.062798,0.816876,0.141009,-0.609301,58.13675034792007,Low,False
GDSC2,343,15985874,753616,BE2-M17,SIDM01229,NB,1048,Mirin,MRE11,Genome integrity,1046,Y,0.100053,100.0,5.085268,0.899647,0.114169,0.255636,161.62324846449283,Low,False
GDSC2,343,15986155,753618,KELLY,SIDM01009,NB,1048,Mirin,MRE11,Genome integrity,1046,Y,0.100053,100.0,3.082882,0.75716,0.104676,-1.43824,21.82120056059142,Low,False
GDSC2,343,15986431,753620,SIMA,SIDM00395,NB,1048,Mirin,MRE11,Genome integrity,1046,Y,0.100053,100.0,3.769369,0.804967,0.143677,-0.857521,43.35270064924902,Low,False
GDSC2,343,15986709,753621,TE-1,SIDM00369,ESCA,1048,Mirin,MRE11,Genome integrity,1046,Y,0.100053,100.0,5.340383,0.887919,0.097041,0.471445,208.59258595235016,Low,False
GDSC2,343,15986991,753622,TE-10,SIDM00349,ESCA,1048,Mirin,MRE11,Genome integrity,1046,Y,0.100053,100.0,3.445526,0.778609,0.079565,-1.131469,31.35977435048982,Low,False
GDSC2,343,15987174,753623,TE-8,SIDM00326,ESCA,1048,Mirin,MRE11,Genome integrity,1046,Y,0.100053,100.0,4.819682,0.857172,0.109635,0.030969,123.92567614821454,Low,False
GDSC2,343,15987443,753624,CAPAN-1,SIDM00934,PAAD,1048,Mirin,MRE11,Genome integrity,1046,Y,0.100053,100.0,5.316821,0.893447,0.140396,0.451513,203.7351772945501,Low,False
GDSC2,343,15987725,905933,OVCAR-3,SIDM00105,OV,1048,Mirin,MRE11,Genome integrity,1046,Y,0.100053,100.0,5.219752,0.910949,0.085597,0.3694,184.88832607965978,Low,False
GDSC2,343,15988006,905934,PC-3,SIDM00088,PRAD,1048,Mirin,MRE11,Genome integrity,1046,Y,0.100053,100.0,5.425494,0.879384,0.064349,0.543443,227.1235176243898,Low,False
GDSC2,343,15988287,905935,DU-145,SIDM00120,PRAD,1048,Mirin,MRE11,Genome integrity,1046,Y,0.100053,100.0,4.653893,0.855126,0.070324,-0.109276,104.992928471597,Low,False
GDSC2,343,15988568,905936,HCT-116,SIDM00783,COREAD,1048,Mirin,MRE11,Genome integrity,1046,Y,0.100053,100.0,3.914352,0.824443,0.124552,-0.734875,50.11658543932166,Low,False
GDSC2,343,15988851,905937,HCT-15,SIDM00789,COREAD,1048,Mirin,MRE11,Genome integrity,1046,Y,0.100053,100.0,4.338053,0.850785,0.138639,-0.376455,76.55833505670583,Low,False
GDSC2,343,15989135,905938,HL-60,SIDM00829,LAML,1048,Mirin,MRE11,Genome integrity,1046,Y,0.100053,100.0,4.73419,0.908334,0.101657,-0.041352,113.77126665947273,Low,False
GDSC2,343,15989420,905939,HT-29,SIDM00136,COREAD,1048,Mirin,MRE11,Genome integrity,1046,Y,0.100053,100.0,5.213245,0.888603,0.12621,0.363895,183.6891634486268,Low,False
GDSC2,343,15989713,905940,K-562,SIDM00791,LCML,1048,Mirin,MRE11,Genome integrity,1046,Y,0.100053,100.0,4.785877,0.896037,0.135072,0.002372,119.80638722563819,Low,False
GDSC2,343,15989995,905941,NCI-H226,SIDM00139,LUSC,1048,Mirin,MRE11,Genome integrity,1046,Y,0.100053,100.0,7.327757,0.918317,0.040417,2.152622,1521.9641749439118,Low,False
GDSC2,343,15990277,905942,NCI-H23,SIDM00138,LUAD,1048,Mirin,MRE11,Genome integrity,1046,Y,0.100053,100.0,5.146407,0.920648,0.042491,0.307355,171.81305565532963,Low,False
GDSC2,343,15990558,905943,NCI-H460,SIDM00144,UNCLASSIFIED,1048,Mirin,MRE11,Genome integrity,1046,Y,0.100053,100.0,4.594376,0.875237,0.083606,-0.159624,98.92638621888034,Low,False
GDSC2,343,15990735,905944,NCI-H522,SIDM00116,LUAD,1048,Mirin,MRE11,Genome integrity,1046,Y,0.100053,100.0,4.134766,0.835508,0.130964,-0.548421,62.474970216861614,Low,False
GDSC2,343,15991017,905945,T47D,SIDM00097,BRCA,1048,Mirin,MRE11,Genome integrity,1046,Y,0.100053,100.0,4.966381,0.889547,0.090826,0.155066,143.5065961004396,Low,False
GDSC2,343,15991302,905946,MCF7,SIDM00148,BRCA,1048,Mirin,MRE11,Genome integrity,1046,Y,0.100053,100.0,5.198676,0.878529,0.086131,0.351571,181.03239623975605,Low,False
GDSC2,343,15991587,905947,786-0,SIDM00125,KIRC,1048,Mirin,MRE11,Genome integrity,1046,Y,0.100053,100.0,5.213665,0.901471,0.107313,0.36425,183.7663291009279,Low,False
GDSC2,343,15991868,905948,A498,SIDM00124,KIRC,1048,Mirin,MRE11,Genome integrity,1046,Y,0.100053,100.0,5.135549,0.874543,0.169667,0.29817,169.9576009896174,Low,False
GDSC2,343,15992149,905949,A549,SIDM00903,LUAD,1048,Mirin,MRE11,Genome integrity,1046,Y,0.100053,100.0,4.44856,0.8388,0.167231,-0.282974,85.5037299382548,Low,False
GDSC2,343,15992432,905950,ACHN,SIDM00123,KIRC,1048,Mirin,MRE11,Genome integrity,1046,Y,0.100053,100.0,5.628638,0.894697,0.131689,0.715288,278.28283817676504,Low,False
GDSC2,343,15992714,905951,BT-549,SIDM00122,BRCA,1048,Mirin,MRE11,Genome integrity,1046,Y,0.100053,100.0,4.9226,0.855124,0.105853,0.11803,137.35928345117372,Low,False
GDSC2,343,15992998,905952,CCRF-CEM,SIDM00121,ALL,1048,Mirin,MRE11,Genome integrity,1046,Y,0.100053,100.0,3.130829,0.775155,0.029085,-1.39768,22.892949933622198,Low,False
GDSC2,343,15993281,905954,SK-MEL-28,SIDM00081,SKCM,1048,Mirin,MRE11,Genome integrity,1046,Y,0.100053,100.0,4.120827,0.814445,0.141207,-0.560212,61.61017281466099,Low,False
GDSC2,343,15993459,905955,SK-MEL-2,SIDM00082,SKCM,1048,Mirin,MRE11,Genome integrity,1046,Y,0.100053,100.0,4.995491,0.912984,0.123643,0.179691,147.7454706031405,Low,False
GDSC2,343,15993732,905956,SK-MEL-5,SIDM00080,SKCM,1048,Mirin,MRE11,Genome integrity,1046,Y,0.100053,100.0,4.890285,0.876715,0.162979,0.090694,132.99147121997748,Low,False
GDSC2,343,15993988,905957,Hs-578-T,SIDM00135,BRCA,1048,Mirin,MRE11,Genome integrity,1046,Y,0.100053,100.0,3.721363,0.781701,0.102922,-0.898131,41.32067582505739,Low,False
GDSC2,343,15994273,905958,MOLT-4,SIDM00145,ALL,1048,Mirin,MRE11,Genome integrity,1046,Y,0.100053,100.0,4.590135,0.918781,0.077069,-0.163212,98.50772780758908,Low,False
GDSC2,343,15994554,905959,SK-OV-3,SIDM00079,OV,1048,Mirin,MRE11,Genome integrity,1046,Y,0.100053,100.0,4.842111,0.828069,0.104217,0.049942,126.7366105240248,Low,False
GDSC2,343,15994836,905960,MDA-MB-231,SIDM00146,BRCA,1048,Mirin,MRE11,Genome integrity,1046,Y,0.100053,100.0,4.818763,0.886532,0.132251,0.030192,123.81184076720356,Low,False
GDSC2,343,15995122,905961,COLO-205,SIDM00826,COREAD,1048,Mirin,MRE11,Genome integrity,1046,Y,0.100053,100.0,5.830242,0.926605,0.080753,0.885831,340.441055839271,Low,False
GDSC2,343,15995408,905962,SW620,SIDM00841,COREAD,1048,Mirin,MRE11,Genome integrity,1046,Y,0.100053,100.0,4.44474,0.825072,0.156122,-0.286206,85.1777287485912,Low,False
GDSC2,343,15995701,905963,CAKI-1,SIDM00941,KIRC,1048,Mirin,MRE11,Genome integrity,1046,Y,0.100053,100.0,5.476391,0.870619,0.126797,0.586498,238.98266071737567,Low,False
GDSC2,343,15995880,905964,RPMI-8226,SIDM00087,MM,1048,Mirin,MRE11,Genome integrity,1046,Y,0.100053,100.0,4.271056,0.883829,0.152896,-0.433129,71.59720235864926,Low,False
GDSC2,343,15996160,905965,SR,SIDM00096,UNCLASSIFIED,1048,Mirin,MRE11,Genome integrity,1046,Y,0.100053,100.0,3.237861,0.785904,0.109292,-1.307139,25.47916348739476,Low,False
GDSC2,343,15996440,905967,NCI-H322M,SIDM00117,LUAD,1048,Mirin,MRE11,Genome integrity,1046,Y,0.100053,100.0,5.054691,0.868528,0.044779,0.22977,156.75608522944756,Low,False
GDSC2,343,15996721,905968,IGROV-1,SIDM00151,OV,1048,Mirin,MRE11,Genome integrity,1046,Y,0.100053,100.0,3.681647,0.76567,0.11223,-0.931728,39.71174548572611,Low,False
GDSC2,343,15997000,905969,OVCAR-5,SIDM00091,OV,1048,Mirin,MRE11,Genome integrity,1046,Y,0.100053,100.0,5.025497,0.829347,0.109358,0.205074,152.24590352678277,Low,False
GDSC2,343,15997283,905970,EKVX,SIDM00119,LUAD,1048,Mirin,MRE11,Genome integrity,1046,Y,0.100053,100.0,6.256041,0.897397,0.083161,1.246026,521.1516113017054,Low,False
GDSC2,343,15997543,905971,HCC2998,SIDM00118,COREAD,1048,Mirin,MRE11,Genome integrity,1046,Y,0.100053,100.0,4.177202,0.8543,0.142029,-0.512524,65.18321518647076,Low,False
GDSC2,343,15997825,905972,HOP-62,SIDM00133,LUAD,1048,Mirin,MRE11,Genome integrity,1046,Y,0.100053,100.0,5.400165,0.882687,0.093641,0.522016,221.44295127692146,Low,False
GDSC2,343,15998106,905973,HOP-92,SIDM00134,UNCLASSIFIED,1048,Mirin,MRE11,Genome integrity,1046,Y,0.100053,100.0,7.37093,0.962922,0.030829,2.189143,1589.1109692477974,Low,False
GDSC2,343,15998387,905974,LOXIMVI,SIDM00149,SKCM,1048,Mirin,MRE11,Genome integrity,1046,Y,0.100053,100.0,3.852069,0.812186,0.150039,-0.787563,47.09039253184627,Low,False
GDSC2,343,15998652,905975,M14,SIDM00003,SKCM,1048,Mirin,MRE11,Genome integrity,1046,Y,0.100053,100.0,4.581347,0.863353,0.188598,-0.170646,97.64583460128254,Low,False
GDSC2,343,15998910,905976,UACC-62,SIDM00107,SKCM,1048,Mirin,MRE11,Genome integrity,1046,Y,0.100053,100.0,4.506326,0.854587,0.145041,-0.234108,90.58838464240269,Low,False
GDSC2,343,15999192,905977,UACC-257,SIDM00108,SKCM,1048,Mirin,MRE11,Genome integrity,1046,Y,0.100053,100.0,4.872957,0.856867,0.132604,0.076036,130.70684616293332,Low,False
GDSC2,343,15999474,905978,RXF393,SIDM00086,KIRC,1048,Mirin,MRE11,Genome integrity,1046,Y,0.100053,100.0,5.24076,0.89638,0.115564,0.387171,188.81354618522604,Low,False
GDSC2,343,15999730,905979,SN12C,SIDM00094,KIRC,1048,Mirin,MRE11,Genome integrity,1046,Y,0.100053,100.0,6.802321,0.960711,0.057208,1.70814,899.9336154565228,Low,False
GDSC2,343,16000012,905980,TK10,SIDM00113,KIRC,1048,Mirin,MRE11,Genome integrity,1046,Y,0.100053,100.0,7.436823,0.900466,0.121606,2.244883,1697.3491678142664,Low,False
GDSC2,343,16000295,905981,U031,SIDM00112,KIRC,1048,Mirin,MRE11,Genome integrity,1046,Y,0.100053,100.0,4.23944,0.842459,0.088648,-0.459875,69.36899432284542,Low,False
GDSC2,343,16000475,905982,SNB75,SIDM00095,GBM,1048,Mirin,MRE11,Genome integrity,1046,Y,0.100053,100.0,4.890385,0.861481,0.094603,0.090779,133.00477103207896,Low,False
GDSC2,343,16000654,905983,U251,SIDM00111,GBM,1048,Mirin,MRE11,Genome integrity,1046,Y,0.100053,100.0,5.574228,0.914657,0.103034,0.669261,263.54601955502346,Low,False
GDSC2,343,16000934,905984,SF539,SIDM00083,LGG,1048,Mirin,MRE11,Genome integrity,1046,Y,0.100053,100.0,4.465591,0.878285,0.07725,-0.268567,86.97241505113331,Low,False
GDSC2,343,16001217,905985,SF295,SIDM00084,GBM,1048,Mirin,MRE11,Genome integrity,1046,Y,0.100053,100.0,5.884189,0.929597,0.0942,0.931466,359.31124837894265,Low,False
GDSC2,343,16001396,905986,SF268,SIDM00085,GBM,1048,Mirin,MRE11,Genome integrity,1046,Y,0.100053,100.0,6.326886,0.941458,0.049578,1.305956,559.4118701643969,Low,False
GDSC2,343,16001677,905989,KM12,SIDM00150,COREAD,1048,Mirin,MRE11,Genome integrity,1046,Y,0.100053,100.0,6.482634,0.953574,0.113294,1.437708,653.6905014035767,Low,False
GDSC2,343,16001959,905990,OVCAR-4,SIDM00092,OV,1048,Mirin,MRE11,Genome integrity,1046,Y,0.100053,100.0,7.114834,0.965557,0.072634,1.972504,1230.0794010719574,Low,False
GDSC2,343,16002240,905991,OVCAR-8,SIDM00090,OV,1048,Mirin,MRE11,Genome integrity,1046,Y,0.100053,100.0,4.774572,0.905562,0.118181,-0.007191,118.45960305911393,Low,False
GDSC2,343,16002521,906693,BxPC-3,SIDM00132,PAAD,1048,Mirin,MRE11,Genome integrity,1046,Y,0.100053,100.0,5.229529,0.888669,0.122327,0.37767,186.7048448256088,Low,False
GDSC2,343,16002804,906695,BONNA-12,SIDM00984,NAN,1048,Mirin,MRE11,Genome integrity,1046,Y,0.100053,100.0,3.361195,0.776359,0.112089,-1.202807,28.823614526376048,Low,False
GDSC2,343,16002982,906696,BHT-101,SIDM00987,THCA,1048,Mirin,MRE11,Genome integrity,1046,Y,0.100053,100.0,3.95798,0.817668,0.13426,-0.69797,52.3514691020922,Low,False
GDSC2,343,16003263,906746,Becker,SIDM00490,GBM,1048,Mirin,MRE11,Genome integrity,1046,Y,0.100053,100.0,5.431318,0.908048,0.099459,0.548369,228.45014437832552,Low,False
GDSC2,343,16003545,906763,BE-13,SIDM01245,ALL,1048,Mirin,MRE11,Genome integrity,1046,Y,0.100053,100.0,3.18357,0.754581,0.110669,-1.353065,24.13275388149462,Low,False
GDSC2,343,16003825,906765,ARH-77,SIDM00900,MM,1048,Mirin,MRE11,Genome integrity,1046,Y,0.100053,100.0,4.044593,0.852839,0.119772,-0.624702,57.08794651099277,Low,False
GDSC2,343,16004106,906790,AGS,SIDM00850,STAD,1048,Mirin,MRE11,Genome integrity,1046,Y,0.100053,100.0,3.701944,0.799907,0.128015,-0.914558,40.52601039722475,Low,False
GDSC2,343,16004388,906791,ABC-1,SIDM00494,LUAD,1048,Mirin,MRE11,Genome integrity,1046,Y,0.100053,100.0,5.142809,0.88577,0.139975,0.304311,171.195983060378,Low,False
GDSC2,343,16004643,906792,A2058,SIDM00797,SKCM,1048,Mirin,MRE11,Genome integrity,1046,Y,0.100053,100.0,4.289856,0.868954,0.153255,-0.417226,72.95596208464892,Low,False
GDSC2,343,16004928,906793,A375,SIDM00795,SKCM,1048,Mirin,MRE11,Genome integrity,1046,Y,0.100053,100.0,4.181177,0.83534,0.169365,-0.509161,65.44283411761758,Low,False
GDSC2,343,16005220,906794,A253,SIDM00796,UNCLASSIFIED,1048,Mirin,MRE11,Genome integrity,1046,Y,0.100053,100.0,5.113276,0.921233,0.084682,0.279328,166.21398092958472,Low,False
GDSC2,343,16005501,906795,8305C,SIDM00997,THCA,1048,Mirin,MRE11,Genome integrity,1046,Y,0.100053,100.0,5.031887,0.852734,0.201283,0.210479,153.22186974148138,Low,False
GDSC2,343,16005783,906797,647-V,SIDM00983,BLCA,1048,Mirin,MRE11,Genome integrity,1046,Y,0.100053,100.0,4.116442,0.844801,0.123786,-0.563922,61.34060366916474,Low,False
GDSC2,343,16006064,906798,639-V,SIDM00999,BLCA,1048,Mirin,MRE11,Genome integrity,1046,Y,0.100053,100.0,4.144814,0.844863,0.176031,-0.539921,63.10588311581226,Low,False
GDSC2,343,16006344,906800,697,SIDM01076,UNCLASSIFIED,1048,Mirin,MRE11,Genome integrity,1046,Y,0.100053,100.0,3.94282,0.864002,0.089198,-0.710794,51.56380639915608,Low,False
GDSC2,343,16006624,906801,BT-20,SIDM00893,BRCA,1048,Mirin,MRE11,Genome integrity,1046,Y,0.100053,100.0,4.757471,0.906195,0.14102,-0.021657,116.45104848205081,Low,False
GDSC2,343,16006907,906804,A2780,SIDM00210,UNCLASSIFIED,1048,Mirin,MRE11,Genome integrity,1046,Y,0.100053,100.0,3.46568,0.762272,0.094071,-1.11442,31.998211160409785,Low,False
GDSC2,343,16007189,906805,COR-L105,SIDM00513,LUAD,1048,Mirin,MRE11,Genome integrity,1046,Y,0.100053,100.0,6.192766,0.905791,0.122395,1.1925,489.1973564618144,Low,False
GDSC2,343,16007471,906807,CRO-AP2,SIDM00952,DLBC,1048,Mirin,MRE11,Genome integrity,1046,Y,0.100053,100.0,2.620858,0.702803,0.054019,-1.829079,13.747513893232822,Low,False
GDSC2,343,16007818,906812,COLO-824,SIDM00954,BRCA,1048,Mirin,MRE11,Genome integrity,1046,Y,0.100053,100.0,5.611229,0.924351,0.068693,0.700561,273.48013864192626,Low,False
GDSC2,343,16008104,906813,COLO-800,SIDM00515,SKCM,1048,Mirin,MRE11,Genome integrity,1046,Y,0.100053,100.0,5.815495,0.935809,0.072362,0.873356,335.4574088275309,Low,False
GDSC2,343,16008283,906814,COLO-792,SIDM00140,SKCM,1048,Mirin,MRE11,Genome integrity,1046,Y,0.100053,100.0,4.131474,0.831229,0.078763,-0.551206,62.269640772607026,Low,False
GDSC2,343,16008563,906817,COLO-680N,SIDM00956,ESCA,1048,Mirin,MRE11,Genome integrity,1046,Y,0.100053,100.0,5.698272,0.89234,0.047469,0.774193,298.3514040479239,Low,False
GDSC2,343,16008845,906818,COLO-679,SIDM00284,SKCM,1048,Mirin,MRE11,Genome integrity,1046,Y,0.100053,100.0,4.63269,0.847149,0.211319,-0.127213,102.79019817675872,Low,False
GDSC2,343,16009127,906820,CHP-212,SIDM00910,NB,1048,Mirin,MRE11,Genome integrity,1046,Y,0.100053,100.0,3.772909,0.800606,0.103373,-0.854526,43.506441169717384,Low,False
GDSC2,343,16009407,906821,CFPAC-1,SIDM00130,PAAD,1048,Mirin,MRE11,Genome integrity,1046,Y,0.100053,100.0,5.652284,0.892839,0.132756,0.735291,284.9415296221236,Low,False
GDSC2,343,16009688,906824,Ca-Ski,SIDM00923,CESC,1048,Mirin,MRE11,Genome integrity,1046,Y,0.100053,100.0,4.42828,0.850506,0.088205,-0.300129,83.78717895338555,Low,False
GDSC2,343,16009971,906825,Caov-3,SIDM00919,OV,1048,Mirin,MRE11,Genome integrity,1046,Y,0.100053,100.0,3.818197,0.794084,0.087917,-0.816216,45.52205801400245,Low,False
GDSC2,343,16010154,906826,CAL-120,SIDM00940,BRCA,1048,Mirin,MRE11,Genome integrity,1046,Y,0.100053,100.0,5.728682,0.85807,0.146201,0.799918,307.56363225461445,Low,False
GDSC2,343,16010439,906827,CAL-72,SIDM00930,UNCLASSIFIED,1048,Mirin,MRE11,Genome integrity,1046,Y,0.100053,100.0,5.17483,0.889487,0.115272,0.331399,176.76656140657167,Low,False
GDSC2,343,16010720,906828,CAL-62,SIDM00931,THCA,1048,Mirin,MRE11,Genome integrity,1046,Y,0.100053,100.0,4.475455,0.858218,0.154512,-0.260222,87.83455604215831,Low,False
GDSC2,343,16011006,906830,C32,SIDM00890,SKCM,1048,Mirin,MRE11,Genome integrity,1046,Y,0.100053,100.0,4.837739,0.877022,0.114377,0.046244,126.18372754567228,Low,False
GDSC2,343,16011298,906831,Daudi,SIDM00845,UNCLASSIFIED,1048,Mirin,MRE11,Genome integrity,1046,Y,0.100053,100.0,4.091832,0.867971,0.112139,-0.58474,59.84943549722388,Low,False
GDSC2,343,16011579,906832,DB,SIDM00886,DLBC,1048,Mirin,MRE11,Genome integrity,1046,Y,0.100053,100.0,4.06515,0.836208,0.123287,-0.607312,58.27364891434336,Low,False
GDSC2,343,16011860,906833,Daoy,SIDM00887,MB,1048,Mirin,MRE11,Genome integrity,1046,Y,0.100053,100.0,4.505564,0.877274,0.100131,-0.234753,90.51938258642731,Low,False
GDSC2,343,16012140,906834,D-283MED,SIDM00888,MB,1048,Mirin,MRE11,Genome integrity,1046,Y,0.100053,100.0,3.602564,0.80748,0.134772,-0.998626,36.69219271982738,Low,False
GDSC2,343,16012421,906835,DBTRG-05MG,SIDM00867,GBM,1048,Mirin,MRE11,Genome integrity,1046,Y,0.100053,100.0,7.562073,0.922823,0.098694,2.350836,1923.8294810786076,Low,False
GDSC2,343,16012701,906836,DEL,SIDM00949,UNCLASSIFIED,1048,Mirin,MRE11,Genome integrity,1046,Y,0.100053,100.0,3.006478,0.754717,0.100468,-1.502872,20.21607338247677,Low,False
GDSC2,343,16012980,906837,Detroit562,SIDM00831,HNSC,1048,Mirin,MRE11,Genome integrity,1046,Y,0.100053,100.0,3.740357,0.804335,0.132764,-0.882063,42.113021830478445,Low,False
GDSC2,343,16013261,906838,DG-75,SIDM00948,UNCLASSIFIED,1048,Mirin,MRE11,Genome integrity,1046,Y,0.100053,100.0,3.71837,0.809675,0.077117,-0.900662,41.19718793412598,Low,False
GDSC2,343,16013542,906839,DK-MG,SIDM00947,GBM,1048,Mirin,MRE11,Genome integrity,1046,Y,0.100053,100.0,6.068407,0.916376,0.084738,1.087301,431.9919699531767,Low,False
GDSC2,343,16013824,906841,DJM-1,SIDM00281,UNCLASSIFIED,1048,Mirin,MRE11,Genome integrity,1046,Y,0.100053,100.0,3.790432,0.809059,0.099562,-0.839703,44.27552317115055,Low,False
GDSC2,343,16014004,906842,DOHH-2,SIDM00981,DLBC,1048,Mirin,MRE11,Genome integrity,1046,Y,0.100053,100.0,3.22973,0.800094,0.086537,-1.314017,25.272832384941307,Low,False
GDSC2,343,16014259,906843,DoTc2-4510,SIDM00864,CESC,1048,Mirin,MRE11,Genome integrity,1046,Y,0.100053,100.0,4.52522,0.848846,0.15737,-0.218125,92.31623316606537,Low,False
GDSC2,343,16014540,906844,DU-4475,SIDM01001,BRCA,1048,Mirin,MRE11,Genome integrity,1046,Y,0.100053,100.0,3.896487,0.858569,0.109169,-0.749988,49.22920278715248,Low,False
GDSC2,343,16014823,906846,EB2,SIDM00863,UNCLASSIFIED,1048,Mirin,MRE11,Genome integrity,1046,Y,0.100053,100.0,4.164115,0.83479,0.144204,-0.523594,64.33572012904192,Low,False
GDSC2,343,16015104,906847,EB-3,SIDM00793,UNCLASSIFIED,1048,Mirin,MRE11,Genome integrity,1046,Y,0.100053,100.0,3.247395,0.746194,0.109201,-1.299074,25.723243512718756,Low,False
GDSC2,343,16015386,906848,ECC10,SIDM00280,UNCLASSIFIED,1048,Mirin,MRE11,Genome integrity,1046,Y,0.100053,100.0,2.973607,0.735899,0.092745,-1.530679,19.562353901919526,Low,False
GDSC2,343,16015668,906849,ECC12,SIDM00279,UNCLASSIFIED,1048,Mirin,MRE11,Genome integrity,1046,Y,0.100053,100.0,4.983128,0.917731,0.125483,0.169232,145.9301379506632,Low,False
GDSC2,343,16015869,906851,EFM-19,SIDM01056,BRCA,1048,Mirin,MRE11,Genome integrity,1046,Y,0.100053,100.0,4.791688,0.863535,0.101118,0.007288,120.50460885998658,Low,False
GDSC2,343,16016156,906852,EFO-27,SIDM01051,UNCLASSIFIED,1048,Mirin,MRE11,Genome integrity,1046,Y,0.100053,100.0,5.807927,0.906962,0.115162,0.866953,332.9282495675396,Low,False
GDSC2,343,16016412,906855,EM-2,SIDM01047,LCML,1048,Mirin,MRE11,Genome integrity,1046,Y,0.100053,100.0,3.377004,0.788095,0.183906,-1.189434,29.28290796774778,Low,False
GDSC2,343,16016692,906856,EoL-1-cell,SIDM00277,UNCLASSIFIED,1048,Mirin,MRE11,Genome integrity,1046,Y,0.100053,100.0,2.577581,0.701,0.096528,-1.865689,13.16525286326436,Low,False
GDSC2,343,16016974,906861,ETK-1,SIDM00276,UNCLASSIFIED,1048,Mirin,MRE11,Genome integrity,1046,Y,0.100053,100.0,6.405265,0.950625,0.071894,1.372259,605.0221082952787,Low,False
GDSC2,343,16017255,906862,EVSA-T,SIDM01042,BRCA,1048,Mirin,MRE11,Genome integrity,1046,Y,0.100053,100.0,4.573616,0.8981,0.128215,-0.177185,96.89384521438248,Low,False
GDSC2,343,16017539,906863,FADU,SIDM00860,HNSC,1048,Mirin,MRE11,Genome integrity,1046,Y,0.100053,100.0,3.625445,0.792301,0.073611,-0.97927,37.54142537737486,Low,False
GDSC2,343,16017820,906864,FTC-133,SIDM00213,THCA,1048,Mirin,MRE11,Genome integrity,1046,Y,0.100053,100.0,5.399267,0.911035,0.022515,0.521256,221.24418476619522,Low,False
GDSC2,343,16018088,906865,G-361,SIDM00857,SKCM,1048,Mirin,MRE11,Genome integrity,1046,Y,0.100053,100.0,4.890228,0.888329,0.117783,0.090646,132.98389092215837,Low,False
GDSC2,343,16018369,906868,GAMG,SIDM01055,LGG,1048,Mirin,MRE11,Genome integrity,1046,Y,0.100053,100.0,5.028704,0.887369,0.110026,0.207786,152.7349398900631,Low,False
GDSC2,343,16018651,906869,GCIY,SIDM00274,STAD,1048,Mirin,MRE11,Genome integrity,1046,Y,0.100053,100.0,5.523605,0.883325,0.158512,0.626438,250.53659558137423,Low,False
GDSC2,343,16018933,906870,GDM-1,SIDM01057,LAML,1048,Mirin,MRE11,Genome integrity,1046,Y,0.100053,100.0,3.073283,0.737494,0.118984,-1.44636,21.61274095890237,Low,False
GDSC2,343,16019214,906871,GI-1,SIDM00273,LGG,1048,Mirin,MRE11,Genome integrity,1046,Y,0.100053,100.0,5.136364,0.926162,0.085909,0.298859,170.0961728948051,Low,False
GDSC2,343,16019485,906872,GI-ME-N,SIDM00227,NB,1048,Mirin,MRE11,Genome integrity,1046,Y,0.100053,100.0,5.688451,0.896525,0.065294,0.765885,295.4356362226174,Low,False
GDSC2,343,16019766,906875,GOTO,SIDM00544,NB,1048,Mirin,MRE11,Genome integrity,1046,Y,0.100053,100.0,4.475244,0.860078,0.071525,-0.260401,87.81602490593703,Low,False
GDSC2,343,16020047,906877,GR-ST,SIDM01259,ALL,1048,Mirin,MRE11,Genome integrity,1046,Y,0.100053,100.0,4.563635,0.852698,0.096813,-0.185628,95.93155802810392,Low,False
GDSC2,343,16020329,906999,GCT,SIDM00853,UNCLASSIFIED,1048,Mirin,MRE11,Genome integrity,1046,Y,0.100053,100.0,5.219322,0.891854,0.090108,0.369036,184.8088411899216,Low,False
GDSC2,343,16020610,907000,ESS-1,SIDM01043,UNCLASSIFIED,1048,Mirin,MRE11,Genome integrity,1046,Y,0.100053,100.0,3.768405,0.821283,0.116516,-0.858337,43.310928783097495,Low,False
GDSC2,343,16020892,907042,H4,SIDM00852,LGG,1048,Mirin,MRE11,Genome integrity,1046,Y,0.100053,100.0,3.880528,0.826257,0.122651,-0.763488,48.44978980803918,Low,False
GDSC2,343,16021172,907043,H9,SIDM01251,UNCLASSIFIED,1048,Mirin,MRE11,Genome integrity,1046,Y,0.100053,100.0,3.355745,0.801369,0.08491,-1.207418,28.666953117316428,Low,False
GDSC2,343,16021448,907044,HC-1,SIDM01073,UNCLASSIFIED,1048,Mirin,MRE11,Genome integrity,1046,Y,0.100053,100.0,4.661047,0.899785,0.126683,-0.103225,105.74674105450175,Low,False
GDSC2,343,16021725,907045,HCC1419,SIDM00882,BRCA,1048,Mirin,MRE11,Genome integrity,1046,Y,0.100053,100.0,5.603897,0.940132,0.071662,0.694359,271.4823152359551,Low,False
GDSC2,343,16022011,907046,HCC1569,SIDM00878,BRCA,1048,Mirin,MRE11,Genome integrity,1046,Y,0.100053,100.0,5.108963,0.89929,0.097735,0.27568,165.49864376332414,Low,False
GDSC2,343,16022268,907047,HCC1806,SIDM00875,UNCLASSIFIED,1048,Mirin,MRE11,Genome integrity,1046,Y,0.100053,100.0,3.710623,0.816303,0.135289,-0.907216,40.87926637837681,Low,False
GDSC2,343,16022552,907048,HCC70,SIDM00673,BRCA,1048,Mirin,MRE11,Genome integrity,1046,Y,0.100053,100.0,4.475097,0.872611,0.173944,-0.260525,87.80311689903759,Low,False
GDSC2,343,16022838,907051,HEC-1,SIDM00596,UCEC,1048,Mirin,MRE11,Genome integrity,1046,Y,0.100053,100.0,6.044962,0.936092,0.078539,1.067468,421.9817218726556,Low,False
GDSC2,343,16023120,907053,HEL,SIDM00594,LAML,1048,Mirin,MRE11,Genome integrity,1046,Y,0.100053,100.0,3.668574,0.839089,0.116483,-0.942786,39.195972532488696,Low,False
GDSC2,343,16023376,907055,HGC-27,SIDM00290,STAD,1048,Mirin,MRE11,Genome integrity,1046,Y,0.100053,100.0,4.702517,0.899604,0.128436,-0.068144,110.22425805112711,Low,False
GDSC2,343,16023655,907056,HH,SIDM00671,UNCLASSIFIED,1048,Mirin,MRE11,Genome integrity,1046,Y,0.100053,100.0,5.036396,0.893511,0.131818,0.214293,153.9143070789568,Low,False
GDSC2,343,16023937,907057,HLE,SIDM00064,LIHC,1048,Mirin,MRE11,Genome integrity,1046,Y,0.100053,100.0,3.950683,0.817739,0.128026,-0.704143,51.970850806776646,Low,False
GDSC2,343,16024219,907058,HMV-II,SIDM00291,SKCM,1048,Mirin,MRE11,Genome integrity,1046,Y,0.100053,100.0,4.181823,0.809175,0.092705,-0.508614,65.48512384656932,Low,False
GDSC2,343,16024501,907060,HOS,SIDM00806,UNCLASSIFIED,1048,Mirin,MRE11,Genome integrity,1046,Y,0.100053,100.0,4.27077,0.8649,0.132426,-0.433372,71.57672848667792,Low,False
GDSC2,343,16024783,907061,HSC-3,SIDM00589,HNSC,1048,Mirin,MRE11,Genome integrity,1046,Y,0.100053,100.0,4.243283,0.849277,0.177853,-0.456624,69.63609226800683,Low,False
GDSC2,343,16025063,907062,HSC-4,SIDM00588,HNSC,1048,Mirin,MRE11,Genome integrity,1046,Y,0.100053,100.0,4.844964,0.890294,0.106627,0.052356,127.09870635794708,Low,False
GDSC2,343,16025344,907063,HT,SIDM00661,DLBC,1048,Mirin,MRE11,Genome integrity,1046,Y,0.100053,100.0,4.519401,0.843826,0.079312,-0.223047,91.78060492703099,Low,False
GDSC2,343,16025521,907064,HT-1080,SIDM00828,UNCLASSIFIED,1048,Mirin,MRE11,Genome integrity,1046,Y,0.100053,100.0,5.500427,0.89998,0.118091,0.606831,244.7964380296903,Low,False
GDSC2,343,16026270,907067,HT-144,SIDM00695,SKCM,1048,Mirin,MRE11,Genome integrity,1046,Y,0.100053,100.0,4.534687,0.868525,0.162899,-0.210116,93.19434091016444,Low,False
GDSC2,343,16026550,907068,HT-3,SIDM00679,CESC,1048,Mirin,MRE11,Genome integrity,1046,Y,0.100053,100.0,5.114732,0.913648,0.042108,0.28056,166.45616475285703,Low,False
GDSC2,343,16026831,907069,HuCCT1,SIDM00587,UNCLASSIFIED,1048,Mirin,MRE11,Genome integrity,1046,Y,0.100053,100.0,4.891278,0.854375,0.148798,0.091534,133.12359734066084,Low,False
GDSC2,343,16027113,907071,HuH-7,SIDM00585,LIHC,1048,Mirin,MRE11,Genome integrity,1046,Y,0.100053,100.0,5.717397,0.916669,0.044453,0.790372,304.1122875050413,Low,False
GDSC2,343,16027394,907072,HuO9,SIDM00599,UNCLASSIFIED,1048,Mirin,MRE11,Genome integrity,1046,Y,0.100053,100.0,3.903591,0.825748,0.056505,-0.743979,49.58017221112182,Low,False
GDSC2,343,16027676,907073,HuTu-80,SIDM00694,UNCLASSIFIED,1048,Mirin,MRE11,Genome integrity,1046,Y,0.100053,100.0,3.456725,0.791755,0.108893,-1.121995,31.712946358944507,Low,False
GDSC2,343,16027932,907169,IGR-1,SIDM01060,SKCM,1048,Mirin,MRE11,Genome integrity,1046,Y,0.100053,100.0,4.82266,0.897494,0.114526,0.033488,124.29527687411493,Low,False
GDSC2,343,16028211,907170,IMR-5,SIDM01206,NB,1048,Mirin,MRE11,Genome integrity,1046,Y,0.100053,100.0,4.069426,0.872499,0.192274,-0.603694,58.523360540076084,Low,False
GDSC2,343,16028493,907171,IPC-298,SIDM01059,SKCM,1048,Mirin,MRE11,Genome integrity,1046,Y,0.100053,100.0,4.761294,0.880193,0.130909,-0.018423,116.89709291106678,Low,False
GDSC2,343,16028842,907173,IST-MES1,SIDM00224,MESO,1048,Mirin,MRE11,Genome integrity,1046,Y,0.100053,100.0,6.087409,0.923772,0.058171,1.103376,440.2791686838174,Low,False
GDSC2,343,16029125,907175,JAR,SIDM01039,UNCLASSIFIED,1048,Mirin,MRE11,Genome integrity,1046,Y,0.100053,100.0,3.504892,0.79672,0.102171,-1.081249,33.27784965055808,Low,False
GDSC2,343,16029304,907176,JEG-3,SIDM01218,UNCLASSIFIED,1048,Mirin,MRE11,Genome integrity,1046,Y,0.100053,100.0,5.90268,0.955419,0.047434,0.947108,366.01708037363835,Low,False
GDSC2,343,16029481,907268,JiyoyeP-2003,SIDM00808,UNCLASSIFIED,1048,Mirin,MRE11,Genome integrity,1046,Y,0.100053,100.0,3.25992,0.769926,0.112747,-1.288479,26.04745326290324,Low,False
GDSC2,343,16029750,907269,JVM-2,SIDM01013,CLL,1048,Mirin,MRE11,Genome integrity,1046,Y,0.100053,100.0,3.455936,0.767701,0.117339,-1.122663,31.687934712659278,Low,False
GDSC2,343,16030025,907270,JVM-3,SIDM01012,CLL,1048,Mirin,MRE11,Genome integrity,1046,Y,0.100053,100.0,2.767828,0.708109,0.213084,-1.704753,15.924009472584181,Low,False
GDSC2,343,16030304,907271,KALS-1,SIDM00613,LGG,1048,Mirin,MRE11,Genome integrity,1046,Y,0.100053,100.0,4.141723,0.810154,0.068059,-0.542536,62.91112398640103,Low,False
GDSC2,343,16030586,907272,KARPAS-45,SIDM01007,ALL,1048,Mirin,MRE11,Genome integrity,1046,Y,0.100053,100.0,4.40985,0.903065,0.166884,-0.31572,82.2571240101612,Low,False
GDSC2,343,16031112,907274,KARPAS-422,SIDM01008,DLBC,1048,Mirin,MRE11,Genome integrity,1046,Y,0.100053,100.0,4.271855,0.851305,0.104312,-0.432454,71.65443138328462,Low,False
GDSC2,343,16031395,907275,KASUMI-1,SIDM01005,LAML,1048,Mirin,MRE11,Genome integrity,1046,Y,0.100053,100.0,3.510603,0.81307,0.127661,-1.076418,33.46844317168671,Low,False
GDSC2,343,16031651,907276,KATOIII,SIDM00687,STAD,1048,Mirin,MRE11,Genome integrity,1046,Y,0.100053,100.0,5.732625,0.877262,0.10155,0.803253,308.7787496863001,Low,False
GDSC2,343,16031932,907277,KE-37,SIDM01003,ALL,1048,Mirin,MRE11,Genome integrity,1046,Y,0.100053,100.0,4.010291,0.875589,0.129792,-0.653719,55.16292063797034,Low,False
GDSC2,343,16032213,907278,KG-1,SIDM00785,LAML,1048,Mirin,MRE11,Genome integrity,1046,Y,0.100053,100.0,4.434811,0.887434,0.1404,-0.294604,84.33618384316296,Low,False
GDSC2,343,16032494,907279,KINGS-1,SIDM00612,LGG,1048,Mirin,MRE11,Genome integrity,1046,Y,0.100053,100.0,6.227782,0.893582,0.069463,1.222121,506.6305298681596,Low,False
GDSC2,343,16032776,907280,KMOE-2,SIDM01019,LAML,1048,Mirin,MRE11,Genome integrity,1046,Y,0.100053,100.0,4.752868,0.913011,0.121375,-0.025551,115.9162560748605,Low,False
GDSC2,343,16033055,907281,KMS-12-BM,SIDM01020,MM,1048,Mirin,MRE11,Genome integrity,1046,Y,0.100053,100.0,3.137982,0.771636,0.128464,-1.391629,23.057290266988588,Low,False
GDSC2,343,16033337,907282,KNS-42,SIDM00607,LGG,1048,Mirin,MRE11,Genome integrity,1046,Y,0.100053,100.0,5.776677,0.909157,0.067026,0.840518,322.6851241768939,Low,False
GDSC2,343,16033516,907285,HuP-T3,SIDM00533,PAAD,1048,Mirin,MRE11,Genome integrity,1046,Y,0.100053,100.0,5.375358,0.864835,0.126297,0.501031,216.01719262441173,Low,False
GDSC2,343,16033797,907286,HuP-T4,SIDM00531,PAAD,1048,Mirin,MRE11,Genome integrity,1046,Y,0.100053,100.0,5.760773,0.929113,0.08137,0.827065,317.59373401295363,Low,False
GDSC2,343,16034078,907287,HT55,SIDM00541,COREAD,1048,Mirin,MRE11,Genome integrity,1046,Y,0.100053,100.0,4.8321,0.862767,0.099758,0.041474,125.47417995567302,Low,False
GDSC2,343,16034361,907289,HT-115,SIDM00534,COREAD,1048,Mirin,MRE11,Genome integrity,1046,Y,0.100053,100.0,3.843105,0.818656,0.159087,-0.795146,46.670160546862476,Low,False
GDSC2,343,16034618,907290,H-EMC-SS,SIDM00535,UNCLASSIFIED,1048,Mirin,MRE11,Genome integrity,1046,Y,0.100053,100.0,5.138098,0.850935,0.063397,0.300326,170.39137552531847,Low,False
GDSC2,343,16034900,907291,GP5d,SIDM00537,COREAD,1048,Mirin,MRE11,Genome integrity,1046,Y,0.100053,100.0,3.498555,0.785678,0.135719,-1.08661,33.06763468691117,Low,False
GDSC2,343,16035181,907295,DMS-53,SIDM00523,SCLC,1048,Mirin,MRE11,Genome integrity,1046,Y,0.100053,100.0,5.532116,0.921701,0.084933,0.633637,252.6780124192306,Low,False
GDSC2,343,16035462,907298,G-402,SIDM00855,UNCLASSIFIED,1048,Mirin,MRE11,Genome integrity,1046,Y,0.100053,100.0,3.804401,0.788949,0.137968,-0.827887,44.89834794619907,Low,False
GDSC2,343,16035742,907299,G-401,SIDM00856,UNCLASSIFIED,1048,Mirin,MRE11,Genome integrity,1046,Y,0.100053,100.0,4.518589,0.840164,0.103625,-0.223734,91.70610932513782,Low,False
GDSC2,343,16036022,907300,KY821,SIDM00553,LAML,1048,Mirin,MRE11,Genome integrity,1046,Y,0.100053,100.0,3.599695,0.814473,0.103998,-1.001053,36.587073684275,Low,False
GDSC2,343,16036302,907311,KU812,SIDM00308,LCML,1048,Mirin,MRE11,Genome integrity,1046,Y,0.100053,100.0,4.648631,0.8913,0.112768,-0.113728,104.44190669170226,Low,False
GDSC2,343,16036584,907312,KU-19-19,SIDM01033,BLCA,1048,Mirin,MRE11,Genome integrity,1046,Y,0.100053,100.0,3.521756,0.786022,0.140647,-1.066984,33.84380603848486,Low,False
GDSC2,343,16036864,907313,KS-1,SIDM00555,GBM,1048,Mirin,MRE11,Genome integrity,1046,Y,0.100053,100.0,4.212334,0.820599,0.096528,-0.482804,67.51393358111322,Low,False
GDSC2,343,16037145,907314,KP-N-YN,SIDM00556,NB,1048,Mirin,MRE11,Genome integrity,1046,Y,0.100053,100.0,4.730229,0.847134,0.097643,-0.044702,113.32151000333073,Low,False
GDSC2,343,16037569,907318,KYSE-180,SIDM01030,ESCA,1048,Mirin,MRE11,Genome integrity,1046,Y,0.100053,100.0,4.496934,0.887369,0.134513,-0.242053,89.74156144042118,Low,False
GDSC2,343,16037850,907319,KYSE-270,SIDM01029,ESCA,1048,Mirin,MRE11,Genome integrity,1046,Y,0.100053,100.0,4.822258,0.888558,0.097575,0.033148,124.2453202147728,Low,False
GDSC2,343,16038131,907320,KYSE-450,SIDM01027,ESCA,1048,Mirin,MRE11,Genome integrity,1046,Y,0.100053,100.0,4.178198,0.822285,0.121135,-0.511681,65.24817001092937,Low,False
GDSC2,343,16038414,907321,KYSE-510,SIDM01026,ESCA,1048,Mirin,MRE11,Genome integrity,1046,Y,0.100053,100.0,4.524964,0.889249,0.109611,-0.218341,92.29260323513505,Low,False
GDSC2,343,16038648,907322,L-428,SIDM00327,UNCLASSIFIED,1048,Mirin,MRE11,Genome integrity,1046,Y,0.100053,100.0,4.523313,0.900059,0.130476,-0.219738,92.14035386363348,Low,False
GDSC2,343,16038928,907323,L-540,SIDM00329,UNCLASSIFIED,1048,Mirin,MRE11,Genome integrity,1046,Y,0.100053,100.0,3.764481,0.831351,0.089244,-0.861656,43.14130970882266,Low,False
GDSC2,343,16039210,907783,LAMA-84,SIDM00346,LCML,1048,Mirin,MRE11,Genome integrity,1046,Y,0.100053,100.0,4.51912,0.90944,0.217762,-0.223285,91.75481820025126,Low,False
GDSC2,343,16039493,907786,LC-2-ad,SIDM00297,LUAD,1048,Mirin,MRE11,Genome integrity,1046,Y,0.100053,100.0,4.010391,0.836555,0.098114,-0.653634,55.16843720585797,Low,False
GDSC2,343,16039671,907787,LC4-1,SIDM00549,ALL,1048,Mirin,MRE11,Genome integrity,1046,Y,0.100053,100.0,4.488021,0.901218,0.130607,-0.249593,88.94524894163936,Low,False
GDSC2,343,16039952,907788,LNCaP-Clone-FGC,SIDM00683,PRAD,1048,Mirin,MRE11,Genome integrity,1046,Y,0.100053,100.0,5.924671,0.929984,0.085408,0.965711,374.1553180089532,Low,False
GDSC2,343,16040233,907789,LOUCY,SIDM00342,ALL,1048,Mirin,MRE11,Genome integrity,1046,Y,0.100053,100.0,3.323769,0.779144,0.140138,-1.234467,27.764799129459632,Low,False
GDSC2,343,16040515,907790,LoVo,SIDM00839,COREAD,1048,Mirin,MRE11,Genome integrity,1046,Y,0.100053,100.0,3.203347,0.719947,0.129572,-1.336335,24.614778140831646,Low,False
GDSC2,343,16040799,907791,LP-1,SIDM00340,MM,1048,Mirin,MRE11,Genome integrity,1046,Y,0.100053,100.0,5.201145,0.914431,0.120394,0.353659,181.47991746368373,Low,False
GDSC2,343,16041055,907792,LS-123,SIDM00776,COREAD,1048,Mirin,MRE11,Genome integrity,1046,Y,0.100053,100.0,6.77738,0.907426,0.122001,1.687042,877.7659619862761,Low,False
GDSC2,343,16041338,907794,LS-411N,SIDM00660,COREAD,1048,Mirin,MRE11,Genome integrity,1046,Y,0.100053,100.0,4.378637,0.827707,0.170128,-0.342124,79.72928829218313,Low,False
GDSC2,343,16041614,907795,LS-513,SIDM00677,COREAD,1048,Mirin,MRE11,Genome integrity,1046,Y,0.100053,100.0,4.09025,0.819091,0.095124,-0.586079,59.75482854409845,Low,False
GDSC2,343,16041844,907796,LU-99A,SIDM01219,UNCLASSIFIED,1048,Mirin,MRE11,Genome integrity,1046,Y,0.100053,100.0,5.772646,0.874886,0.096858,0.837109,321.38699857126045,Low,False
GDSC2,343,16042125,907799,MC116,SIDM00637,DLBC,1048,Mirin,MRE11,Genome integrity,1046,Y,0.100053,100.0,3.062536,0.769911,0.070951,-1.455451,21.381712486917692,Low,False
GDSC2,343,16042300,908118,MC-IXC,SIDM01246,NB,1048,Mirin,MRE11,Genome integrity,1046,Y,0.100053,100.0,3.134157,0.756057,0.108222,-1.394865,22.96926458815067,Low,False
GDSC2,343,16042654,908121,MDA-MB-361,SIDM00528,BRCA,1048,Mirin,MRE11,Genome integrity,1046,Y,0.100053,100.0,4.60018,0.880304,0.100561,-0.154714,99.50222443049196,Low,False
GDSC2,343,16042939,908122,MDA-MB-453,SIDM00272,BRCA,1048,Mirin,MRE11,Genome integrity,1046,Y,0.100053,100.0,3.948518,0.813334,0.118176,-0.705974,51.85845562646444,Low,False
GDSC2,343,16043225,908123,MDA-MB-468,SIDM00628,BRCA,1048,Mirin,MRE11,Genome integrity,1046,Y,0.100053,100.0,3.00641,0.718856,0.157989,-1.50293,20.214698736225262,Low,False
GDSC2,343,16043511,908124,MEL-HO,SIDM00337,SKCM,1048,Mirin,MRE11,Genome integrity,1046,Y,0.100053,100.0,4.915769,0.889662,0.069761,0.112252,136.42417966907843,Low,False
GDSC2,343,16043690,908125,MEL-JUSO,SIDM00336,SKCM,1048,Mirin,MRE11,Genome integrity,1046,Y,0.100053,100.0,5.56336,0.925026,0.09158,0.660067,260.69730934496897,Low,False
GDSC2,343,16043971,908126,MEG-01,SIDM00526,LCML,1048,Mirin,MRE11,Genome integrity,1046,Y,0.100053,100.0,5.218883,0.923741,0.106352,0.368664,184.7277279143059,Low,False
GDSC2,343,16044253,908127,MES-SA,SIDM00625,UNCLASSIFIED,1048,Mirin,MRE11,Genome integrity,1046,Y,0.100053,100.0,4.785509,0.886969,0.150704,0.002061,119.76230658647424,Low,False
GDSC2,343,16044702,908129,MFE-280,SIDM00335,UCEC,1048,Mirin,MRE11,Genome integrity,1046,Y,0.100053,100.0,4.602258,0.839508,0.084548,-0.152956,99.70920503122272,Low,False
GDSC2,343,16044984,908130,MFE-296,SIDM00334,UCEC,1048,Mirin,MRE11,Genome integrity,1046,Y,0.100053,100.0,4.795958,0.89144,0.140268,0.0109,121.02026367936811,Low,False
GDSC2,343,16045265,908131,MG-63,SIDM00525,UNCLASSIFIED,1048,Mirin,MRE11,Genome integrity,1046,Y,0.100053,100.0,5.06928,0.889115,0.143172,0.242111,159.05976307569543,Low,False
GDSC2,343,16045537,908132,MHH-CALL-2,SIDM00331,UNCLASSIFIED,1048,Mirin,MRE11,Genome integrity,1046,Y,0.100053,100.0,3.294988,0.780185,0.114653,-1.258814,26.977090342873343,Low,False
GDSC2,343,16045800,908133,MHH-CALL-4,SIDM00376,NAN,1048,Mirin,MRE11,Genome integrity,1046,Y,0.100053,100.0,3.036046,0.738322,0.082847,-1.47786,20.822747105668544,Low,False
GDSC2,343,16045981,908134,MHH-ES-1,SIDM00386,UNCLASSIFIED,1048,Mirin,MRE11,Genome integrity,1046,Y,0.100053,100.0,4.403645,0.860564,0.146672,-0.320969,81.74829881840127,Low,False
GDSC2,343,16046275,908135,MHH-NB-11,SIDM00387,NB,1048,Mirin,MRE11,Genome integrity,1046,Y,0.100053,100.0,3.396498,0.78671,0.12307,-1.172943,29.859349294654358,Low,False
GDSC2,343,16046454,908136,MHH-PREB-1,SIDM00388,UNCLASSIFIED,1048,Mirin,MRE11,Genome integrity,1046,Y,0.100053,100.0,3.695829,0.827136,0.044171,-0.91973,40.2789500006731,Low,False
GDSC2,343,16046733,908138,MKN1,SIDM00271,UNCLASSIFIED,1048,Mirin,MRE11,Genome integrity,1046,Y,0.100053,100.0,4.793022,0.849155,0.130506,0.008417,120.66546927824977,Low,False
GDSC2,343,16047005,908139,MKN28,SIDM00260,STAD,1048,Mirin,MRE11,Genome integrity,1046,Y,0.100053,100.0,5.057564,0.872073,0.108939,0.2322,157.2070930247868,Low,False
GDSC2,343,16047287,908141,ML-2,SIDM00441,LAML,1048,Mirin,MRE11,Genome integrity,1046,Y,0.100053,100.0,3.838338,0.842969,0.117069,-0.799178,46.44821332304279,Low,False
GDSC2,343,16047568,908142,MLMA,SIDM00561,UNCLASSIFIED,1048,Mirin,MRE11,Genome integrity,1046,Y,0.100053,100.0,3.635339,0.807751,0.11727,-0.970901,37.914703803379815,Low,False
GDSC2,343,16047849,908143,MN-60,SIDM00438,UNCLASSIFIED,1048,Mirin,MRE11,Genome integrity,1046,Y,0.100053,100.0,4.763881,0.877847,0.169987,-0.016235,117.19989719889573,Low,False
GDSC2,343,16048470,908146,MOLT-13,SIDM00433,ALL,1048,Mirin,MRE11,Genome integrity,1046,Y,0.100053,100.0,4.429259,0.898411,0.185339,-0.299301,83.86924676722103,Low,False
GDSC2,343,16048750,908147,MOLT-16,SIDM00431,ALL,1048,Mirin,MRE11,Genome integrity,1046,Y,0.100053,100.0,3.107306,0.778144,0.100697,-1.417579,22.360723396006435,Low,False
GDSC2,343,16049201,908149,Mo-T,SIDM00623,UNCLASSIFIED,1048,Mirin,MRE11,Genome integrity,1046,Y,0.100053,100.0,5.217652,0.902803,0.125409,0.367623,184.5004679884262,Low,False
GDSC2,343,16049483,908150,MPP-89,SIDM00222,MESO,1048,Mirin,MRE11,Genome integrity,1046,Y,0.100053,100.0,4.720848,0.866716,0.05726,-0.052638,112.26341168779356,Low,False
GDSC2,343,16049764,908151,MRK-nu-1,SIDM00562,BRCA,1048,Mirin,MRE11,Genome integrity,1046,Y,0.100053,100.0,4.109531,0.866954,0.186827,-0.569768,60.918140260984735,Low,False
GDSC2,343,16050049,908152,MSTO-211H,SIDM00640,MESO,1048,Mirin,MRE11,Genome integrity,1046,Y,0.100053,100.0,4.826507,0.879729,0.147156,0.036742,124.77436173312843,Low,False
GDSC2,343,16050330,908156,MV-4-11,SIDM00657,UNCLASSIFIED,1048,Mirin,MRE11,Genome integrity,1046,Y,0.100053,100.0,1.752339,0.585512,0.03188,-2.563784,5.768078445433516,Low,False
GDSC2,343,16050519,908158,NALM-6,SIDM00429,UNCLASSIFIED,1048,Mirin,MRE11,Genome integrity,1046,Y,0.100053,100.0,3.660392,0.818144,0.116153,-0.949708,38.8765795039229,Low,False
GDSC2,343,16050800,908159,NAMALWA,SIDM00641,UNCLASSIFIED,1048,Mirin,MRE11,Genome integrity,1046,Y,0.100053,100.0,2.98973,0.747522,0.129967,-1.51704,19.880314082059904,Low,False
GDSC2,343,16051082,908440,NB69,SIDM00244,NB,1048,Mirin,MRE11,Genome integrity,1046,Y,0.100053,100.0,3.89125,0.806775,0.137594,-0.754418,48.972063359443126,Low,False
GDSC2,343,16051535,908442,NCI-H508,SIDM00777,COREAD,1048,Mirin,MRE11,Genome integrity,1046,Y,0.100053,100.0,5.638807,0.916595,0.101243,0.72389,281.1271336682782,Low,False
GDSC2,343,16051715,908443,NCI-H520,SIDM01130,LUSC,1048,Mirin,MRE11,Genome integrity,1046,Y,0.100053,100.0,5.063748,0.875361,0.105195,0.237431,158.18227383940587,Low,False
GDSC2,343,16051997,908444,SNU-1,SIDM01146,STAD,1048,Mirin,MRE11,Genome integrity,1046,Y,0.100053,100.0,5.044373,0.912948,0.107701,0.221041,155.1469915319041,Low,False
GDSC2,343,16052277,908445,SNU-5,SIDM01144,STAD,1048,Mirin,MRE11,Genome integrity,1046,Y,0.100053,100.0,3.891563,0.822516,0.101381,-0.754154,48.98739401439698,Low,False
GDSC2,343,16052713,908447,NH-12,SIDM00577,NB,1048,Mirin,MRE11,Genome integrity,1046,Y,0.100053,100.0,3.877915,0.798025,0.133495,-0.765698,48.32335576528615,Low,False
GDSC2,343,16053164,908449,NMC-G1,SIDM00575,LGG,1048,Mirin,MRE11,Genome integrity,1046,Y,0.100053,100.0,7.041055,0.873651,0.086331,1.910092,1142.5924059738684,Low,False
GDSC2,343,16053348,908450,no-11,SIDM00573,LGG,1048,Mirin,MRE11,Genome integrity,1046,Y,0.100053,100.0,7.025025,0.948165,0.047496,1.896531,1124.4226692205118,Low,False
GDSC2,343,16053525,908451,NOMO-1,SIDM00580,LAML,1048,Mirin,MRE11,Genome integrity,1046,Y,0.100053,100.0,4.166843,0.862704,0.177896,-0.521286,64.51146758409017,Low,False
GDSC2,343,16053808,908452,no-10,SIDM00574,LGG,1048,Mirin,MRE11,Genome integrity,1046,Y,0.100053,100.0,5.010254,0.885152,0.080844,0.192179,149.94281678806496,Low,False
GDSC2,343,16054157,908455,NUGC-3,SIDM00572,STAD,1048,Mirin,MRE11,Genome integrity,1046,Y,0.100053,100.0,5.186519,0.885615,0.112829,0.341287,178.84490898111596,Low,False
GDSC2,343,16054438,908457,NCI-H747,SIDM00778,COREAD,1048,Mirin,MRE11,Genome integrity,1046,Y,0.100053,100.0,4.862282,0.830469,0.165859,0.067005,129.31897154059237,Low,False
GDSC2,343,16054720,908458,NCI-H716,SIDM00779,COREAD,1048,Mirin,MRE11,Genome integrity,1046,Y,0.100053,100.0,5.299763,0.888929,0.147807,0.437083,200.28933577674226,Low,False
GDSC2,343,16055002,908459,NCI-H596,SIDM01127,UNCLASSIFIED,1048,Mirin,MRE11,Genome integrity,1046,Y,0.100053,100.0,6.172228,0.93258,0.087581,1.175127,479.2526924696455,Low,False
GDSC2,343,16055283,908460,NCI-H441,SIDM00925,LUAD,1048,Mirin,MRE11,Genome integrity,1046,Y,0.100053,100.0,8.20795,0.931179,0.04497,2.897202,3670.011226368751,Low,False
GDSC2,343,16055556,908461,NCI-N87,SIDM01147,STAD,1048,Mirin,MRE11,Genome integrity,1046,Y,0.100053,100.0,3.89002,0.762492,0.107418,-0.755459,48.91186475124459,Low,False
GDSC2,343,16056275,908465,NCI-H358,SIDM00718,LUAD,1048,Mirin,MRE11,Genome integrity,1046,Y,0.100053,100.0,5.919079,0.894583,0.114496,0.96098,372.06888058666584,Low,False
GDSC2,343,16056557,908467,NCI-H1155,SIDM00651,UNCLASSIFIED,1048,Mirin,MRE11,Genome integrity,1046,Y,0.100053,100.0,3.805921,0.818839,0.088354,-0.8266,44.9666453279379,Low,False
GDSC2,343,16056838,908468,NCI-H1105,SIDM00652,SCLC,1048,Mirin,MRE11,Genome integrity,1046,Y,0.100053,100.0,4.898973,0.90192,0.080076,0.098044,134.15193487662384,Low,False
GDSC2,343,16057017,908469,NCI-H1436,SIDM00697,SCLC,1048,Mirin,MRE11,Genome integrity,1046,Y,0.100053,100.0,4.189113,0.849272,0.106011,-0.502447,65.96425470949319,Low,False
GDSC2,343,16057195,908470,NCI-H28,SIDM00720,MESO,1048,Mirin,MRE11,Genome integrity,1046,Y,0.100053,100.0,7.414216,0.908017,0.069803,2.22576,1659.407682657815,Low,False
GDSC2,343,16057477,908471,NCI-H1581,SIDM00748,UNCLASSIFIED,1048,Mirin,MRE11,Genome integrity,1046,Y,0.100053,100.0,4.593939,0.881994,0.112035,-0.159993,98.88316483266343,Low,False
GDSC2,343,16057928,908473,NCI-H1666,SIDM00743,LUAD,1048,Mirin,MRE11,Genome integrity,1046,Y,0.100053,100.0,5.474047,0.858628,0.052211,0.584515,238.42314137350743,Low,False
GDSC2,343,16058380,908475,NCI-H1755,SIDM00738,LUAD,1048,Mirin,MRE11,Genome integrity,1046,Y,0.100053,100.0,5.466594,0.89651,0.099841,0.57821,236.65277915055697,Low,False
GDSC2,343,16058662,908476,NCI-H1993,SIDM00758,LUAD,1048,Mirin,MRE11,Genome integrity,1046,Y,0.100053,100.0,5.95513,0.92643,0.050697,0.991477,385.72705193551957,Low,False
GDSC2,343,16058945,908480,NCI-H2081,SIDM00710,SCLC,1048,Mirin,MRE11,Genome integrity,1046,Y,0.100053,100.0,4.293736,0.837067,0.066171,-0.413944,73.23958108258392,Low,False
GDSC2,343,16059125,908481,NCI-H2196,SIDM00731,SCLC,1048,Mirin,MRE11,Genome integrity,1046,Y,0.100053,100.0,5.564576,0.913948,0.079558,0.661096,261.01451009210064,Low,False
GDSC2,343,16059304,908483,NCI-H524,SIDM01129,SCLC,1048,Mirin,MRE11,Genome integrity,1046,Y,0.100053,100.0,4.088441,0.858446,0.125965,-0.587609,59.6468297736021,Low,False
GDSC2,343,16059587,909194,NCI-H748,SIDM01117,SCLC,1048,Mirin,MRE11,Genome integrity,1046,Y,0.100053,100.0,4.450835,0.864563,0.041356,-0.281049,85.69847235937556,Low,False
GDSC2,343,16059764,909248,ONS-76,SIDM00567,MB,1048,Mirin,MRE11,Genome integrity,1046,Y,0.100053,100.0,5.04444,0.882654,0.076335,0.221098,155.15738672857185,Low,False
GDSC2,343,16060045,909249,OPM-2,SIDM00457,MM,1048,Mirin,MRE11,Genome integrity,1046,Y,0.100053,100.0,4.382794,0.897938,0.243165,-0.338607,80.06141278609718,Low,False
GDSC2,343,16060326,909250,OS-RC-2,SIDM00239,KIRC,1048,Mirin,MRE11,Genome integrity,1046,Y,0.100053,100.0,5.502249,0.897238,0.069958,0.608372,245.24286371007585,Low,False
GDSC2,343,16060596,909251,P12-ICHIKAWA,SIDM00463,ALL,1048,Mirin,MRE11,Genome integrity,1046,Y,0.100053,100.0,3.822777,0.844805,0.10423,-0.812341,45.73102721388931,Low,False
GDSC2,343,16060859,909252,P30-OHK,SIDM00364,ALL,1048,Mirin,MRE11,Genome integrity,1046,Y,0.100053,100.0,4.117406,0.886406,0.017823,-0.563106,61.3997645220514,Low,False
GDSC2,343,16061308,909255,PA-1,SIDM01140,UNCLASSIFIED,1048,Mirin,MRE11,Genome integrity,1046,Y,0.100053,100.0,3.455717,0.777191,0.130405,-1.122848,31.680995814794255,Low,False
GDSC2,343,16061587,909256,OCUB-M,SIDM00241,BRCA,1048,Mirin,MRE11,Genome integrity,1046,Y,0.100053,100.0,3.640037,0.806084,0.16383,-0.966926,38.09324614943204,Low,False
GDSC2,343,16062038,909260,PF-382,SIDM00451,ALL,1048,Mirin,MRE11,Genome integrity,1046,Y,0.100053,100.0,4.464326,0.885207,0.106673,-0.269637,86.86246450447652,Low,False
GDSC2,343,16062318,909262,Raji,SIDM00844,UNCLASSIFIED,1048,Mirin,MRE11,Genome integrity,1046,Y,0.100053,100.0,3.432401,0.799025,0.149357,-1.142572,30.95086663904104,Low,False
GDSC2,343,16062599,909263,RCM-1,SIDM00359,COREAD,1048,Mirin,MRE11,Genome integrity,1046,Y,0.100053,100.0,5.051915,0.852027,0.077287,0.227422,156.32153377333253,Low,False
GDSC2,343,16062882,909264,RD,SIDM00847,UNCLASSIFIED,1048,Mirin,MRE11,Genome integrity,1046,Y,0.100053,100.0,4.915324,0.876049,0.136389,0.111876,136.36348441482136,Low,False
GDSC2,343,16063162,909696,REH,SIDM00447,UNCLASSIFIED,1048,Mirin,MRE11,Genome integrity,1046,Y,0.100053,100.0,4.446382,0.898749,0.093802,-0.284816,85.31770546863349,Low,False
GDSC2,343,16063444,909697,RF-48,SIDM01092,STAD,1048,Mirin,MRE11,Genome integrity,1046,Y,0.100053,100.0,4.131663,0.839284,0.152749,-0.551046,62.281410846950024,Low,False
GDSC2,343,16063716,909698,RKO,SIDM01090,COREAD,1048,Mirin,MRE11,Genome integrity,1046,Y,0.100053,100.0,4.152263,0.846617,0.145995,-0.53362,63.57771399151018,Low,False
GDSC2,343,16064167,909701,RPMI-6666,SIDM00813,UNCLASSIFIED,1048,Mirin,MRE11,Genome integrity,1046,Y,0.100053,100.0,4.202447,0.844271,0.122776,-0.491168,66.84971230843846,Low,False
GDSC2,343,16064616,909703,RS4-11,SIDM01086,ALL,1048,Mirin,MRE11,Genome integrity,1046,Y,0.100053,100.0,4.060487,0.872143,0.085172,-0.611256,58.0025514444256,Low,False
GDSC2,343,16064897,909704,RT-112,SIDM00402,BLCA,1048,Mirin,MRE11,Genome integrity,1046,Y,0.100053,100.0,4.996839,0.896955,0.121856,0.180831,147.94476579229254,Low,False
GDSC2,343,16065180,909706,RVH-421,SIDM00401,SKCM,1048,Mirin,MRE11,Genome integrity,1046,Y,0.100053,100.0,5.537269,0.923492,0.06151,0.637996,253.98342271827252,Low,False
GDSC2,343,16065363,909707,Saos-2,SIDM01084,UNCLASSIFIED,1048,Mirin,MRE11,Genome integrity,1046,Y,0.100053,100.0,4.834905,0.882493,0.097047,0.043847,125.82662910929683,Low,False
GDSC2,343,16065645,909708,SAS,SIDM00351,HNSC,1048,Mirin,MRE11,Genome integrity,1046,Y,0.100053,100.0,3.816108,0.80049,0.116543,-0.817983,45.42706169301483,Low,False
GDSC2,343,16065927,909709,SCC-9,SIDM01080,HNSC,1048,Mirin,MRE11,Genome integrity,1046,Y,0.100053,100.0,3.631554,0.777535,0.064761,-0.974103,37.77146789444412,Low,False
GDSC2,343,16066210,909711,SCH,SIDM00383,UNCLASSIFIED,1048,Mirin,MRE11,Genome integrity,1046,Y,0.100053,100.0,5.298355,0.911625,0.096388,0.435892,200.0075268320221,Low,False
GDSC2,343,16066390,909712,SF126,SIDM00382,GBM,1048,Mirin,MRE11,Genome integrity,1046,Y,0.100053,100.0,3.735325,0.805361,0.101323,-0.88632,41.90164138386176,Low,False
GDSC2,343,16066568,909713,SH-4,SIDM01079,SKCM,1048,Mirin,MRE11,Genome integrity,1046,Y,0.100053,100.0,5.776063,0.917919,0.085137,0.839999,322.48705632370263,Low,False
GDSC2,343,16066849,909715,SIG-M5,SIDM00396,LAML,1048,Mirin,MRE11,Genome integrity,1046,Y,0.100053,100.0,2.766338,0.731149,0.068152,-1.706014,15.900300366140714,Low,False
GDSC2,343,16067026,909716,SJRH30,SIDM01095,UNCLASSIFIED,1048,Mirin,MRE11,Genome integrity,1046,Y,0.100053,100.0,4.443798,0.887228,0.094939,-0.287002,85.09752910807123,Low,False
GDSC2,343,16067477,909718,SK-CO-1,SIDM01096,COREAD,1048,Mirin,MRE11,Genome integrity,1046,Y,0.100053,100.0,6.697668,0.959269,0.069217,1.619611,810.5135020895345,Low,False
GDSC2,343,16067760,909719,SK-HEP-1,SIDM01110,LIHC,1048,Mirin,MRE11,Genome integrity,1046,Y,0.100053,100.0,5.504667,0.926767,0.078359,0.610417,245.8365784663935,Low,False
GDSC2,343,16068041,909720,SK-LMS-1,SIDM01109,UNCLASSIFIED,1048,Mirin,MRE11,Genome integrity,1046,Y,0.100053,100.0,4.103163,0.825197,0.140753,-0.575155,60.53144608480885,Low,False
GDSC2,343,16068313,909721,SK-LU-1,SIDM01108,LUAD,1048,Mirin,MRE11,Genome integrity,1046,Y,0.100053,100.0,5.5483,0.859518,0.111816,0.647328,256.8006235584581,Low,False
GDSC2,343,16068574,909722,SKM-1,SIDM00380,UNCLASSIFIED,1048,Mirin,MRE11,Genome integrity,1046,Y,0.100053,100.0,3.510095,0.811008,0.119132,-1.076848,33.451445520324484,Low,False
GDSC2,343,16069001,909724,SK-MEL-3,SIDM01105,SKCM,1048,Mirin,MRE11,Genome integrity,1046,Y,0.100053,100.0,5.454596,0.917806,0.094589,0.568061,233.8303845091283,Low,False
GDSC2,343,16069179,909725,SK-MEL-24,SIDM01106,SKCM,1048,Mirin,MRE11,Genome integrity,1046,Y,0.100053,100.0,5.548927,0.895931,0.080516,0.647858,256.9616880378669,Low,False
GDSC2,343,16069462,909726,SK-MEL-30,SIDM00392,SKCM,1048,Mirin,MRE11,Genome integrity,1046,Y,0.100053,100.0,4.263408,0.836982,0.11052,-0.4396,71.05171555542341,Low,False
GDSC2,343,16069641,909727,SK-MEL-31,SIDM01104,SKCM,1048,Mirin,MRE11,Genome integrity,1046,Y,0.100053,100.0,6.086142,0.924239,0.049415,1.102303,439.7216882155479,Low,False
GDSC2,343,16069820,909728,SK-MES-1,SIDM01103,LUSC,1048,Mirin,MRE11,Genome integrity,1046,Y,0.100053,100.0,5.656227,0.916565,0.079091,0.738626,286.0672720160373,Low,False
GDSC2,343,16070101,909729,SK-MG-1,SIDM00379,GBM,1048,Mirin,MRE11,Genome integrity,1046,Y,0.100053,100.0,4.598204,0.854029,0.179943,-0.156386,99.30580216412862,Low,False
GDSC2,343,16070381,909731,SK-PN-DW,SIDM01097,UNCLASSIFIED,1048,Mirin,MRE11,Genome integrity,1046,Y,0.100053,100.0,3.134263,0.750178,0.078357,-1.394775,22.971699459242892,Low,False
GDSC2,343,16070662,909732,SK-UT-1,SIDM01113,UNCLASSIFIED,1048,Mirin,MRE11,Genome integrity,1046,Y,0.100053,100.0,4.191948,0.847768,0.076232,-0.500049,66.1515287070559,Low,False
GDSC2,343,16070944,909735,SNG-M,SIDM00373,UCEC,1048,Mirin,MRE11,Genome integrity,1046,Y,0.100053,100.0,4.923787,0.904617,0.080978,0.119034,137.52242572641538,Low,False
GDSC2,343,16071225,909736,SNU-387,SIDM01180,LIHC,1048,Mirin,MRE11,Genome integrity,1046,Y,0.100053,100.0,5.177319,0.869309,0.141561,0.333505,177.20708137759365,Low,False
GDSC2,343,16071505,909737,SNU-423,SIDM01199,LIHC,1048,Mirin,MRE11,Genome integrity,1046,Y,0.100053,100.0,5.370811,0.893792,0.171339,0.497185,215.03719216905927,Low,False
GDSC2,343,16071786,909738,SNU-449,SIDM01194,LIHC,1048,Mirin,MRE11,Genome integrity,1046,Y,0.100053,100.0,5.635968,0.864734,0.153574,0.721488,280.33014559566806,Low,False
GDSC2,343,16072068,909740,SNU-C2B,SIDM00781,COREAD,1048,Mirin,MRE11,Genome integrity,1046,Y,0.100053,100.0,5.470066,0.863477,0.130931,0.581147,237.47586565108872,Low,False
GDSC2,343,16072351,909742,SU-DHL-1,SIDM00390,UNCLASSIFIED,1048,Mirin,MRE11,Genome integrity,1046,Y,0.100053,100.0,3.733629,0.816021,0.108265,-0.887754,41.830636429296185,Low,False
GDSC2,343,16072522,909743,SUP-T1,SIDM01154,ALL,1048,Mirin,MRE11,Genome integrity,1046,Y,0.100053,100.0,3.990518,0.818139,0.144495,-0.670445,54.08289704938121,Low,False
GDSC2,343,16072804,909744,SW13,SIDM00814,ACC,1048,Mirin,MRE11,Genome integrity,1046,Y,0.100053,100.0,2.866014,0.715554,0.10219,-1.621695,17.56685696951938,Low,False
GDSC2,343,16073085,909745,SW1088,SIDM01155,GBM,1048,Mirin,MRE11,Genome integrity,1046,Y,0.100053,100.0,6.792874,0.94103,0.063879,1.700149,891.4719740847337,Low,False
GDSC2,343,16073366,909746,SW1116,SIDM00835,COREAD,1048,Mirin,MRE11,Genome integrity,1046,Y,0.100053,100.0,5.751322,0.91745,0.102077,0.819069,314.6062950126132,Low,False
GDSC2,343,16073649,909747,SW1417,SIDM00812,COREAD,1048,Mirin,MRE11,Genome integrity,1046,Y,0.100053,100.0,4.952078,0.792022,0.161949,0.142967,141.46863051041854,Low,False
GDSC2,343,16073932,909748,SW1463,SIDM00834,COREAD,1048,Mirin,MRE11,Genome integrity,1046,Y,0.100053,100.0,5.792764,0.924682,0.085748,0.854127,327.91813866706343,Low,False
GDSC2,343,16074215,909749,SW1710,SIDM00420,BLCA,1048,Mirin,MRE11,Genome integrity,1046,Y,0.100053,100.0,6.602951,0.945726,0.030004,1.539487,737.2676590480636,Low,False
GDSC2,343,16074667,909751,SW48,SIDM00837,COREAD,1048,Mirin,MRE11,Genome integrity,1046,Y,0.100053,100.0,5.183703,0.88408,0.093271,0.338904,178.3419901594656,Low,False
GDSC2,343,16074938,909753,SW626,SIDM01168,OV,1048,Mirin,MRE11,Genome integrity,1046,Y,0.100053,100.0,4.712872,0.815561,0.125372,-0.059385,111.37156014815189,Low,False
GDSC2,343,16075219,909754,SW684,SIDM01175,UNCLASSIFIED,1048,Mirin,MRE11,Genome integrity,1046,Y,0.100053,100.0,7.068475,0.933008,0.082593,1.933288,1174.3557754416277,Low,False
GDSC2,343,16075501,909755,SW837,SIDM00833,COREAD,1048,Mirin,MRE11,Genome integrity,1046,Y,0.100053,100.0,5.161368,0.887589,0.1508,0.320011,174.40287562248844,Low,False
GDSC2,343,16075784,909756,SW872,SIDM01159,UNCLASSIFIED,1048,Mirin,MRE11,Genome integrity,1046,Y,0.100053,100.0,6.618543,0.948493,0.077432,1.552677,748.8532227290352,Low,False
GDSC2,343,16076065,909757,SW948,SIDM00832,COREAD,1048,Mirin,MRE11,Genome integrity,1046,Y,0.100053,100.0,5.820012,0.921284,0.070294,0.877177,336.976097318977,Low,False
GDSC2,343,16076347,909758,SW962,SIDM01178,UNCLASSIFIED,1048,Mirin,MRE11,Genome integrity,1046,Y,0.100053,100.0,4.665925,0.863609,0.086582,-0.099098,106.2638338212773,Low,False
GDSC2,343,16076526,909759,SW982,SIDM01161,UNCLASSIFIED,1048,Mirin,MRE11,Genome integrity,1046,Y,0.100053,100.0,4.427515,0.845313,0.116822,-0.300777,83.7231062724114,Low,False
GDSC2,343,16076808,909761,T84,SIDM00782,COREAD,1048,Mirin,MRE11,Genome integrity,1046,Y,0.100053,100.0,4.75333,0.876327,0.080299,-0.025161,115.96982175788706,Low,False
GDSC2,343,16077092,909762,TALL-1,SIDM00370,ALL,1048,Mirin,MRE11,Genome integrity,1046,Y,0.100053,100.0,3.267826,0.769442,0.150739,-1.28179,26.254200623826105,Low,False
GDSC2,343,16077441,909770,TGBC11TKB,SIDM00251,STAD,1048,Mirin,MRE11,Genome integrity,1046,Y,0.100053,100.0,4.398828,0.84661,0.171351,-0.325044,81.35546416485035,Low,False
GDSC2,343,16077644,909771,THP-1,SIDM01172,LAML,1048,Mirin,MRE11,Genome integrity,1046,Y,0.100053,100.0,5.143383,0.92123,0.033202,0.304797,171.29427776253544,Low,False
GDSC2,343,16077823,909773,TUR,SIDM01205,DLBC,1048,Mirin,MRE11,Genome integrity,1046,Y,0.100053,100.0,4.90818,0.944343,0.109132,0.105832,135.39277518401667,Low,False
GDSC2,343,16078104,909774,TYK-nu,SIDM00321,UNCLASSIFIED,1048,Mirin,MRE11,Genome integrity,1046,Y,0.100053,100.0,6.031084,0.903106,0.114097,1.055728,416.1659088063333,Low,False
GDSC2,343,16078388,909776,U-2-OS,SIDM01191,UNCLASSIFIED,1048,Mirin,MRE11,Genome integrity,1046,Y,0.100053,100.0,4.303603,0.848625,0.140168,-0.405597,73.96581300228941,Low,False
GDSC2,343,16078681,909777,U-698-M,SIDM00424,UNCLASSIFIED,1048,Mirin,MRE11,Genome integrity,1046,Y,0.100053,100.0,2.385401,0.665005,0.139791,-2.028259,10.863418022239928,Low,False
GDSC2,343,16078963,909778,UACC-893,SIDM01186,BRCA,1048,Mirin,MRE11,Genome integrity,1046,Y,0.100053,100.0,4.718135,0.873258,0.084086,-0.054933,111.95925382858009,Low,False
GDSC2,343,16079147,909779,UMC-11,SIDM01183,UNCLASSIFIED,1048,Mirin,MRE11,Genome integrity,1046,Y,0.100053,100.0,4.740183,0.870085,0.139921,-0.036281,114.45514505532653,Low,False
GDSC2,343,16079428,909781,VMRC-RCZ,SIDM00317,KIRC,1048,Mirin,MRE11,Genome integrity,1046,Y,0.100053,100.0,7.905896,0.935926,0.073764,2.641686,2713.232479716461,Low,False
GDSC2,343,16079710,909784,WM-115,SIDM01000,SKCM,1048,Mirin,MRE11,Genome integrity,1046,Y,0.100053,100.0,5.030679,0.863611,0.0353,0.209458,153.03688947341016,Low,False
GDSC2,343,16079981,909785,WSU-NHL,SIDM00412,UNCLASSIFIED,1048,Mirin,MRE11,Genome integrity,1046,Y,0.100053,100.0,3.540733,0.802999,0.123624,-1.050931,34.492192704235336,Low,False
GDSC2,343,16080248,909904,YAPC,SIDM00411,PAAD,1048,Mirin,MRE11,Genome integrity,1046,Y,0.100053,100.0,6.66419,0.916739,0.054327,1.591291,783.8283068481135,Low,False
GDSC2,343,16080530,909905,YH-13,SIDM00316,GBM,1048,Mirin,MRE11,Genome integrity,1046,Y,0.100053,100.0,4.426177,0.842594,0.089558,-0.301908,83.61115966520015,Low,False
GDSC2,343,16081098,909974,RCC10RGB,SIDM00235,KIRC,1048,Mirin,MRE11,Genome integrity,1046,Y,0.100053,100.0,5.725218,0.858611,0.084007,0.796988,306.5000749771836,Low,False
GDSC2,343,16081379,909975,KURAMOCHI,SIDM00554,UNCLASSIFIED,1048,Mirin,MRE11,Genome integrity,1046,Y,0.100053,100.0,5.770657,0.899249,0.087528,0.835426,320.74839513275447,Low,False
GDSC2,343,16081661,909976,KM-H2,SIDM01018,UNCLASSIFIED,1048,Mirin,MRE11,Genome integrity,1046,Y,0.100053,100.0,4.600993,0.90268,0.046424,-0.154026,99.58315263181021,Low,False
GDSC2,343,16081942,909977,HuO-3N1,SIDM00584,UNCLASSIFIED,1048,Mirin,MRE11,Genome integrity,1046,Y,0.100053,100.0,5.404373,0.901227,0.048575,0.525576,222.37674654322203,Low,False
GDSC2,343,16082223,910079,OE19,SIDM00479,ESCA,1048,Mirin,MRE11,Genome integrity,1046,Y,0.100053,100.0,4.572088,0.84275,0.139421,-0.178478,96.74590447440434,Low,False
GDSC2,343,16082504,910209,SUP-B8,SIDM01177,UNCLASSIFIED,1048,Mirin,MRE11,Genome integrity,1046,Y,0.100053,100.0,2.197747,0.648301,0.0604,-2.187001,9.004703032352406,Low,False
GDSC2,343,16082683,910399,NCI-H838,SIDM01150,LUAD,1048,Mirin,MRE11,Genome integrity,1046,Y,0.100053,100.0,3.750083,0.80046,0.085407,-0.873836,42.52461139633671,Low,False
GDSC2,343,16082861,910401,Ramos-2G6-4C10,SIDM01247,UNCLASSIFIED,1048,Mirin,MRE11,Genome integrity,1046,Y,0.100053,100.0,3.350875,0.806578,0.08232,-1.211537,28.527684450091424,Low,False
GDSC2,343,16083132,910544,RPMI-8866,SIDM00482,LCML,1048,Mirin,MRE11,Genome integrity,1046,Y,0.100053,100.0,2.777063,0.717707,0.17883,-1.696941,16.071748836579495,Low,False
GDSC2,343,16083370,910545,QIMR-WIL,SIDM00467,LAML,1048,Mirin,MRE11,Genome integrity,1046,Y,0.100053,100.0,3.604517,0.826136,0.073202,-0.996974,36.76392259363158,Low,False
GDSC2,343,16083549,910546,PSN1,SIDM00469,PAAD,1048,Mirin,MRE11,Genome integrity,1046,Y,0.100053,100.0,4.978881,0.871291,0.171585,0.16564,145.3116868652504,Low,False
GDSC2,343,16083821,910548,OAW-42,SIDM00480,OV,1048,Mirin,MRE11,Genome integrity,1046,Y,0.100053,100.0,7.672135,0.971837,0.069171,2.443941,2147.6618119349396,Low,False
GDSC2,343,16084084,910549,OE33,SIDM00477,ESCA,1048,Mirin,MRE11,Genome integrity,1046,Y,0.100053,100.0,4.597231,0.836112,0.123563,-0.157209,99.2092246112218,Low,False
GDSC2,343,16084366,910554,CW-2,SIDM00282,COREAD,1048,Mirin,MRE11,Genome integrity,1046,Y,0.100053,100.0,4.537651,0.873995,0.065813,-0.207609,93.4709787113148,Low,False
GDSC2,343,16084650,910567,CHP-126,SIDM00286,NB,1048,Mirin,MRE11,Genome integrity,1046,Y,0.100053,100.0,2.563856,0.668293,0.123634,-1.877299,12.985794120467393,Low,False
GDSC2,343,16084998,910569,COLO-320-HSR,SIDM00842,COREAD,1048,Mirin,MRE11,Genome integrity,1046,Y,0.100053,100.0,4.695722,0.903655,0.138282,-0.073893,109.47782310244004,Low,False
GDSC2,343,16085281,910687,ATN-1,SIDM00233,ALL,1048,Mirin,MRE11,Genome integrity,1046,Y,0.100053,100.0,3.712705,0.835418,0.077256,-0.905455,40.96446567266567,Low,False
GDSC2,343,16085561,910688,CESS,SIDM00917,LAML,1048,Mirin,MRE11,Genome integrity,1046,Y,0.100053,100.0,4.161838,0.863275,0.145533,-0.52552,64.18939434942983,Low,False
GDSC2,343,16085841,910689,COLO-678,SIDM00957,COREAD,1048,Mirin,MRE11,Genome integrity,1046,Y,0.100053,100.0,7.673111,0.914982,0.115781,2.444766,2149.7589531018025,Low,False
GDSC2,343,16086122,910691,COLO-684,SIDM00142,UCEC,1048,Mirin,MRE11,Genome integrity,1046,Y,0.100053,100.0,3.994629,0.801731,0.112352,-0.666967,54.305689475210656,Low,False
GDSC2,343,16086404,910692,COLO-668,SIDM00143,SCLC,1048,Mirin,MRE11,Genome integrity,1046,Y,0.100053,100.0,4.748932,0.882044,0.047901,-0.028881,115.46090640695616,Low,False
GDSC2,343,16086686,910694,LN-405,SIDM00343,GBM,1048,Mirin,MRE11,Genome integrity,1046,Y,0.100053,100.0,6.581655,0.950495,0.055344,1.521472,721.7328091712884,Low,False
GDSC2,343,16086967,910695,TGBC24TKB,SIDM00267,UNCLASSIFIED,1048,Mirin,MRE11,Genome integrity,1046,Y,0.100053,100.0,7.592902,0.967569,0.037979,2.376915,1984.0629179135062,Low,False
GDSC2,343,16087249,910697,A388,SIDM00794,UNCLASSIFIED,1048,Mirin,MRE11,Genome integrity,1046,Y,0.100053,100.0,3.848245,0.793157,0.126811,-0.790798,46.91066273319482,Low,False
GDSC2,343,16087427,910698,BFTC-909,SIDM00988,KIRC,1048,Mirin,MRE11,Genome integrity,1046,Y,0.100053,100.0,4.573938,0.874723,0.163896,-0.176913,96.92505005625141,Low,False
GDSC2,343,16087707,910700,C2BBe1,SIDM01233,COREAD,1048,Mirin,MRE11,Genome integrity,1046,Y,0.100053,100.0,5.189575,0.848085,0.10534,0.343872,179.39229500279407,Low,False
GDSC2,343,16087990,910701,SCC-25,SIDM01082,HNSC,1048,Mirin,MRE11,Genome integrity,1046,Y,0.100053,100.0,6.472624,0.967782,0.008147,1.42924,647.179700408658,Low,False
GDSC2,343,16088450,910703,CA46,SIDM00907,UNCLASSIFIED,1048,Mirin,MRE11,Genome integrity,1046,Y,0.100053,100.0,4.398781,0.85694,0.115847,-0.325083,81.35164054789027,Low,False
GDSC2,343,16088731,910704,AU565,SIDM00898,BRCA,1048,Mirin,MRE11,Genome integrity,1046,Y,0.100053,100.0,3.964833,0.828274,0.052353,-0.692172,52.71146583977612,Low,False
GDSC2,343,16089015,910705,BALL-1,SIDM00287,UNCLASSIFIED,1048,Mirin,MRE11,Genome integrity,1046,Y,0.100053,100.0,3.378587,0.80259,0.175439,-1.188095,29.329299520286888,Low,False
GDSC2,343,16089294,910706,BL-41,SIDM00985,UNCLASSIFIED,1048,Mirin,MRE11,Genome integrity,1046,Y,0.100053,100.0,2.530355,0.698864,0.057467,-1.905638,12.55796342246817,Low,False
GDSC2,343,16089575,910710,BV-173,SIDM00962,LCML,1048,Mirin,MRE11,Genome integrity,1046,Y,0.100053,100.0,3.033049,0.744042,0.126293,-1.480395,20.760434754292234,Low,False
GDSC2,343,16089776,910779,IA-LM,SIDM00306,UNCLASSIFIED,1048,Mirin,MRE11,Genome integrity,1046,Y,0.100053,100.0,6.073667,0.940787,0.038533,1.09175,434.2702342975165,Low,False
GDSC2,343,16090058,910780,TGW,SIDM00324,NB,1048,Mirin,MRE11,Genome integrity,1046,Y,0.100053,100.0,3.288247,0.763748,0.107636,-1.264516,26.79584933600079,Low,False
GDSC2,343,16090340,910781,AN3-CA,SIDM00901,UCEC,1048,Mirin,MRE11,Genome integrity,1046,Y,0.100053,100.0,3.584367,0.791655,0.08008,-1.01402,36.030543164991286,Low,False
GDSC2,343,16090620,910784,A204,SIDM00798,UNCLASSIFIED,1048,Mirin,MRE11,Genome integrity,1046,Y,0.100053,100.0,4.492722,0.8304,0.187102,-0.245616,89.36436491716374,Low,False
GDSC2,343,16090901,910849,NY,SIDM00569,UNCLASSIFIED,1048,Mirin,MRE11,Genome integrity,1046,Y,0.100053,100.0,4.622123,0.865926,0.071145,-0.136152,101.70973284505027,Low,False
GDSC2,343,16091182,910850,C3A,SIDM01237,LIHC,1048,Mirin,MRE11,Genome integrity,1046,Y,0.100053,100.0,4.46503,0.804955,0.141281,-0.269042,86.9236372097534,Low,False
GDSC2,343,16091464,910851,A427,SIDM00810,UNCLASSIFIED,1048,Mirin,MRE11,Genome integrity,1046,Y,0.100053,100.0,3.179206,0.757539,0.175266,-1.356757,24.027668007707955,Low,False
GDSC2,343,16091719,910852,CAL-85-1,SIDM00928,BRCA,1048,Mirin,MRE11,Genome integrity,1046,Y,0.100053,100.0,4.231284,0.835295,0.08075,-0.466773,68.8055217697483,Low,False
GDSC2,343,16092005,910853,CHL-1,SIDM01228,SKCM,1048,Mirin,MRE11,Genome integrity,1046,Y,0.100053,100.0,4.728869,0.873607,0.159465,-0.045852,113.16749750196568,Low,False
GDSC2,343,16092287,910861,RL,SIDM01089,DLBC,1048,Mirin,MRE11,Genome integrity,1046,Y,0.100053,100.0,3.491537,0.791226,0.092277,-1.092547,32.83637845395799,Low,False
GDSC2,343,16092465,910899,NCI-H146,SIDM00698,SCLC,1048,Mirin,MRE11,Genome integrity,1046,Y,0.100053,100.0,3.665211,0.791527,0.104528,-0.945631,39.064377877300046,Low,False
GDSC2,343,16092644,910900,NCI-H1651,SIDM00744,LUAD,1048,Mirin,MRE11,Genome integrity,1046,Y,0.100053,100.0,4.461111,0.865512,0.098292,-0.272356,86.58365011538241,Low,False
GDSC2,343,16092926,910903,RPMI-7951,SIDM01087,SKCM,1048,Mirin,MRE11,Genome integrity,1046,Y,0.100053,100.0,4.536744,0.878634,0.103747,-0.208377,93.38623896890601,Low,False
GDSC2,343,16093207,910904,SCC-4,SIDM01081,HNSC,1048,Mirin,MRE11,Genome integrity,1046,Y,0.100053,100.0,3.954711,0.805232,0.077364,-0.700735,52.18061156839005,Low,False
GDSC2,343,16093761,910906,ST486,SIDM01198,UNCLASSIFIED,1048,Mirin,MRE11,Genome integrity,1046,Y,0.100053,100.0,3.216532,0.767413,0.118086,-1.325182,24.94147299361474,Low,False
GDSC2,343,16094361,910911,SCC-15,SIDM01083,HNSC,1048,Mirin,MRE11,Genome integrity,1046,Y,0.100053,100.0,5.001693,0.879618,0.137697,0.184937,148.6646353955532,Low,False
GDSC2,343,16094633,910915,CAPAN-2,SIDM00943,PAAD,1048,Mirin,MRE11,Genome integrity,1046,Y,0.100053,100.0,6.501707,0.906708,0.093691,1.453842,666.2779994247406,Low,False
GDSC2,343,16094903,910916,CAL-27,SIDM00937,HNSC,1048,Mirin,MRE11,Genome integrity,1046,Y,0.100053,100.0,2.977397,0.71338,0.091936,-1.527472,19.636635898675504,Low,False
GDSC2,343,16095185,910918,BC-3,SIDM00895,DLBC,1048,Mirin,MRE11,Genome integrity,1046,Y,0.100053,100.0,3.357287,0.806462,0.072603,-1.206113,28.711191658172588,Low,False
GDSC2,343,16095363,910919,BC-1,SIDM00896,DLBC,1048,Mirin,MRE11,Genome integrity,1046,Y,0.100053,100.0,3.429125,0.801246,0.125632,-1.145343,30.84963750378914,Low,False
GDSC2,343,16095645,910920,A704,SIDM00849,KIRC,1048,Mirin,MRE11,Genome integrity,1046,Y,0.100053,100.0,3.860854,0.800246,0.116229,-0.780131,47.50590409247086,Low,False
GDSC2,343,16095926,910921,A101D,SIDM00801,SKCM,1048,Mirin,MRE11,Genome integrity,1046,Y,0.100053,100.0,4.675916,0.856326,0.177341,-0.090647,107.33083712430441,Low,False
GDSC2,343,16096207,910922,769-P,SIDM00803,KIRC,1048,Mirin,MRE11,Genome integrity,1046,Y,0.100053,100.0,7.668256,0.977273,0.042957,2.440659,2139.347168443116,Low,False
GDSC2,343,16096489,910924,23132-87,SIDM00980,STAD,1048,Mirin,MRE11,Genome integrity,1046,Y,0.100053,100.0,3.199098,0.744967,0.106158,-1.33993,24.51041183175397,Low,False
GDSC2,343,16096771,910925,A431,SIDM00995,UNCLASSIFIED,1048,Mirin,MRE11,Genome integrity,1046,Y,0.100053,100.0,3.605726,0.777061,0.157515,-0.995951,36.808397055442164,Low,False
GDSC2,343,16096950,910926,BFTC-905,SIDM00989,BLCA,1048,Mirin,MRE11,Genome integrity,1046,Y,0.100053,100.0,3.660012,0.800229,0.107601,-0.950029,38.86180921024495,Low,False
GDSC2,343,16097232,910927,CAL-51,SIDM00933,BRCA,1048,Mirin,MRE11,Genome integrity,1046,Y,0.100053,100.0,4.338241,0.842942,0.154474,-0.376296,76.57272937672015,Low,False
GDSC2,343,16097517,910930,SCC-3,SIDM00384,DLBC,1048,Mirin,MRE11,Genome integrity,1046,Y,0.100053,100.0,3.757377,0.843839,0.154275,-0.867666,42.83591987368224,Low,False
GDSC2,343,16097799,910931,RERF-LC-MS,SIDM00355,LUAD,1048,Mirin,MRE11,Genome integrity,1046,Y,0.100053,100.0,4.553578,0.874811,0.108687,-0.194136,94.97160954099483,Low,False
GDSC2,343,16097978,910932,GAK,SIDM00543,SKCM,1048,Mirin,MRE11,Genome integrity,1046,Y,0.100053,100.0,4.607441,0.875199,0.157629,-0.148572,100.2273394262767,Low,False
GDSC2,343,16098260,910933,AM-38,SIDM00492,GBM,1048,Mirin,MRE11,Genome integrity,1046,Y,0.100053,100.0,5.359229,0.912733,0.153201,0.487387,212.5609987258031,Low,False
GDSC2,343,16098540,910934,A4-Fuk,SIDM00502,DLBC,1048,Mirin,MRE11,Genome integrity,1046,Y,0.100053,100.0,2.808233,0.718176,0.163663,-1.670573,16.580594408510265,Low,False
GDSC2,343,16098822,910935,A3-KAW,SIDM00495,DLBC,1048,Mirin,MRE11,Genome integrity,1046,Y,0.100053,100.0,2.716373,0.717248,0.131821,-1.74828,15.125362945111421,Low,False
GDSC2,343,16099100,910936,DOK,SIDM00540,HNSC,1048,Mirin,MRE11,Genome integrity,1046,Y,0.100053,100.0,3.773386,0.783625,0.155155,-0.854123,43.527198692430936,Low,False
GDSC2,343,16099533,910941,CHP-134,SIDM00285,NB,1048,Mirin,MRE11,Genome integrity,1046,Y,0.100053,100.0,4.128794,0.85152,0.174339,-0.553473,62.10298155843453,Low,False
GDSC2,343,16099789,910942,NEC8,SIDM00243,UNCLASSIFIED,1048,Mirin,MRE11,Genome integrity,1046,Y,0.100053,100.0,3.928711,0.865333,0.169373,-0.722729,50.84140084832665,Low,False
GDSC2,343,16100070,910943,CAS-1,SIDM00212,GBM,1048,Mirin,MRE11,Genome integrity,1046,Y,0.100053,100.0,5.773923,0.895756,0.046867,0.838189,321.79767192756583,Low,False
GDSC2,343,16100350,910944,ALL-PO,SIDM00211,ALL,1048,Mirin,MRE11,Genome integrity,1046,Y,0.100053,100.0,3.680058,0.832483,0.159151,-0.933071,39.648693630115325,Low,False
GDSC2,343,16100630,910947,OCI-AML2,SIDM00446,LAML,1048,Mirin,MRE11,Genome integrity,1046,Y,0.100053,100.0,3.658686,0.836815,0.109677,-0.951151,38.81031260102951,Low,False
GDSC2,343,16100911,910948,MFM-223,SIDM00332,BRCA,1048,Mirin,MRE11,Genome integrity,1046,Y,0.100053,100.0,5.249539,0.860449,0.161357,0.394597,190.47843765542626,Low,False
GDSC2,343,16101197,910951,CML-T1,SIDM00958,LCML,1048,Mirin,MRE11,Genome integrity,1046,Y,0.100053,100.0,2.698963,0.713332,0.132459,-1.763008,14.864309440910429,Low,False
GDSC2,343,16101479,910952,CAL-54,SIDM00932,KIRC,1048,Mirin,MRE11,Genome integrity,1046,Y,0.100053,100.0,3.930688,0.784033,0.089915,-0.721057,50.9420137208576,Low,False
GDSC2,343,16101761,911905,EFO-21,SIDM01052,OV,1048,Mirin,MRE11,Genome integrity,1046,Y,0.100053,100.0,7.630772,0.916879,0.062088,2.408951,2060.640220191018,Low,False
GDSC2,343,16102043,917486,LS-1034,SIDM00681,COREAD,1048,Mirin,MRE11,Genome integrity,1046,Y,0.100053,100.0,4.960735,0.897986,0.133748,0.150289,142.69864086277826,Low,False
GDSC2,343,16102326,924100,22RV1,SIDM00499,PRAD,1048,Mirin,MRE11,Genome integrity,1046,Y,0.100053,100.0,4.836095,0.843781,0.121358,0.044853,125.97645192483184,Low,False
GDSC2,343,16102608,924102,8505C,SIDM00996,THCA,1048,Mirin,MRE11,Genome integrity,1046,Y,0.100053,100.0,5.493695,0.894592,0.093702,0.601136,243.15400304792365,Low,False
GDSC2,343,16102889,924104,B-CPAP,SIDM00992,THCA,1048,Mirin,MRE11,Genome integrity,1046,Y,0.100053,100.0,4.746281,0.861933,0.183838,-0.031123,115.15522490392594,Low,False
GDSC2,343,16103169,924105,BPH-1,SIDM00964,UNCLASSIFIED,1048,Mirin,MRE11,Genome integrity,1046,Y,0.100053,100.0,2.264577,0.625826,0.103399,-2.130467,9.627051496926283,Low,False
GDSC2,343,16103623,924107,CAL-39,SIDM00935,CESC,1048,Mirin,MRE11,Genome integrity,1046,Y,0.100053,100.0,3.514891,0.775728,0.114815,-1.072791,33.61226398746722,Low,False
GDSC2,343,16103905,924108,CaR-1,SIDM00488,COREAD,1048,Mirin,MRE11,Genome integrity,1046,Y,0.100053,100.0,5.341488,0.90988,0.142492,0.47238,208.8232081551282,Low,False
GDSC2,343,16104188,924110,HDLM-2,SIDM01064,UNCLASSIFIED,1048,Mirin,MRE11,Genome integrity,1046,Y,0.100053,100.0,5.999412,0.953238,0.064388,1.028936,403.1916470900366,Low,False
GDSC2,343,16104469,924111,HO-1-N-1,SIDM00592,HNSC,1048,Mirin,MRE11,Genome integrity,1046,Y,0.100053,100.0,4.48826,0.875571,0.164445,-0.24939,88.96650939665963,Low,False
GDSC2,343,16104750,924151,HTC-C3,SIDM00496,THCA,1048,Mirin,MRE11,Genome integrity,1046,Y,0.100053,100.0,4.528897,0.845503,0.126811,-0.215014,92.65630479394822,Low,False
GDSC2,343,16105201,924187,KLE,SIDM00686,UCEC,1048,Mirin,MRE11,Genome integrity,1046,Y,0.100053,100.0,6.497049,0.905053,0.090126,1.449902,663.1816933985233,Low,False
GDSC2,343,16105483,924188,KNS-81-FD,SIDM01210,LGG,1048,Mirin,MRE11,Genome integrity,1046,Y,0.100053,100.0,5.537238,0.897907,0.043956,0.63797,253.97554935420607,Low,False
GDSC2,343,16105663,924189,KP-N-RT-BM-1,SIDM00557,NB,1048,Mirin,MRE11,Genome integrity,1046,Y,0.100053,100.0,4.505415,0.8646,0.077598,-0.234879,90.50589620318249,Low,False
GDSC2,343,16105841,924238,K5,SIDM00056,THCA,1048,Mirin,MRE11,Genome integrity,1046,Y,0.100053,100.0,4.996276,0.884291,0.13952,0.180355,147.8614963317042,Low,False
GDSC2,343,16106121,924239,L-363,SIDM00312,MM,1048,Mirin,MRE11,Genome integrity,1046,Y,0.100053,100.0,4.273623,0.898525,0.132228,-0.430958,71.78122847356924,Low,False
GDSC2,343,16106401,924240,MDA-MB-415,SIDM00630,BRCA,1048,Mirin,MRE11,Genome integrity,1046,Y,0.100053,100.0,4.803628,0.902609,0.06803,0.017389,121.95205796484207,Low,False
GDSC2,343,16106686,924241,NCI-H250,SIDM00721,SCLC,1048,Mirin,MRE11,Genome integrity,1046,Y,0.100053,100.0,4.418349,0.826413,0.15913,-0.30853,82.9592065808854,Low,False
GDSC2,343,16106941,924244,NCI-H1975,SIDM00759,LUAD,1048,Mirin,MRE11,Genome integrity,1046,Y,0.100053,100.0,5.298795,0.891382,0.122592,0.436264,200.09554950739673,Low,False
GDSC2,343,16107222,924247,SW954,SIDM01157,UNCLASSIFIED,1048,Mirin,MRE11,Genome integrity,1046,Y,0.100053,100.0,3.686581,0.80609,0.084034,-0.927554,39.90816741236542,Low,False
GDSC2,343,16107402,924248,TE-441-T,SIDM01173,UNCLASSIFIED,1048,Mirin,MRE11,Genome integrity,1046,Y,0.100053,100.0,3.461794,0.766039,0.110461,-1.117707,31.87410740161792,Low,False
GDSC2,343,16107585,924250,MKN7,SIDM00560,STAD,1048,Mirin,MRE11,Genome integrity,1046,Y,0.100053,100.0,6.620148,0.93046,0.089236,1.554034,750.0560972000592,Low,False
GDSC2,343,16107772,925338,MDA-MB-157,SIDM00529,BRCA,1048,Mirin,MRE11,Genome integrity,1046,Y,0.100053,100.0,4.45071,0.858124,0.093344,-0.281155,85.68776071982208,Low,False
GDSC2,343,16108059,925339,MMAc-SF,SIDM01242,SKCM,1048,Mirin,MRE11,Genome integrity,1046,Y,0.100053,100.0,6.020764,0.935251,0.090062,1.046998,411.8931619227868,Low,False
GDSC2,343,16108238,925340,MKN45,SIDM00247,STAD,1048,Mirin,MRE11,Genome integrity,1046,Y,0.100053,100.0,4.987346,0.861189,0.112092,0.1728,146.54697125945387,Low,False
GDSC2,343,16108520,925341,NCI-H810,SIDM01116,UNCLASSIFIED,1048,Mirin,MRE11,Genome integrity,1046,Y,0.100053,100.0,4.105112,0.819381,0.137228,-0.573506,60.649536915360834,Low,False
GDSC2,343,16108971,925345,NOS-1,SIDM00242,UNCLASSIFIED,1048,Mirin,MRE11,Genome integrity,1046,Y,0.100053,100.0,5.646596,0.942555,0.087269,0.730479,283.325382880277,Low,False
GDSC2,343,16109423,925347,PANC-08-13,SIDM01136,PAAD,1048,Mirin,MRE11,Genome integrity,1046,Y,0.100053,100.0,4.664258,0.838208,0.141709,-0.100508,106.08683957598801,Low,False
GDSC2,343,16109704,925348,PANC-10-05,SIDM01135,PAAD,1048,Mirin,MRE11,Genome integrity,1046,Y,0.100053,100.0,6.361715,0.867155,0.114092,1.335418,579.2388997576019,Low,False
GDSC2,343,16109986,930082,RL95-2,SIDM01088,UNCLASSIFIED,1048,Mirin,MRE11,Genome integrity,1046,Y,0.100053,100.0,4.836431,0.886346,0.130536,0.045137,126.01878712459383,Low,False
GDSC2,343,16110266,930083,RO82-W-1,SIDM00218,THCA,1048,Mirin,MRE11,Genome integrity,1046,Y,0.100053,100.0,6.999599,0.890763,0.061742,1.875023,1096.1934966899987,Low,False
GDSC2,343,16110548,930297,SiHa,SIDM01093,CESC,1048,Mirin,MRE11,Genome integrity,1046,Y,0.100053,100.0,4.079006,0.825556,0.092811,-0.59559,59.08670846209939,Low,False
GDSC2,343,16110829,930298,SKG-IIIa,SIDM00381,CESC,1048,Mirin,MRE11,Genome integrity,1046,Y,0.100053,100.0,3.555097,0.744419,0.080119,-1.03878,34.99121395083596,Low,False
GDSC2,343,16111281,930301,VMRC-MELG,SIDM00319,SKCM,1048,Mirin,MRE11,Genome integrity,1046,Y,0.100053,100.0,4.677242,0.845911,0.11405,-0.089525,107.47325221466903,Low,False
GDSC2,343,16111460,946353,TE-9,SIDM00325,ESCA,1048,Mirin,MRE11,Genome integrity,1046,Y,0.100053,100.0,4.718458,0.884318,0.128049,-0.054659,111.99542250849406,Low,False
GDSC2,343,16111743,946354,TE-11,SIDM00348,ESCA,1048,Mirin,MRE11,Genome integrity,1046,Y,0.100053,100.0,3.977973,0.839347,0.133819,-0.681057,53.408665068359774,Low,False
GDSC2,343,16111922,946355,TE-6,SIDM00328,ESCA,1048,Mirin,MRE11,Genome integrity,1046,Y,0.100053,100.0,4.736604,0.851018,0.075688,-0.039309,114.04624225920493,Low,False
GDSC2,343,16112204,946356,TE-12,SIDM00023,ESCA,1048,Mirin,MRE11,Genome integrity,1046,Y,0.100053,100.0,4.738864,0.839195,0.111485,-0.037397,114.30427823753762,Low,False
GDSC2,343,16112459,946357,TC-YIK,SIDM00234,UNCLASSIFIED,1048,Mirin,MRE11,Genome integrity,1046,Y,0.100053,100.0,3.809479,0.822059,0.124965,-0.823591,45.12692161444544,Low,False
GDSC2,343,16112897,946359,BT-474,SIDM00963,BRCA,1048,Mirin,MRE11,Genome integrity,1046,Y,0.100053,100.0,5.811805,0.899812,0.082381,0.870235,334.22185199327146,Low,False
GDSC2,343,16113182,946360,OAW-28,SIDM00481,OV,1048,Mirin,MRE11,Genome integrity,1046,Y,0.100053,100.0,4.581054,0.86039,0.154202,-0.170894,97.61722856273364,Low,False
GDSC2,343,16113463,946361,LCLC-97TM1,SIDM00344,UNCLASSIFIED,1048,Mirin,MRE11,Genome integrity,1046,Y,0.100053,100.0,4.481573,0.870262,0.096175,-0.255047,88.37357503383414,Low,False
GDSC2,343,16113745,946363,KP-N-YS,SIDM00157,NB,1048,Mirin,MRE11,Genome integrity,1046,Y,0.100053,100.0,3.553194,0.801448,0.10883,-1.04039,34.92468898926463,Low,False
GDSC2,343,16113925,946366,D-245MG,SIDM01021,GBM,1048,Mirin,MRE11,Genome integrity,1046,Y,0.100053,100.0,4.710289,0.844546,0.10049,-0.06157,111.08425861795249,Low,False
GDSC2,343,16114105,946367,D-247MG,SIDM00622,GBM,1048,Mirin,MRE11,Genome integrity,1046,Y,0.100053,100.0,4.812088,0.852567,0.090619,0.024545,122.98814886016233,Low,False
GDSC2,343,16114284,946368,D-263MG,SIDM00732,GBM,1048,Mirin,MRE11,Genome integrity,1046,Y,0.100053,100.0,7.302796,0.971595,0.060523,2.131506,1484.4446377867885,Low,False
GDSC2,343,16114566,946369,D-336MG,SIDM00620,LGG,1048,Mirin,MRE11,Genome integrity,1046,Y,0.100053,100.0,3.505253,0.769269,0.081362,-1.080944,33.28986512294422,Low,False
GDSC2,343,16114745,946370,D-392MG,SIDM00542,GBM,1048,Mirin,MRE11,Genome integrity,1046,Y,0.100053,100.0,5.399391,0.890934,0.118533,0.521361,221.27162074610172,Low,False
GDSC2,343,16115028,946372,D-423MG,SIDM00209,GBM,1048,Mirin,MRE11,Genome integrity,1046,Y,0.100053,100.0,3.402626,0.771063,0.047651,-1.16776,30.042889178974576,Low,False
GDSC2,343,16115207,946373,D-502MG,SIDM00208,LGG,1048,Mirin,MRE11,Genome integrity,1046,Y,0.100053,100.0,4.681266,0.826155,0.118723,-0.086121,107.90659588429847,Low,False
GDSC2,343,16115387,946377,D-566MG,SIDM00206,GBM,1048,Mirin,MRE11,Genome integrity,1046,Y,0.100053,100.0,3.691064,0.816302,0.063362,-0.923762,40.08747734979627,Low,False
GDSC2,343,16115565,946382,CAMA-1,SIDM00920,BRCA,1048,Mirin,MRE11,Genome integrity,1046,Y,0.100053,100.0,5.330084,0.923677,0.041081,0.462732,206.455315674471,Low,False
GDSC2,343,16115852,949088,CTB-1,SIDM00283,DLBC,1048,Mirin,MRE11,Genome integrity,1046,Y,0.100053,100.0,3.432853,0.754277,0.146988,-1.14219,30.964859592931234,Low,False
GDSC2,343,16116366,949094,M059J,SIDM00659,GBM,1048,Mirin,MRE11,Genome integrity,1046,Y,0.100053,100.0,4.838645,0.862761,0.071763,0.04701,126.29810180654525,Low,False
GDSC2,343,16116645,949153,HAL-01,SIDM00289,ALL,1048,Mirin,MRE11,Genome integrity,1046,Y,0.100053,100.0,3.908321,0.848415,0.127723,-0.739977,49.815241927293386,Low,False
GDSC2,343,16116928,949154,OMC-1,SIDM00240,CESC,1048,Mirin,MRE11,Genome integrity,1046,Y,0.100053,100.0,4.225551,0.828673,0.079357,-0.471624,68.41218828120381,Low,False
GDSC2,343,16117106,949155,ES8,SIDM00261,UNCLASSIFIED,1048,Mirin,MRE11,Genome integrity,1046,Y,0.100053,100.0,3.881362,0.844389,0.118897,-0.762783,48.49021378719531,Low,False
GDSC2,343,16117388,949156,ES4,SIDM00264,UNCLASSIFIED,1048,Mirin,MRE11,Genome integrity,1046,Y,0.100053,100.0,4.19436,0.823448,0.157035,-0.498009,66.311278775431,Low,False
GDSC2,343,16117667,949157,ES6,SIDM00262,UNCLASSIFIED,1048,Mirin,MRE11,Genome integrity,1046,Y,0.100053,100.0,5.249574,0.872288,0.156296,0.394627,190.48510451741353,Low,False
GDSC2,343,16118117,949160,EW-7,SIDM00201,UNCLASSIFIED,1048,Mirin,MRE11,Genome integrity,1046,Y,0.100053,100.0,3.731125,0.816893,0.14062,-0.889872,41.72602354566789,Low,False
GDSC2,343,16118397,949161,EW-3,SIDM00202,UNCLASSIFIED,1048,Mirin,MRE11,Genome integrity,1046,Y,0.100053,100.0,3.837607,0.799069,0.14131,-0.799796,46.41427208613716,Low,False
GDSC2,343,16118680,949162,EW-12,SIDM00200,UNCLASSIFIED,1048,Mirin,MRE11,Genome integrity,1046,Y,0.100053,100.0,3.665624,0.816775,0.089647,-0.945282,39.08051479740801,Low,False
GDSC2,343,16118858,949163,EW-1,SIDM00205,UNCLASSIFIED,1048,Mirin,MRE11,Genome integrity,1046,Y,0.100053,100.0,4.171181,0.85808,0.119917,-0.517617,64.79192620540816,Low,False
GDSC2,343,16119139,949164,EW-18,SIDM00197,UNCLASSIFIED,1048,Mirin,MRE11,Genome integrity,1046,Y,0.100053,100.0,3.730951,0.796654,0.204622,-0.89002,41.718763849182864,Low,False
GDSC2,343,16119420,949165,EW-16,SIDM00198,UNCLASSIFIED,1048,Mirin,MRE11,Genome integrity,1046,Y,0.100053,100.0,3.837659,0.797817,0.115591,-0.799753,46.41668569103881,Low,False
GDSC2,343,16119701,949166,EW-13,SIDM00621,UNCLASSIFIED,1048,Mirin,MRE11,Genome integrity,1046,Y,0.100053,100.0,5.860839,0.944841,0.065003,0.911713,351.01852505232097,Low,False
GDSC2,343,16119959,949167,EW-22,SIDM00196,UNCLASSIFIED,1048,Mirin,MRE11,Genome integrity,1046,Y,0.100053,100.0,4.240892,0.845403,0.151731,-0.458646,69.46979126347185,Low,False
GDSC2,343,16120240,949168,EW-24,SIDM00195,UNCLASSIFIED,1048,Mirin,MRE11,Genome integrity,1046,Y,0.100053,100.0,4.273944,0.818177,0.138706,-0.430686,71.80427394650981,Low,False
GDSC2,343,16120523,949170,LAN-6,SIDM00330,NB,1048,Mirin,MRE11,Genome integrity,1046,Y,0.100053,100.0,3.1893,0.740092,0.104322,-1.348218,24.27143149316086,Low,False
GDSC2,343,16120702,949171,NB10,SIDM00259,NB,1048,Mirin,MRE11,Genome integrity,1046,Y,0.100053,100.0,3.663266,0.80277,0.142379,-0.947277,38.9884715052052,Low,False
GDSC2,343,16121143,949173,NB6,SIDM00253,NB,1048,Mirin,MRE11,Genome integrity,1046,Y,0.100053,100.0,5.316381,0.916011,0.100997,0.451141,203.64555353521345,Low,False
GDSC2,343,16121321,949174,NB7,SIDM00156,NB,1048,Mirin,MRE11,Genome integrity,1046,Y,0.100053,100.0,4.714537,0.871288,0.157348,-0.057976,111.5571482550232,Low,False
GDSC2,343,16121604,949175,NB17,SIDM00255,NB,1048,Mirin,MRE11,Genome integrity,1046,Y,0.100053,100.0,3.666362,0.816536,0.118353,-0.944657,39.10936686243097,Low,False
GDSC2,343,16121782,949176,NB5,SIDM00254,NB,1048,Mirin,MRE11,Genome integrity,1046,Y,0.100053,100.0,4.89602,0.87496,0.122339,0.095546,133.75636855406017,Low,False
GDSC2,343,16121961,949177,NB13,SIDM00257,NB,1048,Mirin,MRE11,Genome integrity,1046,Y,0.100053,100.0,3.952236,0.83564,0.116105,-0.702829,52.051624242418164,Low,False
GDSC2,343,16122229,949178,NB14,SIDM00256,NB,1048,Mirin,MRE11,Genome integrity,1046,Y,0.100053,100.0,2.870521,0.728149,0.118656,-1.617882,17.646209480440127,Low,False
GDSC2,343,16122664,971773,RH-1,SIDM00427,UNCLASSIFIED,1048,Mirin,MRE11,Genome integrity,1046,Y,0.100053,100.0,4.337417,0.897368,0.140438,-0.376993,76.50965943609788,Low,False
GDSC2,343,16122958,971777,MZ2-MEL,SIDM00179,SKCM,1048,Mirin,MRE11,Genome integrity,1046,Y,0.100053,100.0,3.896033,0.811628,0.143817,-0.750372,49.206857801782604,Low,False
GDSC2,343,16123137,998184,Jurkat,SIDM01016,ALL,1048,Mirin,MRE11,Genome integrity,1046,Y,0.100053,100.0,4.104801,0.87135,0.163997,-0.573769,60.63067784211806,Low,False
GDSC2,343,16123416,998189,LS-180,SIDM00680,COREAD,1048,Mirin,MRE11,Genome integrity,1046,Y,0.100053,100.0,3.920149,0.791155,0.144106,-0.729972,50.40795500383534,Low,False
GDSC2,343,16123699,1240121,BICR22,SIDM00485,HNSC,1048,Mirin,MRE11,Genome integrity,1046,Y,0.100053,100.0,4.101995,0.840999,0.149284,-0.576143,60.460786628936916,Low,False
GDSC2,343,16123981,1240122,BICR78,SIDM00501,HNSC,1048,Mirin,MRE11,Genome integrity,1046,Y,0.100053,100.0,5.224884,0.880306,0.084417,0.37374,185.8396118805987,Low,False
GDSC2,343,16124263,1240123,CCK-81,SIDM00487,COREAD,1048,Mirin,MRE11,Genome integrity,1046,Y,0.100053,100.0,3.942719,0.824264,0.152968,-0.710879,51.55859871770208,Low,False
GDSC2,343,16124547,1240125,COLO-783,SIDM00955,SKCM,1048,Mirin,MRE11,Genome integrity,1046,Y,0.100053,100.0,4.370147,0.846926,0.103016,-0.349305,79.05525196749308,Low,False
GDSC2,343,16124725,1240127,EN,SIDM01045,UCEC,1048,Mirin,MRE11,Genome integrity,1046,Y,0.100053,100.0,5.639514,0.906765,0.076437,0.724489,281.32596082890103,Low,False
GDSC2,343,16125006,1240128,ES-2,SIDM00861,UNCLASSIFIED,1048,Mirin,MRE11,Genome integrity,1046,Y,0.100053,100.0,4.933478,0.882649,0.151397,0.127232,138.86163420780903,Low,False
GDSC2,343,16125449,1240130,G-MEL,SIDM00129,SKCM,1048,Mirin,MRE11,Genome integrity,1046,Y,0.100053,100.0,3.590507,0.814947,0.126941,-1.008826,36.25245126072481,Low,False
GDSC2,343,16125704,1240131,NCI-H2591,SIDM00101,MESO,1048,Mirin,MRE11,Genome integrity,1046,Y,0.100053,100.0,6.224398,0.90844,0.04861,1.219258,504.91898971432767,Low,False
GDSC2,343,16125985,1240132,NCI-H2595,SIDM00100,MESO,1048,Mirin,MRE11,Genome integrity,1046,Y,0.100053,100.0,6.33631,0.944268,0.094283,1.313928,564.7086870283043,Low,False
GDSC2,343,16126267,1240134,NCI-H2731,SIDM00098,MESO,1048,Mirin,MRE11,Genome integrity,1046,Y,0.100053,100.0,5.619888,0.905132,0.109043,0.707886,275.85848535417375,Low,False
GDSC2,343,16126550,1240135,NCI-H2803,SIDM00309,MESO,1048,Mirin,MRE11,Genome integrity,1046,Y,0.100053,100.0,5.995106,0.936322,0.05869,1.025294,401.4592364146606,Low,False
GDSC2,343,16126807,1240136,NCI-H2804,SIDM00310,MESO,1048,Mirin,MRE11,Genome integrity,1046,Y,0.100053,100.0,5.431492,0.880697,0.069428,0.548517,228.4898981619263,Low,False
GDSC2,343,16127064,1240137,NCI-H2810,SIDM00311,MESO,1048,Mirin,MRE11,Genome integrity,1046,Y,0.100053,100.0,5.425656,0.915657,0.096331,0.543579,227.1603146147208,Low,False
GDSC2,343,16127321,1240138,NCI-H2869,SIDM00519,MESO,1048,Mirin,MRE11,Genome integrity,1046,Y,0.100053,100.0,6.093928,0.924218,0.05758,1.10889,443.1587242982066,Low,False
GDSC2,343,16127577,1240139,NCI-H290,SIDM00518,MESO,1048,Mirin,MRE11,Genome integrity,1046,Y,0.100053,100.0,4.35793,0.853473,0.125529,-0.359641,78.09530970119916,Low,False
GDSC2,343,16127755,1240140,NCI-H3118,SIDM00517,UNCLASSIFIED,1048,Mirin,MRE11,Genome integrity,1046,Y,0.100053,100.0,3.929875,0.798172,0.127565,-0.721744,50.90061469468697,Low,False
GDSC2,343,16128036,1240141,NCI-H513,SIDM00114,MESO,1048,Mirin,MRE11,Genome integrity,1046,Y,0.100053,100.0,7.755093,0.954483,0.040852,2.514117,2333.4263433252436,Low,False
GDSC2,343,16128317,1240142,HARA,SIDM00598,LUSC,1048,Mirin,MRE11,Genome integrity,1046,Y,0.100053,100.0,4.220033,0.837215,0.153972,-0.476291,68.03572943144586,Low,False
GDSC2,343,16128598,1240143,HCC-15,SIDM01072,LUSC,1048,Mirin,MRE11,Genome integrity,1046,Y,0.100053,100.0,6.24549,0.944691,0.063867,1.237101,515.6818471344518,Low,False
GDSC2,343,16128879,1240144,HCC-366,SIDM01070,UNCLASSIFIED,1048,Mirin,MRE11,Genome integrity,1046,Y,0.100053,100.0,6.708405,0.944653,0.090995,1.628694,819.2628725020953,Low,False
GDSC2,343,16129134,1240145,HCC-44,SIDM01069,LUAD,1048,Mirin,MRE11,Genome integrity,1046,Y,0.100053,100.0,4.42234,0.851569,0.151015,-0.305154,83.29095834464701,Low,False
GDSC2,343,16129406,1240146,HCC-827,SIDM01067,LUAD,1048,Mirin,MRE11,Genome integrity,1046,Y,0.100053,100.0,4.333646,0.802065,0.184811,-0.380183,76.22168482774877,Low,False
GDSC2,343,16129687,1240147,Hep3B2-1-7,SIDM00672,LIHC,1048,Mirin,MRE11,Genome integrity,1046,Y,0.100053,100.0,3.780175,0.824698,0.088714,-0.84838,43.823710213849964,Low,False
GDSC2,343,16130114,1240150,Hs-683,SIDM00666,LGG,1048,Mirin,MRE11,Genome integrity,1046,Y,0.100053,100.0,5.067067,0.908745,0.082105,0.240239,158.70815302003248,Low,False
GDSC2,343,16130292,1240151,Hs-746T,SIDM00665,STAD,1048,Mirin,MRE11,Genome integrity,1046,Y,0.100053,100.0,5.371983,0.87888,0.094865,0.498177,215.28936350181763,Low,False
GDSC2,343,16130573,1240153,IGR-37,SIDM01066,SKCM,1048,Mirin,MRE11,Genome integrity,1046,Y,0.100053,100.0,4.521909,0.872761,0.156224,-0.220926,92.01107957859267,Low,False
GDSC2,343,16130854,1240154,IHH-4,SIDM00600,THCA,1048,Mirin,MRE11,Genome integrity,1046,Y,0.100053,100.0,4.184586,0.846885,0.155307,-0.506277,65.66630943638299,Low,False
GDSC2,343,16131136,1240155,IM-95,SIDM00602,STAD,1048,Mirin,MRE11,Genome integrity,1046,Y,0.100053,100.0,3.543098,0.77731,0.120623,-1.04893,34.57386327736677,Low,False
GDSC2,343,16131417,1240157,JHH-2,SIDM00617,LIHC,1048,Mirin,MRE11,Genome integrity,1046,Y,0.100053,100.0,5.319954,0.894533,0.11844,0.454164,204.37448055063118,Low,False
GDSC2,343,16131699,1240158,JHH-4,SIDM00616,LIHC,1048,Mirin,MRE11,Genome integrity,1046,Y,0.100053,100.0,6.891655,0.95137,0.065689,1.783711,984.0286377173016,Low,False
GDSC2,343,16131980,1240159,JHH-6,SIDM00615,LIHC,1048,Mirin,MRE11,Genome integrity,1046,Y,0.100053,100.0,6.052862,0.906924,0.062496,1.074151,425.3285801592477,Low,False
GDSC2,343,16132261,1240160,JHH-7,SIDM00614,LIHC,1048,Mirin,MRE11,Genome integrity,1046,Y,0.100053,100.0,4.784597,0.850104,0.129569,0.001289,119.65313315351978,Low,False
GDSC2,343,16132544,1240161,JHU-011,SIDM00128,HNSC,1048,Mirin,MRE11,Genome integrity,1046,Y,0.100053,100.0,4.647189,0.880358,0.119694,-0.114948,104.29140999644822,Low,False
GDSC2,343,16132722,1240162,JHU-022,SIDM00127,HNSC,1048,Mirin,MRE11,Genome integrity,1046,Y,0.100053,100.0,5.535555,0.867097,0.137291,0.636546,253.5484679944156,Low,False
GDSC2,343,16133004,1240166,KYM-1,SIDM00552,UNCLASSIFIED,1048,Mirin,MRE11,Genome integrity,1046,Y,0.100053,100.0,3.972104,0.83664,0.12861,-0.686021,53.09612765124039,Low,False
GDSC2,343,16133286,1240167,KYSE-220,SIDM00551,ESCA,1048,Mirin,MRE11,Genome integrity,1046,Y,0.100053,100.0,3.574258,0.77705,0.098304,-1.022571,35.66814523066739,Low,False
GDSC2,343,16133567,1240168,LN-18,SIDM00685,GBM,1048,Mirin,MRE11,Genome integrity,1046,Y,0.100053,100.0,5.225755,0.911373,0.065471,0.374477,186.00154869579208,Low,False
GDSC2,343,16133848,1240169,LN-229,SIDM00684,GBM,1048,Mirin,MRE11,Genome integrity,1046,Y,0.100053,100.0,5.935692,0.929727,0.096993,0.975034,378.3016903847493,Low,False
GDSC2,343,16134228,1240172,MDA-MB-436,SIDM00629,BRCA,1048,Mirin,MRE11,Genome integrity,1046,Y,0.100053,100.0,5.570104,0.904577,0.123796,0.665772,262.46139380589267,Low,False
GDSC2,343,16134513,1240173,MDST8,SIDM00527,COREAD,1048,Mirin,MRE11,Genome integrity,1046,Y,0.100053,100.0,5.122595,0.906493,0.117666,0.287212,167.77016881322686,Low,False
GDSC2,343,16134786,1240174,MFE-319,SIDM00333,UCEC,1048,Mirin,MRE11,Genome integrity,1046,Y,0.100053,100.0,4.830685,0.884821,0.087458,0.040277,125.2967595455789,Low,False
GDSC2,343,16135068,1240178,ML-1,SIDM00442,THCA,1048,Mirin,MRE11,Genome integrity,1046,Y,0.100053,100.0,4.955867,0.83978,0.078073,0.146171,142.00567193389548,Low,False
GDSC2,343,16135247,1240179,MS751,SIDM00638,CESC,1048,Mirin,MRE11,Genome integrity,1046,Y,0.100053,100.0,4.633309,0.894072,0.105011,-0.12669,102.85384500609152,Low,False
GDSC2,343,16135522,1240181,NB(TU)1-10,SIDM00579,NB,1048,Mirin,MRE11,Genome integrity,1046,Y,0.100053,100.0,3.066118,0.736675,0.131278,-1.452421,21.458439116401063,Low,False
GDSC2,343,16135799,1240182,NCI-H1836,SIDM00770,SCLC,1048,Mirin,MRE11,Genome integrity,1046,Y,0.100053,100.0,5.489926,0.892403,0.065438,0.597948,242.2392804879304,Low,False
GDSC2,343,16135962,1240183,NCI-H1869,SIDM00768,LUSC,1048,Mirin,MRE11,Genome integrity,1046,Y,0.100053,100.0,6.607853,0.940605,0.054875,1.543634,740.8906177295936,Low,False
GDSC2,343,16136218,1240184,NCI-H1915,SIDM00763,UNCLASSIFIED,1048,Mirin,MRE11,Genome integrity,1046,Y,0.100053,100.0,4.57482,0.825868,0.107689,-0.176167,97.01057566164862,Low,False
GDSC2,343,16136499,1240185,NCI-H1944,SIDM00762,LUAD,1048,Mirin,MRE11,Genome integrity,1046,Y,0.100053,100.0,4.146234,0.801422,0.106252,-0.53872,63.19555712331379,Low,False
GDSC2,343,16136780,1240186,NCI-H196,SIDM00761,SCLC,1048,Mirin,MRE11,Genome integrity,1046,Y,0.100053,100.0,7.50474,0.983296,0.011862,2.302337,1816.6328788172004,Low,False
GDSC2,343,16137061,1240187,NCI-H2023,SIDM00753,LUAD,1048,Mirin,MRE11,Genome integrity,1046,Y,0.100053,100.0,4.850768,0.854514,0.143681,0.057266,127.83853214725043,Low,False
GDSC2,343,16137341,1240189,NCI-H211,SIDM00704,SCLC,1048,Mirin,MRE11,Genome integrity,1046,Y,0.100053,100.0,4.415608,0.881744,0.139931,-0.310849,82.7321267507268,Low,False
GDSC2,343,16137612,1240190,NCI-H3122,SIDM00137,LUAD,1048,Mirin,MRE11,Genome integrity,1046,Y,0.100053,100.0,5.142729,0.879763,0.101379,0.304243,171.1822879295458,Low,False
GDSC2,343,16137895,1240191,NCI-H647,SIDM01125,UNCLASSIFIED,1048,Mirin,MRE11,Genome integrity,1046,Y,0.100053,100.0,3.585346,0.769213,0.105286,-1.013191,36.06583433896077,Low,False
GDSC2,343,16138073,1240192,NCI-H841,SIDM01134,SCLC,1048,Mirin,MRE11,Genome integrity,1046,Y,0.100053,100.0,4.438164,0.849752,0.108286,-0.291768,84.61943767726605,Low,False
GDSC2,343,16138506,1240196,OSC-20,SIDM00565,HNSC,1048,Mirin,MRE11,Genome integrity,1046,Y,0.100053,100.0,5.12064,0.879091,0.119535,0.285558,167.4424985352574,Low,False
GDSC2,343,16138787,1240197,OV-90,SIDM01141,OV,1048,Mirin,MRE11,Genome integrity,1046,Y,0.100053,100.0,6.298864,0.905436,0.072617,1.282251,543.9536276869422,Low,False
GDSC2,343,16139069,1240198,OVISE,SIDM00564,OV,1048,Mirin,MRE11,Genome integrity,1046,Y,0.100053,100.0,5.122452,0.881684,0.137751,0.287091,167.74617939437098,Low,False
GDSC2,343,16139520,1240200,OVMIU,SIDM00465,OV,1048,Mirin,MRE11,Genome integrity,1046,Y,0.100053,100.0,7.686576,0.946509,0.062508,2.456157,2178.9012173948413,Low,False
GDSC2,343,16139801,1240201,PA-TU-8988T,SIDM00453,PAAD,1048,Mirin,MRE11,Genome integrity,1046,Y,0.100053,100.0,5.780602,0.934768,0.079174,0.843838,323.9541521274608,Low,False
GDSC2,343,16140253,1240204,PCI-15A,SIDM00270,HNSC,1048,Mirin,MRE11,Genome integrity,1046,Y,0.100053,100.0,4.063454,0.847963,0.129401,-0.608746,58.1749005680524,Low,False
GDSC2,343,16140433,1240206,PCI-6A,SIDM00115,HNSC,1048,Mirin,MRE11,Genome integrity,1046,Y,0.100053,100.0,4.346327,0.857442,0.105695,-0.369456,77.19440651987351,Low,False
GDSC2,343,16140613,1240207,PE-CA-PJ15,SIDM00473,HNSC,1048,Mirin,MRE11,Genome integrity,1046,Y,0.100053,100.0,4.565417,0.862493,0.060981,-0.184121,96.1026604715088,Low,False
GDSC2,343,16140792,1240209,RERF-GC-1B,SIDM00358,STAD,1048,Mirin,MRE11,Genome integrity,1046,Y,0.100053,100.0,6.378161,0.95382,0.023523,1.349331,588.8438275373228,Low,False
GDSC2,343,16141073,1240210,RH-41,SIDM00426,UNCLASSIFIED,1048,Mirin,MRE11,Genome integrity,1046,Y,0.100053,100.0,4.678159,0.904481,0.135005,-0.08875,107.57185038730289,Low,False
GDSC2,343,16141354,1240212,SISO,SIDM00394,CESC,1048,Mirin,MRE11,Genome integrity,1046,Y,0.100053,100.0,5.021751,0.897157,0.136575,0.201905,151.6766572361369,Low,False
GDSC2,343,16141635,1240215,SKN,SIDM00377,UNCLASSIFIED,1048,Mirin,MRE11,Genome integrity,1046,Y,0.100053,100.0,4.236099,0.812215,0.086974,-0.462701,69.13761924011128,Low,False
GDSC2,343,16141917,1240217,SNU-398,SIDM01181,LIHC,1048,Mirin,MRE11,Genome integrity,1046,Y,0.100053,100.0,4.549572,0.857015,0.116892,-0.197525,94.59191431050043,Low,False
GDSC2,343,16142198,1240218,SU8686,SIDM01188,PAAD,1048,Mirin,MRE11,Genome integrity,1046,Y,0.100053,100.0,7.263376,0.949011,0.044181,2.09816,1427.0661893955582,Low,False
GDSC2,343,16142761,1240220,SW156,SIDM01162,KIRC,1048,Mirin,MRE11,Genome integrity,1046,Y,0.100053,100.0,5.886515,0.922294,0.036072,0.933433,360.1479790832359,Low,False
GDSC2,343,16142939,1240221,TC-71,SIDM00419,UNCLASSIFIED,1048,Mirin,MRE11,Genome integrity,1046,Y,0.100053,100.0,3.804288,0.830946,0.089918,-0.827982,44.89327471952386,Low,False
GDSC2,343,16143220,1240222,TOV-21G,SIDM01169,OV,1048,Mirin,MRE11,Genome integrity,1046,Y,0.100053,100.0,4.759044,0.851351,0.091208,-0.020326,116.63437012598625,Low,False
GDSC2,343,16143782,1240224,VMRC-RCW,SIDM00318,KIRC,1048,Mirin,MRE11,Genome integrity,1046,Y,0.100053,100.0,4.581511,0.815033,0.120273,-0.170507,97.6618498313701,Low,False
GDSC2,343,16143961,1240226,WM278,SIDM00975,SKCM,1048,Mirin,MRE11,Genome integrity,1046,Y,0.100053,100.0,7.383948,0.952648,0.042851,2.200155,1609.9332540381872,Low,False
GDSC2,343,16144241,1247871,SUP-B15,SIDM01176,ALL,1048,Mirin,MRE11,Genome integrity,1046,Y,0.100053,100.0,4.10101,0.880941,0.210301,-0.576977,60.40126207476303,Low,False
GDSC2,343,16144521,1247873,H3255,SIDM00046,LUAD,1048,Mirin,MRE11,Genome integrity,1046,Y,0.100053,100.0,6.985064,0.928146,0.054257,1.862727,1080.3755595557416,Low,False
GDSC2,343,16144778,1287706,451Lu,SIDM01240,SKCM,1048,Mirin,MRE11,Genome integrity,1046,Y,0.100053,100.0,5.410267,0.918984,0.042702,0.530561,223.69130528640238,Low,False
GDSC2,343,16144955,1290455,OCI-AML3,SIDM00462,LAML,1048,Mirin,MRE11,Genome integrity,1046,Y,0.100053,100.0,4.143772,0.854703,0.1254,-0.540803,63.04016103275741,Low,False
GDSC2,343,16145227,1290722,ASH-3,SIDM00491,THCA,1048,Mirin,MRE11,Genome integrity,1046,Y,0.100053,100.0,4.367969,0.85451,0.14428,-0.351148,78.88325699921914,Low,False
GDSC2,343,16145492,1290724,BICR10,SIDM00077,HNSC,1048,Mirin,MRE11,Genome integrity,1046,Y,0.100053,100.0,4.165222,0.812148,0.120173,-0.522657,64.40697920584675,Low,False
GDSC2,343,16145751,1290725,BICR31,SIDM00078,HNSC,1048,Mirin,MRE11,Genome integrity,1046,Y,0.100053,100.0,5.24309,0.937864,0.08069,0.389141,189.253994671061,Low,False
GDSC2,343,16145930,1290730,CAL-29,SIDM00936,BLCA,1048,Mirin,MRE11,Genome integrity,1046,Y,0.100053,100.0,4.618098,0.877983,0.125047,-0.139557,101.30117394670745,Low,False
GDSC2,343,16146211,1290765,CAL-78,SIDM00929,UNCLASSIFIED,1048,Mirin,MRE11,Genome integrity,1046,Y,0.100053,100.0,4.697071,0.870709,0.059891,-0.072751,109.62560834453942,Low,False
GDSC2,343,16146493,1290767,CHSA0011,SIDM00051,UNCLASSIFIED,1048,Mirin,MRE11,Genome integrity,1046,Y,0.100053,100.0,4.694202,0.840662,0.097245,-0.075178,109.31154321605239,Low,False
GDSC2,343,16146673,1290768,CHSA0108,SIDM00050,UNCLASSIFIED,1048,Mirin,MRE11,Genome integrity,1046,Y,0.100053,100.0,6.05305,0.911378,0.112282,1.07431,425.40854944919516,Low,False
GDSC2,343,16146851,1290769,CL-11,SIDM00944,COREAD,1048,Mirin,MRE11,Genome integrity,1046,Y,0.100053,100.0,5.316318,0.851504,0.111784,0.451088,203.63272426946685,Low,False
GDSC2,343,16147376,1290797,DAN-G,SIDM00950,PAAD,1048,Mirin,MRE11,Genome integrity,1046,Y,0.100053,100.0,5.815363,0.932747,0.099875,0.873244,335.4131313719418,Low,False
GDSC2,343,16147657,1290798,EFM-192A,SIDM01002,BRCA,1048,Mirin,MRE11,Genome integrity,1046,Y,0.100053,100.0,6.273053,0.945733,0.052036,1.260418,530.0932847390421,Low,False
GDSC2,343,16148110,1290807,G-292-Clone-A141B1,SIDM00858,UNCLASSIFIED,1048,Mirin,MRE11,Genome integrity,1046,Y,0.100053,100.0,6.971522,0.948416,0.062662,1.851272,1065.8437308174884,Low,False
GDSC2,343,16148392,1290808,NCI-H2369,SIDM00104,MESO,1048,Mirin,MRE11,Genome integrity,1046,Y,0.100053,100.0,7.190297,0.973771,0.04419,2.03634,1326.4971167521894,Low,False
GDSC2,343,16148673,1290809,NCI-H2373,SIDM00103,MESO,1048,Mirin,MRE11,Genome integrity,1046,Y,0.100053,100.0,6.718038,0.934158,0.079805,1.636843,827.1929657244639,Low,False
GDSC2,343,16148954,1290810,NCI-H2461,SIDM00102,MESO,1048,Mirin,MRE11,Genome integrity,1046,Y,0.100053,100.0,5.27019,0.850276,0.111182,0.412067,194.4529049876879,Low,False
GDSC2,343,16149236,1290812,NCI-H2722,SIDM00099,MESO,1048,Mirin,MRE11,Genome integrity,1046,Y,0.100053,100.0,8.070234,0.931082,0.049,2.780704,3197.8500384424374,Low,False
GDSC2,343,16149517,1290813,NCI-H2795,SIDM00154,MESO,1048,Mirin,MRE11,Genome integrity,1046,Y,0.100053,100.0,4.222586,0.832499,0.138141,-0.474132,68.209646559435,Low,False
GDSC2,343,16149799,1290814,NCI-H2818,SIDM00520,MESO,1048,Mirin,MRE11,Genome integrity,1046,Y,0.100053,100.0,5.842815,0.919886,0.03041,0.896467,344.74844288035797,Low,False
GDSC2,343,16150081,1290905,HCC1428,SIDM00881,BRCA,1048,Mirin,MRE11,Genome integrity,1046,Y,0.100053,100.0,5.928609,0.893976,0.094738,0.969042,375.63164663444695,Low,False
GDSC2,343,16150380,1290908,HCC-78,SIDM01068,LUAD,1048,Mirin,MRE11,Genome integrity,1046,Y,0.100053,100.0,4.529395,0.837844,0.1482,-0.214593,92.70245912521025,Low,False
GDSC2,343,16150662,1290922,HDQ-P1,SIDM01062,BRCA,1048,Mirin,MRE11,Genome integrity,1046,Y,0.100053,100.0,4.489646,0.847676,0.144176,-0.248218,89.08990247033026,Low,False
GDSC2,343,16150947,1295740,ALL-SIL,SIDM00994,ALL,1048,Mirin,MRE11,Genome integrity,1046,Y,0.100053,100.0,4.399774,0.897728,0.077777,-0.324244,81.43246284858542,Low,False
GDSC2,343,16151226,1295741,AMO-1,SIDM00993,MM,1048,Mirin,MRE11,Genome integrity,1046,Y,0.100053,100.0,3.798749,0.839921,0.123263,-0.832668,44.64529827561736,Low,False
GDSC2,343,16151495,1297438,COR-L303,SIDM00510,SCLC,1048,Mirin,MRE11,Genome integrity,1046,Y,0.100053,100.0,3.840204,0.829032,0.107491,-0.7976,46.53496660474283,Low,False
GDSC2,343,16151772,1297446,DND-41,SIDM00946,ALL,1048,Mirin,MRE11,Genome integrity,1046,Y,0.100053,100.0,4.314709,0.903396,0.043801,-0.396203,74.79185584685972,Low,False
GDSC2,343,16152054,1297447,EJM,SIDM01048,MM,1048,Mirin,MRE11,Genome integrity,1046,Y,0.100053,100.0,3.75756,0.829005,0.081242,-0.86751,42.843759564328934,Low,False
GDSC2,343,16152336,1297449,Farage,SIDM00859,DLBC,1048,Mirin,MRE11,Genome integrity,1046,Y,0.100053,100.0,3.154174,0.771992,0.118973,-1.377932,23.43367288131325,Low,False
GDSC2,343,16152590,1298134,HeLa,SIDM00846,CESC,1048,Mirin,MRE11,Genome integrity,1046,Y,0.100053,100.0,4.3038,0.879001,0.162058,-0.40543,73.98038570281474,Low,False
GDSC2,343,16152871,1298136,HPAC,SIDM00670,PAAD,1048,Mirin,MRE11,Genome integrity,1046,Y,0.100053,100.0,5.395345,0.856553,0.171175,0.517939,220.3781644494827,Low,False
GDSC2,343,16153324,1298144,Hs-939-T,SIDM00663,SKCM,1048,Mirin,MRE11,Genome integrity,1046,Y,0.100053,100.0,4.854474,0.86481,0.104256,0.060401,128.31318072795568,Low,False
GDSC2,343,16153504,1298145,Hs-940-T,SIDM00662,SKCM,1048,Mirin,MRE11,Genome integrity,1046,Y,0.100053,100.0,4.574292,0.84518,0.111985,-0.176614,96.95936759781777,Low,False
GDSC2,343,16153683,1298146,huH-1,SIDM00586,LIHC,1048,Mirin,MRE11,Genome integrity,1046,Y,0.100053,100.0,5.081054,0.869456,0.113581,0.252071,160.94360111817508,Low,False
GDSC2,343,16153964,1298151,JHH-1,SIDM00618,LIHC,1048,Mirin,MRE11,Genome integrity,1046,Y,0.100053,100.0,5.68883,0.915048,0.069315,0.766206,295.5476275497619,Low,False
GDSC2,343,16154245,1298156,JHU-029,SIDM00690,HNSC,1048,Mirin,MRE11,Genome integrity,1046,Y,0.100053,100.0,3.449302,0.770346,0.105104,-1.128275,31.47841270668992,Low,False
GDSC2,343,16154423,1298157,JIMT-1,SIDM01037,BRCA,1048,Mirin,MRE11,Genome integrity,1046,Y,0.100053,100.0,6.39206,0.96313,0.039093,1.361088,597.0853093992566,Low,False
GDSC2,343,16154709,1298160,K2,SIDM00126,SKCM,1048,Mirin,MRE11,Genome integrity,1046,Y,0.100053,100.0,3.752475,0.780192,0.119826,-0.871812,42.62645201962405,Low,False
GDSC2,343,16154889,1298167,KMH-2,SIDM00619,THCA,1048,Mirin,MRE11,Genome integrity,1046,Y,0.100053,100.0,4.019508,0.84822,0.113192,-0.645921,55.673707623239586,Low,False
GDSC2,343,16155238,1298169,KMRC-20,SIDM00609,KIRC,1048,Mirin,MRE11,Genome integrity,1046,Y,0.100053,100.0,6.08122,0.934154,0.062781,1.09814,437.5626957053781,Low,False
GDSC2,343,16155520,1298215,KON,SIDM00604,HNSC,1048,Mirin,MRE11,Genome integrity,1046,Y,0.100053,100.0,3.856181,0.826425,0.088384,-0.784084,47.28442688716862,Low,False
GDSC2,343,16155699,1298216,KP-1N,SIDM00583,PAAD,1048,Mirin,MRE11,Genome integrity,1046,Y,0.100053,100.0,8.259479,0.985132,0.048951,2.940792,3864.0803900718174,Low,False
GDSC2,343,16155980,1298218,KP-2,SIDM00582,PAAD,1048,Mirin,MRE11,Genome integrity,1046,Y,0.100053,100.0,7.021249,0.954102,0.057678,1.893338,1120.1848552496022,Low,False
GDSC2,343,16156261,1298219,KP-3,SIDM00571,UNCLASSIFIED,1048,Mirin,MRE11,Genome integrity,1046,Y,0.100053,100.0,5.605815,0.932229,0.084361,0.695981,272.00351799023895,Low,False
GDSC2,343,16156543,1298222,KYSE-50,SIDM00550,ESCA,1048,Mirin,MRE11,Genome integrity,1046,Y,0.100053,100.0,4.80263,0.892762,0.142116,0.016544,121.83041052316334,Low,False
GDSC2,343,16156824,1298223,LC-1-sq,SIDM00300,LUSC,1048,Mirin,MRE11,Genome integrity,1046,Y,0.100053,100.0,5.819446,0.926757,0.108658,0.876698,336.7854228138697,Low,False
GDSC2,343,16157105,1298226,LOU-NH91,SIDM00341,LUSC,1048,Mirin,MRE11,Genome integrity,1046,Y,0.100053,100.0,5.379005,0.897526,0.065954,0.504117,216.80644565401715,Low,False
GDSC2,343,16157386,1298347,NCI-H1435,SIDM00658,LUAD,1048,Mirin,MRE11,Genome integrity,1046,Y,0.100053,100.0,6.249207,0.979261,0.019447,1.240245,517.6022033312585,Low,False
GDSC2,343,16157666,1298348,NCI-H1568,SIDM00750,LUAD,1048,Mirin,MRE11,Genome integrity,1046,Y,0.100053,100.0,6.372481,0.91882,0.116738,1.344526,585.5086753956556,Low,False
GDSC2,343,16158115,1298350,NCI-H1781,SIDM00754,LUAD,1048,Mirin,MRE11,Genome integrity,1046,Y,0.100053,100.0,5.795658,0.918796,0.135485,0.856575,328.8685082819013,Low,False
GDSC2,343,16158397,1298351,NCI-H2110,SIDM00703,UNCLASSIFIED,1048,Mirin,MRE11,Genome integrity,1046,Y,0.100053,100.0,4.134822,0.845835,0.088314,-0.548374,62.478468913156334,Low,False
GDSC2,343,16158577,1298352,NCI-H2135,SIDM00700,UNCLASSIFIED,1048,Mirin,MRE11,Genome integrity,1046,Y,0.100053,100.0,6.809731,0.91049,0.124167,1.714409,906.6268915086008,Low,False
GDSC2,343,16158834,1298353,NCI-H2172,SIDM00926,UNCLASSIFIED,1048,Mirin,MRE11,Genome integrity,1046,Y,0.100053,100.0,6.478503,0.962406,0.029741,1.434213,650.9956759365821,Low,False
GDSC2,343,16159014,1298356,NCI-H2444,SIDM00723,UNCLASSIFIED,1048,Mirin,MRE11,Genome integrity,1046,Y,0.100053,100.0,7.885227,0.970625,0.036703,2.624202,2657.72826190325,Low,False
GDSC2,343,16159192,1298357,NUGC-4,SIDM00570,STAD,1048,Mirin,MRE11,Genome integrity,1046,Y,0.100053,100.0,6.215957,0.896058,0.117467,1.212118,500.67490587737115,Low,False
GDSC2,343,16159473,1298358,OCUM-1,SIDM00568,STAD,1048,Mirin,MRE11,Genome integrity,1046,Y,0.100053,100.0,4.939322,0.854097,0.113681,0.132176,139.6755174486159,Low,False
GDSC2,343,16159755,1298359,OE21,SIDM00478,ESCA,1048,Mirin,MRE11,Genome integrity,1046,Y,0.100053,100.0,5.516939,0.907435,0.117446,0.620799,248.8720726538086,Low,False
GDSC2,343,16160037,1298362,OSC-19,SIDM00566,HNSC,1048,Mirin,MRE11,Genome integrity,1046,Y,0.100053,100.0,5.143768,0.907599,0.104652,0.305122,171.36023875615047,Low,False
GDSC2,343,16160216,1298365,OVTOKO,SIDM00425,OV,1048,Mirin,MRE11,Genome integrity,1046,Y,0.100053,100.0,6.331603,0.926975,0.097519,1.309946,562.0568492348503,Low,False
GDSC2,343,16160496,1298475,PANC-02-03,SIDM01139,PAAD,1048,Mirin,MRE11,Genome integrity,1046,Y,0.100053,100.0,4.385405,0.794541,0.132497,-0.336398,80.27072627472806,Low,False
GDSC2,343,16160949,1298526,PA-TU-8902,SIDM00455,PAAD,1048,Mirin,MRE11,Genome integrity,1046,Y,0.100053,100.0,6.363062,0.901714,0.087505,1.336558,580.0196602797355,Low,False
GDSC2,343,16161401,1298531,PCI-4B,SIDM00043,HNSC,1048,Mirin,MRE11,Genome integrity,1046,Y,0.100053,100.0,4.10453,0.831437,0.11066,-0.573999,60.61424915461051,Low,False
GDSC2,343,16161656,1298533,PL4,SIDM00042,PAAD,1048,Mirin,MRE11,Genome integrity,1046,Y,0.100053,100.0,4.726092,0.85709,0.152813,-0.048202,112.85366731629661,Low,False
GDSC2,343,16161938,1298534,QGP-1,SIDM00360,UNCLASSIFIED,1048,Mirin,MRE11,Genome integrity,1046,Y,0.100053,100.0,7.045575,0.941172,0.074524,1.913916,1147.7686130642328,Low,False
GDSC2,343,16162193,1298537,RERF-LC-KJ,SIDM00356,LUAD,1048,Mirin,MRE11,Genome integrity,1046,Y,0.100053,100.0,5.295027,0.913837,0.108236,0.433077,199.34300815513112,Low,False
GDSC2,343,16162474,1298538,RERF-LC-Sq1,SIDM00354,LUSC,1048,Mirin,MRE11,Genome integrity,1046,Y,0.100053,100.0,4.909204,0.876744,0.137683,0.106698,135.5314883948481,Low,False
GDSC2,343,16162754,1298539,RKN,SIDM00353,UNCLASSIFIED,1048,Mirin,MRE11,Genome integrity,1046,Y,0.100053,100.0,5.035446,0.865647,0.104588,0.21349,153.7681579190744,Low,False
GDSC2,343,16163035,1299050,SAT,SIDM00350,HNSC,1048,Mirin,MRE11,Genome integrity,1046,Y,0.100053,100.0,6.078254,0.923972,0.080708,1.095631,436.26680750213217,Low,False
GDSC2,343,16163316,1299052,SCC90,SIDM00399,HNSC,1048,Mirin,MRE11,Genome integrity,1046,Y,0.100053,100.0,3.864876,0.781381,0.05419,-0.776729,47.69735759363466,Low,False
GDSC2,343,16163596,1299059,SKN-3,SIDM00375,HNSC,1048,Mirin,MRE11,Genome integrity,1046,Y,0.100053,100.0,4.519958,0.856889,0.164927,-0.222576,91.83174096403955,Low,False
GDSC2,343,16163878,1299061,STS-0421,SIDM00041,UNCLASSIFIED,1048,Mirin,MRE11,Genome integrity,1046,Y,0.100053,100.0,3.819456,0.807415,0.11927,-0.815151,45.579406378262235,Low,False
GDSC2,343,16164055,1299062,SW1271,SIDM01156,SCLC,1048,Mirin,MRE11,Genome integrity,1046,Y,0.100053,100.0,5.77457,0.861528,0.121111,0.838736,322.00594238953204,Low,False
GDSC2,343,16164508,1299069,TMK-1,SIDM00040,STAD,1048,Mirin,MRE11,Genome integrity,1046,Y,0.100053,100.0,4.439169,0.855007,0.158269,-0.290918,84.70452296032485,Low,False
GDSC2,343,16164687,1299070,TOV-112D,SIDM01170,OV,1048,Mirin,MRE11,Genome integrity,1046,Y,0.100053,100.0,4.170175,0.851848,0.061778,-0.518468,64.72677830253504,Low,False
GDSC2,343,16164968,1299075,VCaP,SIDM01077,PRAD,1048,Mirin,MRE11,Genome integrity,1046,Y,0.100053,100.0,5.793064,0.909604,0.105577,0.85438,328.0165288664556,Low,False
GDSC2,343,16165249,1299078,WM1552C,SIDM00976,SKCM,1048,Mirin,MRE11,Genome integrity,1046,Y,0.100053,100.0,5.277276,0.898069,0.124993,0.418061,195.83569169978537,Low,False
GDSC2,343,16165780,1299081,WM793B,SIDM00973,SKCM,1048,Mirin,MRE11,Genome integrity,1046,Y,0.100053,100.0,4.676472,0.864995,0.134173,-0.090177,107.39052966273348,Low,False
GDSC2,343,16166061,1303896,GA-10,SIDM00854,UNCLASSIFIED,1048,Mirin,MRE11,Genome integrity,1046,Y,0.100053,100.0,3.198288,0.76127,0.118036,-1.340615,24.490566436640307,Low,False
GDSC2,343,16166342,1303897,GRANTA-519,SIDM01058,DLBC,1048,Mirin,MRE11,Genome integrity,1046,Y,0.100053,100.0,5.403453,0.917921,0.05128,0.524798,222.17225401738773,Low,False
GDSC2,343,16166622,1303900,HCC1500,SIDM00879,BRCA,1048,Mirin,MRE11,Genome integrity,1046,Y,0.100053,100.0,4.799873,0.89689,0.051588,0.014212,121.49498667558926,Low,False
GDSC2,343,16166898,1303901,HCC-33,SIDM01071,SCLC,1048,Mirin,MRE11,Genome integrity,1046,Y,0.100053,100.0,4.623265,0.888009,0.101369,-0.135186,101.8259517082995,Low,False
GDSC2,343,16167078,1303911,YMB-1-E,SIDM01261,BRCA,1048,Mirin,MRE11,Genome integrity,1046,Y,0.100053,100.0,4.83729,0.873449,0.09193,0.045864,126.12708376948369,Low,False
GDSC2,343,16167257,1303912,CHSA8926,SIDM00176,UNCLASSIFIED,1048,Mirin,MRE11,Genome integrity,1046,Y,0.100053,100.0,4.068271,0.812942,0.062879,-0.604671,58.45580507944088,Low,False
GDSC2,343,16167542,1322212,COR-L32,SIDM00508,SCLC,1048,Mirin,MRE11,Genome integrity,1046,Y,0.100053,100.0,4.501609,0.871068,0.069843,-0.238098,90.1620854491245,Low,False
GDSC2,343,16167733,1322213,COR-L321,SIDM00507,UNCLASSIFIED,1048,Mirin,MRE11,Genome integrity,1046,Y,0.100053,100.0,4.052788,0.847673,0.045329,-0.617769,57.55770443675287,Low,False
GDSC2,343,16167910,1322218,Hs-445,SIDM00668,UNCLASSIFIED,1048,Mirin,MRE11,Genome integrity,1046,Y,0.100053,100.0,4.977883,0.917072,0.164037,0.164795,145.16673814320197,Low,False
GDSC2,343,16168361,1323913,NB4,SIDM00428,LAML,1048,Mirin,MRE11,Genome integrity,1046,Y,0.100053,100.0,2.3858,0.675098,0.041497,-2.027922,10.867753390879333,Low,False
GDSC2,343,16168541,1327765,JEKO-1,SIDM01038,DLBC,1048,Mirin,MRE11,Genome integrity,1046,Y,0.100053,100.0,2.470143,0.67922,0.090211,-1.956574,11.824137582430518,Low,False
GDSC2,343,16168719,1327766,JJN-3,SIDM01036,MM,1048,Mirin,MRE11,Genome integrity,1046,Y,0.100053,100.0,4.196831,0.884846,0.114113,-0.495919,66.47533655519617,Low,False
GDSC2,343,16169001,1327768,JM1,SIDM00689,DLBC,1048,Mirin,MRE11,Genome integrity,1046,Y,0.100053,100.0,3.385223,0.812543,0.062254,-1.182481,29.52457596253188,Low,False
GDSC2,343,16169179,1327769,JSC-1,SIDM00688,DLBC,1048,Mirin,MRE11,Genome integrity,1046,Y,0.100053,100.0,3.725194,0.824431,0.157108,-0.89489,41.47927894443938,Low,False
GDSC2,343,16169451,1327771,JURL-MK1,SIDM01015,LCML,1048,Mirin,MRE11,Genome integrity,1046,Y,0.100053,100.0,4.049577,0.864349,0.125402,-0.620485,57.37318305542682,Low,False
GDSC2,343,16169688,1327773,KARPAS-1106P,SIDM01011,DLBC,1048,Mirin,MRE11,Genome integrity,1046,Y,0.100053,100.0,3.593201,0.813975,0.103034,-1.006546,36.350247036183575,Low,False
GDSC2,343,16169969,1327774,KARPAS-231,SIDM01017,UNCLASSIFIED,1048,Mirin,MRE11,Genome integrity,1046,Y,0.100053,100.0,4.547219,0.910588,0.126426,-0.199516,94.36960119008569,Low,False
GDSC2,343,16170249,1327775,KARPAS-620,SIDM01006,MM,1048,Mirin,MRE11,Genome integrity,1046,Y,0.100053,100.0,3.915397,0.832321,0.080822,-0.733992,50.16898464492224,Low,False
GDSC2,343,16170529,1330931,KCL-22,SIDM01004,LCML,1048,Mirin,MRE11,Genome integrity,1046,Y,0.100053,100.0,4.160843,0.86611,0.105305,-0.526362,64.12555766606874,Low,False
GDSC2,343,16170808,1330933,KOPN-8,SIDM01034,UNCLASSIFIED,1048,Mirin,MRE11,Genome integrity,1046,Y,0.100053,100.0,3.577981,0.806217,0.130832,-1.019422,35.80118523566121,Low,False
GDSC2,343,16171088,1330935,L-1236,SIDM00313,UNCLASSIFIED,1048,Mirin,MRE11,Genome integrity,1046,Y,0.100053,100.0,3.361588,0.777044,0.147281,-1.202475,28.83494443306575,Low,False
GDSC2,343,16171371,1330941,MDA-MB-330,SIDM00631,BRCA,1048,Mirin,MRE11,Genome integrity,1046,Y,0.100053,100.0,5.392765,0.888955,0.072743,0.515756,219.81032161743877,Low,False
GDSC2,343,16171627,1330942,ME-1,SIDM00338,LAML,1048,Mirin,MRE11,Genome integrity,1046,Y,0.100053,100.0,5.681437,0.951573,0.052131,0.759952,293.37070086402804,Low,False
GDSC2,343,16171908,1330947,MOLM-13,SIDM00437,LAML,1048,Mirin,MRE11,Genome integrity,1046,Y,0.100053,100.0,2.061275,0.628713,0.173692,-2.302447,7.85597980184016,Low,False
GDSC2,343,16172189,1330948,MOLM-16,SIDM00435,LAML,1048,Mirin,MRE11,Genome integrity,1046,Y,0.100053,100.0,2.925453,0.738281,0.107383,-1.571413,18.64266926654379,Low,False
GDSC2,343,16172367,1330950,MOLP-8,SIDM00434,MM,1048,Mirin,MRE11,Genome integrity,1046,Y,0.100053,100.0,3.62315,0.813429,0.103107,-0.981212,37.4553665963578,Low,False
GDSC2,343,16172649,1330960,MY-M12,SIDM01217,ALL,1048,Mirin,MRE11,Genome integrity,1046,Y,0.100053,100.0,3.795265,0.847106,0.072105,-0.835615,44.490024700056246,Low,False
GDSC2,343,16172996,1330972,NCI-H1876,SIDM00766,SCLC,1048,Mirin,MRE11,Genome integrity,1046,Y,0.100053,100.0,3.907862,0.823485,0.098709,-0.740366,49.79238197800848,Low,False
GDSC2,343,16173447,1330975,NCI-H660,SIDM01123,OTHER,1048,Mirin,MRE11,Genome integrity,1046,Y,0.100053,100.0,5.697961,0.964587,0.095101,0.77393,298.25863118819245,Low,False
GDSC2,343,16173626,1330981,NK-92MI,SIDM01201,UNCLASSIFIED,1048,Mirin,MRE11,Genome integrity,1046,Y,0.100053,100.0,3.917517,0.873573,0.036916,-0.732198,50.27545571182343,Low,False
GDSC2,343,16173805,1330982,NU-DUL-1,SIDM00443,DLBC,1048,Mirin,MRE11,Genome integrity,1046,Y,0.100053,100.0,2.894298,0.7381,0.133563,-1.597769,18.070811278014432,Low,False
GDSC2,343,16173976,1330983,OCI-AML5,SIDM00461,LAML,1048,Mirin,MRE11,Genome integrity,1046,Y,0.100053,100.0,4.101344,0.874638,0.066179,-0.576694,60.421439465732746,Low,False
GDSC2,343,16174213,1330984,OCI-LY-19,SIDM00460,DLBC,1048,Mirin,MRE11,Genome integrity,1046,Y,0.100053,100.0,2.910876,0.737838,0.084418,-1.583744,18.372886167903047,Low,False
GDSC2,343,16174390,1330985,OCI-M1,SIDM00458,LAML,1048,Mirin,MRE11,Genome integrity,1046,Y,0.100053,100.0,6.107266,0.981,0.023304,1.120173,449.1091706735546,Low,False
GDSC2,343,16174670,1330987,P32-ISH,SIDM00362,UNCLASSIFIED,1048,Mirin,MRE11,Genome integrity,1046,Y,0.100053,100.0,2.760357,0.730049,0.03606,-1.711074,15.805484499149841,Low,False
GDSC2,343,16174952,1330991,PL-21,SIDM00450,LAML,1048,Mirin,MRE11,Genome integrity,1046,Y,0.100053,100.0,3.877781,0.830778,0.045822,-0.765812,48.31688086944133,Low,False
GDSC2,343,16175131,1330993,PWR-1E,SIDM01114,PRAD,1048,Mirin,MRE11,Genome integrity,1046,Y,0.100053,100.0,4.60533,0.881586,0.065661,-0.150358,100.01598267828486,Low,False
GDSC2,343,16175413,1330994,RCH-ACV,SIDM00449,UNCLASSIFIED,1048,Mirin,MRE11,Genome integrity,1046,Y,0.100053,100.0,3.415091,0.804895,0.068358,-1.157215,30.419717495908298,Low,False
GDSC2,343,16175582,1330995,RC-K8,SIDM00448,DLBC,1048,Mirin,MRE11,Genome integrity,1046,Y,0.100053,100.0,4.64676,0.872684,0.141391,-0.115311,104.24667857713517,Low,False
GDSC2,343,16175846,1331025,ROS-50,SIDM00415,UNCLASSIFIED,1048,Mirin,MRE11,Genome integrity,1046,Y,0.100053,100.0,4.252399,0.826217,0.095392,-0.448912,70.273797127695,Low,False
GDSC2,343,16176025,1331032,SLVL,SIDM00374,DLBC,1048,Mirin,MRE11,Genome integrity,1046,Y,0.100053,100.0,3.673454,0.803426,0.069404,-0.938658,39.387716352847065,Low,False
GDSC2,343,16176307,1331033,SU-DHL-10,SIDM00389,DLBC,1048,Mirin,MRE11,Genome integrity,1046,Y,0.100053,100.0,3.178509,0.783245,0.177246,-1.357347,24.010926558179502,Low,False
GDSC2,343,16176589,1331034,SU-DHL-16,SIDM00404,DLBC,1048,Mirin,MRE11,Genome integrity,1046,Y,0.100053,100.0,2.681356,0.717334,0.079271,-1.777903,14.604884097521012,Low,False
GDSC2,343,16176769,1331035,SU-DHL-4,SIDM00405,DLBC,1048,Mirin,MRE11,Genome integrity,1046,Y,0.100053,100.0,3.949843,0.864911,0.085454,-0.704853,51.927213622282295,Low,False
GDSC2,343,16176946,1331036,SU-DHL-5,SIDM00406,DLBC,1048,Mirin,MRE11,Genome integrity,1046,Y,0.100053,100.0,2.880865,0.747941,0.145006,-1.609132,17.829689192376865,Low,False
GDSC2,343,16177223,1331037,SU-DHL-6,SIDM00407,DLBC,1048,Mirin,MRE11,Genome integrity,1046,Y,0.100053,100.0,2.945656,0.750746,0.136448,-1.554324,19.02313747237477,Low,False
GDSC2,343,16177502,1331038,SU-DHL-8,SIDM00423,DLBC,1048,Mirin,MRE11,Genome integrity,1046,Y,0.100053,100.0,4.086819,0.891403,0.145336,-0.588981,59.55016103524979,Low,False
GDSC2,343,16177781,1331039,SUP-HD1,SIDM00422,UNCLASSIFIED,1048,Mirin,MRE11,Genome integrity,1046,Y,0.100053,100.0,4.048303,0.813232,0.201776,-0.621563,57.300136160966005,Low,False
GDSC2,343,16178062,1331040,SUP-M2,SIDM00421,UNCLASSIFIED,1048,Mirin,MRE11,Genome integrity,1046,Y,0.100053,100.0,3.42597,0.820121,0.126797,-1.148012,30.752460275151563,Low,False
GDSC2,343,16178342,1331045,TK,SIDM00323,DLBC,1048,Mirin,MRE11,Genome integrity,1046,Y,0.100053,100.0,3.827681,0.848754,0.091632,-0.808193,45.95584296902445,Low,False
GDSC2,343,16178623,1331048,VAL,SIDM00416,DLBC,1048,Mirin,MRE11,Genome integrity,1046,Y,0.100053,100.0,3.354683,0.772194,0.197877,-1.208315,28.63652497331015,Low,False
GDSC2,343,16178904,1331049,WIL2-NS,SIDM01102,UNCLASSIFIED,1048,Mirin,MRE11,Genome integrity,1046,Y,0.100053,100.0,4.224002,0.872997,0.178948,-0.472934,68.30629983333147,Low,False
GDSC2,343,16179353,1331055,NCI-H740,SIDM01118,NAN,1048,Mirin,MRE11,Genome integrity,1046,Y,0.100053,100.0,5.15654,0.880995,0.064404,0.315926,173.56288790098904,Low,False
GDSC2,343,16179532,1479987,DOV13,SIDM00969,OV,1048,Mirin,MRE11,Genome integrity,1046,Y,0.100053,100.0,4.666704,0.889163,0.13942,-0.09844,106.34664559882368,Low,False
GDSC2,343,16179812,1479988,Hey,SIDM00968,OV,1048,Mirin,MRE11,Genome integrity,1046,Y,0.100053,100.0,5.33637,0.882325,0.097294,0.46805,207.75718126555188,Low,False
GDSC2,343,16180094,1479995,JHOS-2,SIDM00305,OV,1048,Mirin,MRE11,Genome integrity,1046,Y,0.100053,100.0,3.439677,0.756704,0.126592,-1.136417,31.17688640749804,Low,False
GDSC2,343,16180273,1480358,JHOS-3,SIDM00304,OV,1048,Mirin,MRE11,Genome integrity,1046,Y,0.100053,100.0,5.321319,0.877679,0.076409,0.455318,204.65364220106412,Low,False
GDSC2,343,16180453,1480359,JHOS-4,SIDM00303,OV,1048,Mirin,MRE11,Genome integrity,1046,Y,0.100053,100.0,3.710041,0.791507,0.13924,-0.907708,40.85548156739596,Low,False
GDSC2,343,16180633,1480360,OV-7,SIDM00474,OV,1048,Mirin,MRE11,Genome integrity,1046,Y,0.100053,100.0,5.255455,0.910722,0.067757,0.399602,191.60864795831586,Low,False
GDSC2,343,16180813,1480361,OV-17R,SIDM00476,OV,1048,Mirin,MRE11,Genome integrity,1046,Y,0.100053,100.0,3.973795,0.81119,0.060612,-0.684592,53.18598915959085,Low,False
GDSC2,343,16180992,1480362,OV-56,SIDM00475,OV,1048,Mirin,MRE11,Genome integrity,1046,Y,0.100053,100.0,7.631321,0.974505,0.044857,2.409415,2061.7718222682497,Low,False
GDSC2,343,16181523,1480367,OVCA433,SIDM00966,OV,1048,Mirin,MRE11,Genome integrity,1046,Y,0.100053,100.0,4.247305,0.815221,0.133026,-0.453221,69.91673262054329,Low,False
GDSC2,343,16181703,1480371,OVK-18,SIDM00238,OV,1048,Mirin,MRE11,Genome integrity,1046,Y,0.100053,100.0,4.623089,0.856062,0.172028,-0.135335,101.80803191778668,Low,False
GDSC2,343,16181959,1480372,PEO1,SIDM00472,OV,1048,Mirin,MRE11,Genome integrity,1046,Y,0.100053,100.0,5.518812,0.880111,0.090711,0.622383,249.33864685622947,Low,False
GDSC2,343,16182242,1480374,UWB1.289,SIDM00815,OV,1048,Mirin,MRE11,Genome integrity,1046,Y,0.100053,100.0,5.067127,0.877213,0.100928,0.240289,158.71767579489412,Low,False
GDSC2,343,16182421,1503361,FLO-1,SIDM01041,ESCA,1048,Mirin,MRE11,Genome integrity,1046,Y,0.100053,100.0,3.729166,0.781287,0.16006,-0.89153,41.64436227886859,Low,False
GDSC2,343,16182703,1503362,OACp4C,SIDM00445,ESCA,1048,Mirin,MRE11,Genome integrity,1046,Y,0.100053,100.0,5.046293,0.896402,0.108902,0.222665,155.44515990568686,Low,False
GDSC2,343,16182984,1503363,OACM5-1,SIDM00444,ESCA,1048,Mirin,MRE11,Genome integrity,1046,Y,0.100053,100.0,5.182221,0.885715,0.200981,0.337651,178.07788308173255,Low,False
GDSC2,343,16183265,1503364,SK-GT-2,SIDM00393,STAD,1048,Mirin,MRE11,Genome integrity,1046,Y,0.100053,100.0,4.346454,0.85034,0.145651,-0.369348,77.20421083206217,Low,False
GDSC2,343,16183545,1503365,SK-GT-4,SIDM00483,ESCA,1048,Mirin,MRE11,Genome integrity,1046,Y,0.100053,100.0,6.522623,0.884962,0.114265,1.471535,680.3606328399442,Low,False
GDSC2,343,16183827,1503366,ESO26,SIDM00539,ESCA,1048,Mirin,MRE11,Genome integrity,1046,Y,0.100053,100.0,6.820038,0.9653,0.100741,1.723127,916.0198181728824,Low,False
GDSC2,343,16184107,1503367,ESO51,SIDM00538,ESCA,1048,Mirin,MRE11,Genome integrity,1046,Y,0.100053,100.0,5.533198,0.90779,0.049123,0.634552,252.95155799013472,Low,False
GDSC2,343,16184388,1503368,KYAE-1,SIDM00530,ESCA,1048,Mirin,MRE11,Genome integrity,1046,Y,0.100053,100.0,6.573016,0.974529,0.069698,1.514164,715.5246143413768,Low,False
GDSC2,343,16184671,1503369,EMC-BAC-1,SIDM00048,LUAD,1048,Mirin,MRE11,Genome integrity,1046,Y,0.100053,100.0,5.031818,0.888104,0.16151,0.210421,153.21129779720553,Low,False
GDSC2,343,16184849,1503370,EMC-BAC-2,SIDM00047,LUAD,1048,Mirin,MRE11,Genome integrity,1046,Y,0.100053,100.0,3.380417,0.74214,0.140384,-1.186547,29.383021278825677,Low,False
GDSC2,343,16185130,1503371,TE-4,SIDM00250,ESCA,1048,Mirin,MRE11,Genome integrity,1046,Y,0.100053,100.0,4.656168,0.894025,0.146584,-0.107353,105.23205929204053,Low,False
GDSC2,343,16185412,1503373,U-CH2,SIDM01185,NAN,1048,Mirin,MRE11,Genome integrity,1046,Y,0.100053,100.0,6.42707,0.931873,0.042798,1.390705,618.3594978126513,Low,False
GDSC2,343,16185591,1509073,NCC010,SIDM00231,KIRC,1048,Mirin,MRE11,Genome integrity,1046,Y,0.100053,100.0,5.126476,0.918789,0.063525,0.290495,168.4225499651608,Low,False
GDSC2,343,16185848,1509074,NCC021,SIDM00232,KIRC,1048,Mirin,MRE11,Genome integrity,1046,Y,0.100053,100.0,4.878099,0.862899,0.08238,0.080386,131.3806716866537,Low,False
GDSC2,343,16186028,1524414,RCC-FG2,SIDM00819,KIRC,1048,Mirin,MRE11,Genome integrity,1046,Y,0.100053,100.0,4.22025,0.830835,0.103144,-0.476108,68.05049478671559,Low,False
GDSC2,343,16186208,1524415,RCC-JF,SIDM00818,KIRC,1048,Mirin,MRE11,Genome integrity,1046,Y,0.100053,100.0,4.59841,0.868094,0.124264,-0.156211,99.32626126658967,Low,False
GDSC2,343,16186387,1524416,RCC-JW,SIDM00817,KIRC,1048,Mirin,MRE11,Genome integrity,1046,Y,0.100053,100.0,4.635525,0.850656,0.066057,-0.124815,103.08202185319685,Low,False
GDSC2,343,16186669,1524417,RCC-ER,SIDM00820,KIRC,1048,Mirin,MRE11,Genome integrity,1046,Y,0.100053,100.0,3.553639,0.782736,0.092178,-1.040013,34.940233934358616,Low,False
GDSC2,343,16186849,1524418,RCC-AB,SIDM00821,KIRC,1048,Mirin,MRE11,Genome integrity,1046,Y,0.100053,100.0,5.479513,0.889476,0.125894,0.589139,239.72993046524928,Low,False
GDSC2,343,16187029,1524419,RCC-MF,SIDM00816,KIRC,1048,Mirin,MRE11,Genome integrity,1046,Y,0.100053,100.0,4.561913,0.870264,0.079602,-0.187086,95.76650603573047,Low,False
GDSC2,343,16187209,1659817,KMS-11,SIDM00608,MM,1048,Mirin,MRE11,Genome integrity,1046,Y,0.100053,100.0,3.939687,0.836397,0.099668,-0.713444,51.40250979677157,Low,False
GDSC2,343,16187388,1659818,MM1S,SIDM01265,MM,1048,Mirin,MRE11,Genome integrity,1046,Y,0.100053,100.0,3.869961,0.856627,0.107557,-0.772427,47.94051636422181,Low,False
GDSC2,343,16187666,1659819,OCI-LY7,SIDM00459,DLBC,1048,Mirin,MRE11,Genome integrity,1046,Y,0.100053,100.0,2.741537,0.722783,0.036582,-1.726993,15.510806894795468,Low,False
GDSC2,343,16187820,1659823,SNU-1040,SIDM00217,COREAD,1048,Mirin,MRE11,Genome integrity,1046,Y,0.100053,100.0,6.025981,0.936317,0.117495,1.051412,414.0476235752461,Low,False
GDSC2,343,16187994,1659928,SNU-175,SIDM00216,COREAD,1048,Mirin,MRE11,Genome integrity,1046,Y,0.100053,100.0,3.202622,0.746999,0.120408,-1.336948,24.596938894187847,Low,False
GDSC2,343,16188277,1659929,SNU-283,SIDM00215,NAN,1048,Mirin,MRE11,Genome integrity,1046,Y,0.100053,100.0,6.004557,0.947998,0.028669,1.033289,405.27141372619207,Low,False
GDSC2,343,16188456,1660034,SNU-407,SIDM00214,COREAD,1048,Mirin,MRE11,Genome integrity,1046,Y,0.100053,100.0,5.397497,0.904139,0.066045,0.519759,220.85292892272773,Low,False
GDSC2,343,16188729,1660035,SNU-61,SIDM00194,COREAD,1048,Mirin,MRE11,Genome integrity,1046,Y,0.100053,100.0,6.312041,0.94579,0.046526,1.293398,551.1687369882864,Low,False
GDSC2,343,16188988,1660036,SNU-81,SIDM00193,COREAD,1048,Mirin,MRE11,Genome integrity,1046,Y,0.100053,100.0,5.289767,0.934735,0.088287,0.428627,198.29721677477585,Low,False
GDSC2,343,16189245,1674021,SNU-C5,SIDM00498,COREAD,1048,Mirin,MRE11,Genome integrity,1046,Y,0.100053,100.0,4.570093,0.841417,0.107154,-0.180166,96.55308879257147,Low,False
GDSC2,343,16189527,1789883,DiFi,SIDM00049,COREAD,1048,Mirin,MRE11,Genome integrity,1046,Y,0.100053,100.0,4.569527,0.857701,0.208496,-0.180645,96.49845520707808,Low,False
