DATASET,NLME_RESULT_ID,NLME_CURVE_ID,COSMIC_ID,CELL_LINE_NAME,SANGER_MODEL_ID,TCGA_DESC,DRUG_ID,DRUG_NAME,PUTATIVE_TARGET,PATHWAY_NAME,COMPANY_ID,WEBRELEASE,MIN_CONC,MAX_CONC,LN_IC50,AUC,RMSE,Z_SCORE,IC50_uM,sensitivity,outlier
GDSC2,343,15946492,683667,PFSK-1,SIDM01132,MB,1909,Venetoclax,BCL2,Apoptosis regulation,1046,Y,0.001001,1.0,-0.070185,0.875065,0.155409,-1.078471,0.9322213430038709,Medium,False
GDSC2,343,15946757,684052,A673,SIDM00848,UNCLASSIFIED,1909,Venetoclax,BCL2,Apoptosis regulation,1046,Y,0.001001,1.0,1.723062,0.966021,0.131119,-0.135486,5.601654497008866,Low,False
GDSC2,343,15947043,684057,ES5,SIDM00263,UNCLASSIFIED,1909,Venetoclax,BCL2,Apoptosis regulation,1046,Y,0.001001,1.0,1.510682,0.959611,0.083985,-0.247167,4.529819077700907,Low,False
GDSC2,343,15947296,684059,ES7,SIDM00269,UNCLASSIFIED,1909,Venetoclax,BCL2,Apoptosis regulation,1046,Y,0.001001,1.0,1.511231,0.96038,0.051783,-0.246879,4.532306631145506,Low,False
GDSC2,343,15947578,684062,EW-11,SIDM00203,UNCLASSIFIED,1909,Venetoclax,BCL2,Apoptosis regulation,1046,Y,0.001001,1.0,1.508022,0.94152,0.055882,-0.248566,4.517785770348239,Low,False
GDSC2,343,15947858,684072,SK-ES-1,SIDM01111,UNCLASSIFIED,1909,Venetoclax,BCL2,Apoptosis regulation,1046,Y,0.001001,1.0,0.88715,0.947425,0.161026,-0.575053,2.428199412065498,Medium,False
GDSC2,343,15948138,687448,COLO-829,SIDM00909,SKCM,1909,Venetoclax,BCL2,Apoptosis regulation,1046,Y,0.001001,1.0,2.203167,0.916057,0.087557,0.116978,9.053641024945906,Low,False
GDSC2,343,15948417,687452,5637,SIDM00807,BLCA,1909,Venetoclax,BCL2,Apoptosis regulation,1046,Y,0.001001,1.0,2.109072,0.958286,0.083951,0.067498,8.240590467242855,Low,False
GDSC2,343,15948698,687455,RT4,SIDM01085,BLCA,1909,Venetoclax,BCL2,Apoptosis regulation,1046,Y,0.001001,1.0,3.049202,0.984807,0.052942,0.561868,21.098501099071317,Low,False
GDSC2,343,15948979,687457,SW780,SIDM01160,BLCA,1909,Venetoclax,BCL2,Apoptosis regulation,1046,Y,0.001001,1.0,2.060963,0.952524,0.015377,0.0422,7.8535291184684715,Low,False
GDSC2,343,15949260,687459,TCCSUP,SIDM01190,BLCA,1909,Venetoclax,BCL2,Apoptosis regulation,1046,Y,0.001001,1.0,2.654051,0.963116,0.094034,0.354077,14.21149295105275,Low,False
GDSC2,343,15949543,687505,C-33-A,SIDM00889,CESC,1909,Venetoclax,BCL2,Apoptosis regulation,1046,Y,0.001001,1.0,2.466909,0.97381,0.07884,0.255668,11.785960087771883,Low,False
GDSC2,343,15949822,687506,C-4-I,SIDM00905,CESC,1909,Venetoclax,BCL2,Apoptosis regulation,1046,Y,0.001001,1.0,1.664051,0.966862,0.095276,-0.166518,5.280659525235308,Low,False
GDSC2,343,15950104,687514,ME-180,SIDM00627,CESC,1909,Venetoclax,BCL2,Apoptosis regulation,1046,Y,0.001001,1.0,1.780562,0.951952,0.094018,-0.10525,5.933189934528633,Low,False
GDSC2,343,15950384,687561,42-MG-BA,SIDM00982,GBM,1909,Venetoclax,BCL2,Apoptosis regulation,1046,Y,0.001001,1.0,2.768106,0.979913,0.091631,0.414053,15.928436962610155,Low,False
GDSC2,343,15950664,687562,8-MG-BA,SIDM00998,GBM,1909,Venetoclax,BCL2,Apoptosis regulation,1046,Y,0.001001,1.0,1.934227,0.974636,0.116041,-0.024445,6.918693837449108,Low,False
GDSC2,343,15950945,687563,A172,SIDM00799,GBM,1909,Venetoclax,BCL2,Apoptosis regulation,1046,Y,0.001001,1.0,2.323274,0.963666,0.066632,0.180137,10.209044060231237,Low,False
GDSC2,343,15951226,687568,GB-1,SIDM00581,GBM,1909,Venetoclax,BCL2,Apoptosis regulation,1046,Y,0.001001,1.0,3.232005,0.963956,0.075839,0.657996,25.33039352959285,Low,False
GDSC2,343,15951509,687586,T98G,SIDM01171,GBM,1909,Venetoclax,BCL2,Apoptosis regulation,1046,Y,0.001001,1.0,2.367434,0.972949,0.037697,0.203359,10.669977963125982,Low,False
GDSC2,343,15951789,687588,U-118-MG,SIDM01193,GBM,1909,Venetoclax,BCL2,Apoptosis regulation,1046,Y,0.001001,1.0,3.334941,0.967387,0.081661,0.712125,28.07672664806032,Low,False
GDSC2,343,15952050,687590,U-87-MG,SIDM01189,GBM,1909,Venetoclax,BCL2,Apoptosis regulation,1046,Y,0.001001,1.0,2.780598,0.969302,0.086931,0.420622,16.128663005242235,Low,False
GDSC2,343,15952251,687592,YKG-1,SIDM00315,GBM,1909,Venetoclax,BCL2,Apoptosis regulation,1046,Y,0.001001,1.0,1.832867,0.952256,0.083283,-0.077745,6.251784856381535,Low,False
GDSC2,343,15952431,687596,ChaGo-K-1,SIDM00924,UNCLASSIFIED,1909,Venetoclax,BCL2,Apoptosis regulation,1046,Y,0.001001,1.0,2.912402,0.984514,0.059329,0.489932,18.400944595330483,Low,False
GDSC2,343,15952674,687600,NCI-H720,SIDM01120,UNCLASSIFIED,1909,Venetoclax,BCL2,Apoptosis regulation,1046,Y,0.001001,1.0,0.633827,0.920403,0.081644,-0.708264,1.8848099621836016,Medium,False
GDSC2,343,15952953,687777,Calu-3,SIDM00922,LUAD,1909,Venetoclax,BCL2,Apoptosis regulation,1046,Y,0.001001,1.0,2.051192,0.925873,0.088651,0.037061,7.777165965184371,Low,False
GDSC2,343,15953233,687780,COR-L23,SIDM00512,UNCLASSIFIED,1909,Venetoclax,BCL2,Apoptosis regulation,1046,Y,0.001001,1.0,2.014378,0.946861,0.114196,0.017703,7.496063379426773,Low,False
GDSC2,343,15953515,687787,LK-2,SIDM00548,LUSC,1909,Venetoclax,BCL2,Apoptosis regulation,1046,Y,0.001001,1.0,1.873667,0.950169,0.061282,-0.05629,6.512132659255259,Low,False
GDSC2,343,15953724,687794,NCI-H1437,SIDM00734,LUAD,1909,Venetoclax,BCL2,Apoptosis regulation,1046,Y,0.001001,1.0,1.533827,0.949348,0.085214,-0.234997,4.6358844469264,Low,False
GDSC2,343,15953975,687798,NCI-H1623,SIDM00747,LUAD,1909,Venetoclax,BCL2,Apoptosis regulation,1046,Y,0.001001,1.0,1.755712,0.944456,0.064787,-0.118317,5.7875670230390925,Low,False
GDSC2,343,15954146,687799,NCI-H1648,SIDM00746,LUAD,1909,Venetoclax,BCL2,Apoptosis regulation,1046,Y,0.001001,1.0,3.479652,0.982101,0.035607,0.788222,32.448428057854514,Low,False
GDSC2,343,15954425,687800,NCI-H1650,SIDM00745,LUAD,1909,Venetoclax,BCL2,Apoptosis regulation,1046,Y,0.001001,1.0,2.624499,0.941565,0.1131,0.338537,13.797659826591552,Low,False
GDSC2,343,15954706,687802,NCI-H1693,SIDM00742,LUAD,1909,Venetoclax,BCL2,Apoptosis regulation,1046,Y,0.001001,1.0,1.617261,0.884896,0.115738,-0.191122,5.039268839340721,Low,False
GDSC2,343,15954916,687804,NCI-H1770,SIDM00737,UNCLASSIFIED,1909,Venetoclax,BCL2,Apoptosis regulation,1046,Y,0.001001,1.0,0.640972,0.939188,0.125537,-0.704507,1.8983251548923676,Medium,False
GDSC2,343,15955055,687807,NCI-H1838,SIDM00769,LUAD,1909,Venetoclax,BCL2,Apoptosis regulation,1046,Y,0.001001,1.0,3.779533,0.96593,0.024724,0.945915,43.79558442123814,Low,False
GDSC2,343,15955338,687812,NCI-H2085,SIDM00709,LUAD,1909,Venetoclax,BCL2,Apoptosis regulation,1046,Y,0.001001,1.0,3.438702,0.977404,0.023071,0.766688,31.146503757199625,Low,False
GDSC2,343,15955616,687815,NCI-H2170,SIDM00716,LUSC,1909,Venetoclax,BCL2,Apoptosis regulation,1046,Y,0.001001,1.0,2.806933,0.977924,0.038981,0.43447,16.55905364031219,Low,False
GDSC2,343,15955896,687816,NCI-H2228,SIDM00729,LUAD,1909,Venetoclax,BCL2,Apoptosis regulation,1046,Y,0.001001,1.0,3.366279,0.960718,0.049335,0.728604,28.97052691748876,Low,False
GDSC2,343,15956066,687819,NCI-H2342,SIDM00727,LUAD,1909,Venetoclax,BCL2,Apoptosis regulation,1046,Y,0.001001,1.0,2.724761,0.968153,0.048675,0.39126,15.252768079626737,Low,False
GDSC2,343,15956234,687820,NCI-H2347,SIDM00726,LUAD,1909,Venetoclax,BCL2,Apoptosis regulation,1046,Y,0.001001,1.0,2.487809,0.917078,0.070511,0.266658,12.034878793296702,Low,False
GDSC2,343,15956515,687821,NCI-H2405,SIDM00724,LUAD,1909,Venetoclax,BCL2,Apoptosis regulation,1046,Y,0.001001,1.0,2.943774,0.919442,0.068136,0.506429,18.98736959578089,Low,False
GDSC2,343,15956796,687829,NCI-H661,SIDM01122,UNCLASSIFIED,1909,Venetoclax,BCL2,Apoptosis regulation,1046,Y,0.001001,1.0,1.81105,0.951961,0.056471,-0.089218,6.116866771597843,Low,False
GDSC2,343,15957077,687980,COR-L311,SIDM00509,SCLC,1909,Venetoclax,BCL2,Apoptosis regulation,1046,Y,0.001001,1.0,-0.13528,0.882339,0.120214,-1.112702,0.8734713054792291,Medium,False
GDSC2,343,15957360,687983,DMS-114,SIDM00865,SCLC,1909,Venetoclax,BCL2,Apoptosis regulation,1046,Y,0.001001,1.0,1.988627,0.960698,0.081467,0.004162,7.305496426661644,Low,False
GDSC2,343,15957640,687985,DMS-273,SIDM00522,SCLC,1909,Venetoclax,BCL2,Apoptosis regulation,1046,Y,0.001001,1.0,2.223787,0.970158,0.128718,0.127821,9.242265134157902,Low,False
GDSC2,343,15957921,687995,NCI-H1048,SIDM00654,SCLC,1909,Venetoclax,BCL2,Apoptosis regulation,1046,Y,0.001001,1.0,-0.871175,0.806625,0.145975,-1.499675,0.41845957027152464,Medium,False
GDSC2,343,15958202,687997,NCI-H1092,SIDM00653,SCLC,1909,Venetoclax,BCL2,Apoptosis regulation,1046,Y,0.001001,1.0,-0.104134,0.848229,0.14032,-1.096323,0.9011045413221896,Medium,False
GDSC2,343,15958480,688006,NCI-H1694,SIDM00741,SCLC,1909,Venetoclax,BCL2,Apoptosis regulation,1046,Y,0.001001,1.0,1.267284,0.953685,0.092109,-0.375159,3.5511944085061633,Low,False
GDSC2,343,15958737,688010,NCI-H1963,SIDM00760,SCLC,1909,Venetoclax,BCL2,Apoptosis regulation,1046,Y,0.001001,1.0,-3.266635,0.524422,0.128884,-2.759334,0.03813453412150568,High,False
GDSC2,343,15959004,688011,NCI-H2029,SIDM00735,SCLC,1909,Venetoclax,BCL2,Apoptosis regulation,1046,Y,0.001001,1.0,1.889671,0.971261,0.156103,-0.047875,6.617191266951274,Low,False
GDSC2,343,15959257,688013,NCI-H209,SIDM00706,SCLC,1909,Venetoclax,BCL2,Apoptosis regulation,1046,Y,0.001001,1.0,-2.384359,0.640886,0.117111,-2.295387,0.09214802753804048,High,False
GDSC2,343,15959538,688014,NCI-H2141,SIDM00699,SCLC,1909,Venetoclax,BCL2,Apoptosis regulation,1046,Y,0.001001,1.0,1.479606,0.93557,0.125861,-0.263508,4.3912152012473555,Low,False
GDSC2,343,15959747,688015,NCI-H2171,SIDM00733,SCLC,1909,Venetoclax,BCL2,Apoptosis regulation,1046,Y,0.001001,1.0,0.1533,0.935816,0.077409,-0.960951,1.1656746288812891,Medium,False
GDSC2,343,15960002,688018,NCI-H2227,SIDM00730,SCLC,1909,Venetoclax,BCL2,Apoptosis regulation,1046,Y,0.001001,1.0,1.622987,0.923954,0.075725,-0.188111,5.0682064620636815,Low,False
GDSC2,343,15960259,688021,NCI-H345,SIDM00719,SCLC,1909,Venetoclax,BCL2,Apoptosis regulation,1046,Y,0.001001,1.0,1.5322,0.917857,0.099404,-0.235852,4.628347995496984,Low,False
GDSC2,343,15960512,688023,NCI-H446,SIDM00965,SCLC,1909,Venetoclax,BCL2,Apoptosis regulation,1046,Y,0.001001,1.0,1.035729,0.939055,0.117491,-0.496923,2.817159196283075,Low,False
GDSC2,343,15960791,688025,NCI-H526,SIDM01128,SCLC,1909,Venetoclax,BCL2,Apoptosis regulation,1046,Y,0.001001,1.0,-0.947697,0.817426,0.131729,-1.539913,0.38763271441955,Medium,False
GDSC2,343,15960961,688026,NCI-H64,SIDM01126,SCLC,1909,Venetoclax,BCL2,Apoptosis regulation,1046,Y,0.001001,1.0,1.997446,0.952364,0.113769,0.008799,7.370208528246837,Low,False
GDSC2,343,15961129,688027,NCI-H69,SIDM01121,SCLC,1909,Venetoclax,BCL2,Apoptosis regulation,1046,Y,0.001001,1.0,1.317147,0.938976,0.094874,-0.348938,3.7327566165865536,Low,False
GDSC2,343,15961411,688031,NCI-H82,SIDM01131,SCLC,1909,Venetoclax,BCL2,Apoptosis regulation,1046,Y,0.001001,1.0,2.475249,0.987689,0.06436,0.260053,11.884666026539994,Low,False
GDSC2,343,15961691,688058,NCI-H2052,SIDM00713,MESO,1909,Venetoclax,BCL2,Apoptosis regulation,1046,Y,0.001001,1.0,2.377073,0.955324,0.069209,0.208427,10.773323152702062,Low,False
GDSC2,343,15961971,688086,SK-N-DZ,SIDM01100,NB,1909,Venetoclax,BCL2,Apoptosis regulation,1046,Y,0.001001,1.0,1.544478,0.963943,0.077696,-0.229396,4.685525144420219,Low,False
GDSC2,343,15962142,688087,SK-N-FI,SIDM01099,NB,1909,Venetoclax,BCL2,Apoptosis regulation,1046,Y,0.001001,1.0,1.865876,0.954777,0.06912,-0.060387,6.461593763615943,Low,False
GDSC2,343,15962422,688121,VA-ES-BJ,SIDM01179,UNCLASSIFIED,1909,Venetoclax,BCL2,Apoptosis regulation,1046,Y,0.001001,1.0,3.51614,0.974033,0.059622,0.807409,33.65427193368895,Low,False
GDSC2,343,15962705,713869,VMRC-LCD,SIDM00320,LUAD,1909,Venetoclax,BCL2,Apoptosis regulation,1046,Y,0.001001,1.0,2.394612,0.959394,0.018437,0.21765,10.963943223724932,Low,False
GDSC2,343,15963216,713880,SBC-5,SIDM00368,SCLC,1909,Venetoclax,BCL2,Apoptosis regulation,1046,Y,0.001001,1.0,1.356966,0.962597,0.150137,-0.328,3.884390165729121,Low,False
GDSC2,343,15963425,713885,SBC-1,SIDM00365,SCLC,1909,Venetoclax,BCL2,Apoptosis regulation,1046,Y,0.001001,1.0,1.914419,0.957987,0.058053,-0.034861,6.782996730839367,Low,False
GDSC2,343,15963675,713899,LU-135,SIDM00294,SCLC,1909,Venetoclax,BCL2,Apoptosis regulation,1046,Y,0.001001,1.0,2.456053,0.979748,0.12528,0.249959,11.65870370250855,Low,False
GDSC2,343,15963845,717431,SK-N-SH,SIDM01098,NB,1909,Venetoclax,BCL2,Apoptosis regulation,1046,Y,0.001001,1.0,0.498232,0.890203,0.104158,-0.779567,1.6458089067818622,Medium,False
GDSC2,343,15964054,722045,NCI-H2030,SIDM00715,LUAD,1909,Venetoclax,BCL2,Apoptosis regulation,1046,Y,0.001001,1.0,3.20723,0.96913,0.069891,0.644968,24.71054313175618,Low,False
GDSC2,343,15964305,722046,NCI-H2122,SIDM00702,LUAD,1909,Venetoclax,BCL2,Apoptosis regulation,1046,Y,0.001001,1.0,0.757118,0.935542,0.106576,-0.643431,2.132122580084486,Medium,False
GDSC2,343,15964514,722058,NCI-H1734,SIDM00739,LUAD,1909,Venetoclax,BCL2,Apoptosis regulation,1046,Y,0.001001,1.0,2.254358,0.986143,0.040679,0.143897,9.529173616473507,Low,False
GDSC2,343,15964765,722066,NCI-H650,SIDM01124,LUAD,1909,Venetoclax,BCL2,Apoptosis regulation,1046,Y,0.001001,1.0,1.717511,0.964247,0.136207,-0.138406,5.570645857000261,Low,False
GDSC2,343,15964975,724812,T24,SIDM01184,BLCA,1909,Venetoclax,BCL2,Apoptosis regulation,1046,Y,0.001001,1.0,3.453023,0.983909,0.024616,0.774219,31.595762073468382,Low,False
GDSC2,343,15965225,724825,NCI-H929,SIDM01148,MM,1909,Venetoclax,BCL2,Apoptosis regulation,1046,Y,0.001001,1.0,0.704903,0.94121,0.042766,-0.670889,2.023650381314789,Medium,False
GDSC2,343,15965507,724828,SK-N-AS,SIDM01101,NB,1909,Venetoclax,BCL2,Apoptosis regulation,1046,Y,0.001001,1.0,3.114447,0.972205,0.065062,0.596178,22.52097281133704,Low,False
GDSC2,343,15965789,724831,NCI-H1299,SIDM00649,UNCLASSIFIED,1909,Venetoclax,BCL2,Apoptosis regulation,1046,Y,0.001001,1.0,2.97154,0.970471,0.038536,0.52103,19.521960277596772,Low,False
GDSC2,343,15966071,724834,NCI-H2087,SIDM00708,LUAD,1909,Venetoclax,BCL2,Apoptosis regulation,1046,Y,0.001001,1.0,3.54268,0.973021,0.039498,0.821365,34.559414422537856,Low,False
GDSC2,343,15966241,724838,UM-UC-3,SIDM01182,BLCA,1909,Venetoclax,BCL2,Apoptosis regulation,1046,Y,0.001001,1.0,1.932091,0.960184,0.044775,-0.025568,6.903931279437116,Low,False
GDSC2,343,15966521,724839,SW756,SIDM01174,CESC,1909,Venetoclax,BCL2,Apoptosis regulation,1046,Y,0.001001,1.0,3.52972,0.968924,0.066721,0.81455,34.11441424135693,Low,False
GDSC2,343,15966804,724855,NCI-H727,SIDM01119,UNCLASSIFIED,1909,Venetoclax,BCL2,Apoptosis regulation,1046,Y,0.001001,1.0,3.950228,0.974035,0.042024,1.035675,51.947209448476436,Low,False
GDSC2,343,15967084,724859,Calu-6,SIDM00921,LUAD,1909,Venetoclax,BCL2,Apoptosis regulation,1046,Y,0.001001,1.0,4.011616,0.976248,0.032521,1.067957,55.236059951910725,Low,False
GDSC2,343,15967366,724863,LU-65,SIDM00547,UNCLASSIFIED,1909,Venetoclax,BCL2,Apoptosis regulation,1046,Y,0.001001,1.0,3.998772,0.977235,0.039263,1.061203,54.53114465462621,Low,False
GDSC2,343,15967648,724866,NCI-H1355,SIDM00645,LUAD,1909,Venetoclax,BCL2,Apoptosis regulation,1046,Y,0.001001,1.0,2.521465,0.939178,0.045564,0.284356,12.446817901487549,Low,False
GDSC2,343,15967930,724868,NCI-H1792,SIDM00771,LUAD,1909,Venetoclax,BCL2,Apoptosis regulation,1046,Y,0.001001,1.0,1.828623,0.970504,0.055425,-0.079977,6.225308504010753,Low,False
GDSC2,343,15968190,724869,HPAF-II,SIDM00669,PAAD,1909,Venetoclax,BCL2,Apoptosis regulation,1046,Y,0.001001,10.0,3.146067,0.913716,0.138021,0.612805,23.24446408938924,Low,False
GDSC2,343,15968459,724870,MIA-PaCa-2,SIDM00505,PAAD,1909,Venetoclax,BCL2,Apoptosis regulation,1046,Y,0.001001,10.0,3.237991,0.943715,0.118933,0.661144,25.48247599395638,Low,False
GDSC2,343,15968740,724872,SHP-77,SIDM01078,SCLC,1909,Venetoclax,BCL2,Apoptosis regulation,1046,Y,0.001001,1.0,0.43674,0.921641,0.090069,-0.811903,1.5476536347960663,Medium,False
GDSC2,343,15968910,724873,NCI-H2009,SIDM00756,LUAD,1909,Venetoclax,BCL2,Apoptosis regulation,1046,Y,0.001001,1.0,3.451903,0.980665,0.043984,0.77363,31.560394629411853,Low,False
GDSC2,343,15969118,724874,NCI-H2291,SIDM00728,LUAD,1909,Venetoclax,BCL2,Apoptosis regulation,1046,Y,0.001001,1.0,3.074215,0.939774,0.063664,0.575021,21.632893423065628,Low,False
GDSC2,343,15969369,724878,SW1573,SIDM01163,LUAD,1909,Venetoclax,BCL2,Apoptosis regulation,1046,Y,0.001001,1.0,4.011675,0.970111,0.057771,1.067987,55.239318975588155,Low,False
GDSC2,343,15969651,735784,TE-5,SIDM00347,ESCA,1909,Venetoclax,BCL2,Apoptosis regulation,1046,Y,0.001001,1.0,2.189371,0.956107,0.069477,0.109724,8.929594632847387,Low,False
GDSC2,343,15969934,749709,HCC1954,SIDM00872,BRCA,1909,Venetoclax,BCL2,Apoptosis regulation,1046,Y,0.000977,1.0,1.971214,0.97177,0.091333,-0.004995,7.17938697579956,Low,False
GDSC2,343,15970219,749710,HCC1143,SIDM00866,BRCA,1909,Venetoclax,BCL2,Apoptosis regulation,1046,Y,0.000977,1.0,3.910819,0.982919,0.078394,1.014952,49.93983595477918,Low,False
GDSC2,343,15970502,749711,HCC1187,SIDM00885,BRCA,1909,Venetoclax,BCL2,Apoptosis regulation,1046,Y,0.000977,1.0,2.270133,0.978043,0.100423,0.152193,9.680688259994367,Low,False
GDSC2,343,15970679,749712,HCC1395,SIDM00884,BRCA,1909,Venetoclax,BCL2,Apoptosis regulation,1046,Y,0.000977,1.0,2.663474,0.97006,0.097641,0.359032,14.346040775632881,Low,False
GDSC2,343,15970891,749713,HCC1599,SIDM00877,BRCA,1909,Venetoclax,BCL2,Apoptosis regulation,1046,Y,0.000977,1.0,3.387655,0.974755,0.064127,0.739845,29.59646711548066,Low,False
GDSC2,343,15971149,749714,HCC1937,SIDM00874,BRCA,1909,Venetoclax,BCL2,Apoptosis regulation,1046,Y,0.001001,1.0,2.848458,0.964618,0.079886,0.456306,17.261144623541895,Low,False
GDSC2,343,15971428,749715,HCC2157,SIDM00774,BRCA,1909,Venetoclax,BCL2,Apoptosis regulation,1046,Y,0.001001,1.0,0.235767,0.916422,0.100816,-0.917585,1.2658793259196104,Medium,False
GDSC2,343,15971628,749716,HCC2218,SIDM00772,BRCA,1909,Venetoclax,BCL2,Apoptosis regulation,1046,Y,0.000977,1.0,3.227945,0.992662,0.069675,0.655861,25.22776061765389,Low,False
GDSC2,343,15971882,749717,HCC38,SIDM00675,BRCA,1909,Venetoclax,BCL2,Apoptosis regulation,1046,Y,0.000977,1.0,3.942789,0.983676,0.074657,1.031764,51.562207945933835,Low,False
GDSC2,343,15972092,753531,BB30-HNC,SIDM00172,HNSC,1909,Venetoclax,BCL2,Apoptosis regulation,1046,Y,0.001001,1.0,2.505093,0.989082,0.038746,0.275747,12.244697669733759,Low,False
GDSC2,343,15972312,753532,BB49-HNC,SIDM00174,HNSC,1909,Venetoclax,BCL2,Apoptosis regulation,1046,Y,0.001001,1.0,2.013723,0.948164,0.08774,0.017358,7.491155065561524,Low,False
GDSC2,343,15972500,753533,BB65-RCC,SIDM00191,KIRC,1909,Venetoclax,BCL2,Apoptosis regulation,1046,Y,0.001001,1.0,2.33841,0.974608,0.062126,0.188096,10.36474351204707,Low,False
GDSC2,343,15972679,753534,BEN,SIDM00990,UNCLASSIFIED,1909,Venetoclax,BCL2,Apoptosis regulation,1046,Y,0.001001,1.0,2.186174,0.940303,0.062974,0.108042,8.901092304055148,Low,False
GDSC2,343,15972859,753535,BHY,SIDM00986,HNSC,1909,Venetoclax,BCL2,Apoptosis regulation,1046,Y,0.001001,1.0,3.044686,0.976353,0.036568,0.559493,21.003435088725926,Low,False
GDSC2,343,15973112,753538,Ca9-22,SIDM00489,HNSC,1909,Venetoclax,BCL2,Apoptosis regulation,1046,Y,0.001001,1.0,2.656865,0.977819,0.033413,0.355557,14.251540412568726,Low,False
GDSC2,343,15973392,753539,CADO-ES1,SIDM00961,UNCLASSIFIED,1909,Venetoclax,BCL2,Apoptosis regulation,1046,Y,0.001001,1.0,-0.95261,0.810527,0.166542,-1.542497,0.3857329454972797,Medium,False
GDSC2,343,15973602,753540,CAL-12T,SIDM00939,UNCLASSIFIED,1909,Venetoclax,BCL2,Apoptosis regulation,1046,Y,0.001001,1.0,2.139528,0.96428,0.100707,0.083514,8.495426840945703,Low,False
GDSC2,343,15973853,753541,CAL-33,SIDM00942,HNSC,1909,Venetoclax,BCL2,Apoptosis regulation,1046,Y,0.001001,1.0,1.779961,0.960138,0.078235,-0.105566,5.929625158700418,Low,False
GDSC2,343,15974063,753545,CP50-MEL-B,SIDM00175,SKCM,1909,Venetoclax,BCL2,Apoptosis regulation,1046,Y,0.001001,1.0,2.461814,0.978802,0.084794,0.252988,11.726063337667291,Low,False
GDSC2,343,15974320,753546,CP66-MEL,SIDM00190,SKCM,1909,Venetoclax,BCL2,Apoptosis regulation,1046,Y,0.001001,1.0,2.64995,0.960248,0.081569,0.35192,14.153330961135788,Low,False
GDSC2,343,15974572,753547,CPC-N,SIDM00953,SCLC,1909,Venetoclax,BCL2,Apoptosis regulation,1046,Y,0.001001,1.0,2.512128,0.983403,0.028616,0.279446,12.331142832176441,Low,False
GDSC2,343,15974851,753548,CTV-1,SIDM00951,LAML,1909,Venetoclax,BCL2,Apoptosis regulation,1046,Y,0.001001,1.0,1.933699,0.992831,0.037411,-0.024723,6.915041731343793,Low,False
GDSC2,343,15975061,753549,D-542MG,SIDM00207,GBM,1909,Venetoclax,BCL2,Apoptosis regulation,1046,Y,0.001001,1.0,2.667684,0.956649,0.042929,0.361246,14.406564921230137,Low,False
GDSC2,343,15975318,753551,DMS-79,SIDM00524,SCLC,1909,Venetoclax,BCL2,Apoptosis regulation,1046,Y,0.001001,1.0,2.265866,0.980346,0.042966,0.149948,9.63946876751742,Low,False
GDSC2,343,15975571,753552,DSH1,SIDM00970,BLCA,1909,Venetoclax,BCL2,Apoptosis regulation,1046,Y,0.001001,1.0,2.624155,0.967283,0.081462,0.338356,13.792914247897535,Low,False
GDSC2,343,15975851,753554,EBC-1,SIDM00486,LUSC,1909,Venetoclax,BCL2,Apoptosis regulation,1046,Y,0.001001,1.0,1.693172,0.938779,0.095144,-0.151204,5.436698591058365,Low,False
GDSC2,343,15976132,753555,EC-GI-10,SIDM00278,ESCA,1909,Venetoclax,BCL2,Apoptosis regulation,1046,Y,0.001001,1.0,1.386429,0.947097,0.082916,-0.312506,4.00053859177732,Low,False
GDSC2,343,15976413,753556,EPLC-272H,SIDM01044,LUSC,1909,Venetoclax,BCL2,Apoptosis regulation,1046,Y,0.001001,1.0,3.362544,0.979928,0.092448,0.72664,28.86252382079062,Low,False
GDSC2,343,15976700,753558,HA7-RCC,SIDM00188,KIRC,1909,Venetoclax,BCL2,Apoptosis regulation,1046,Y,0.001001,1.0,2.352546,0.962316,0.061143,0.195529,10.512299998446112,Low,False
GDSC2,343,15976880,753559,HCE-4,SIDM00052,ESCA,1909,Venetoclax,BCL2,Apoptosis regulation,1046,Y,0.001001,1.0,2.83289,0.989006,0.026556,0.44812,16.994504039635267,Low,False
GDSC2,343,15977021,753561,HO-1-u-1,SIDM00591,HNSC,1909,Venetoclax,BCL2,Apoptosis regulation,1046,Y,0.001001,1.0,2.989379,0.979846,0.12476,0.53041,19.873337316311115,Low,False
GDSC2,343,15977302,753562,HSC-2,SIDM00590,HNSC,1909,Venetoclax,BCL2,Apoptosis regulation,1046,Y,0.001001,1.0,2.85945,0.986488,0.039,0.462086,17.45192573733669,Low,False
GDSC2,343,15977583,753563,IM-9,SIDM00632,MM,1909,Venetoclax,BCL2,Apoptosis regulation,1046,Y,0.001001,1.0,0.603732,0.951126,0.150277,-0.72409,1.8289316526284938,Medium,False
GDSC2,343,15977791,753564,IST-SL1,SIDM00223,SCLC,1909,Venetoclax,BCL2,Apoptosis regulation,1046,Y,0.001001,1.0,1.572077,0.982319,0.048098,-0.214883,4.816641977024848,Low,False
GDSC2,343,15978051,753565,IST-SL2,SIDM00230,SCLC,1909,Venetoclax,BCL2,Apoptosis regulation,1046,Y,0.001001,1.0,-1.484758,0.734515,0.169473,-1.822329,0.22655716087588906,High,False
GDSC2,343,15978313,753566,J82,SIDM00693,BLCA,1909,Venetoclax,BCL2,Apoptosis regulation,1046,Y,0.001001,1.0,2.434106,0.959422,0.099952,0.238418,11.405617532044669,Low,False
GDSC2,343,15978596,753569,KNS-62,SIDM00606,LUSC,1909,Venetoclax,BCL2,Apoptosis regulation,1046,Y,0.001001,1.0,2.289633,0.966123,0.040206,0.162446,9.871314243985584,Low,False
GDSC2,343,15978805,753570,KOSC-2,SIDM00603,HNSC,1909,Venetoclax,BCL2,Apoptosis regulation,1046,Y,0.001001,1.0,2.205703,0.977405,0.066021,0.118312,9.076630196533898,Low,False
GDSC2,343,15979058,753572,KP-4,SIDM00301,PAAD,1909,Venetoclax,BCL2,Apoptosis regulation,1046,Y,0.001001,10.0,2.976972,0.949461,0.095513,0.523886,19.628292101601037,Low,False
GDSC2,343,15979337,753573,KYSE-140,SIDM01032,ESCA,1909,Venetoclax,BCL2,Apoptosis regulation,1046,Y,0.001001,1.0,2.424467,0.972861,0.066322,0.233349,11.296206936133439,Low,False
GDSC2,343,15979618,753574,KYSE-410,SIDM01028,ESCA,1909,Venetoclax,BCL2,Apoptosis regulation,1046,Y,0.001001,1.0,3.347238,0.955286,0.099793,0.718591,28.42411771202267,Low,False
GDSC2,343,15979899,753575,KYSE-520,SIDM01025,ESCA,1909,Venetoclax,BCL2,Apoptosis regulation,1046,Y,0.001001,1.0,3.103309,0.947687,0.064804,0.590321,22.27152596441119,Low,False
GDSC2,343,15980182,753576,KYSE-70,SIDM01024,ESCA,1909,Venetoclax,BCL2,Apoptosis regulation,1046,Y,0.001001,1.0,3.012313,0.966186,0.074285,0.54247,20.33437899161356,Low,False
GDSC2,343,15980391,753577,LB1047-RCC,SIDM00187,KIRC,1909,Venetoclax,BCL2,Apoptosis regulation,1046,Y,0.001001,1.0,3.189427,0.970463,0.087087,0.635606,24.27451416070574,Low,False
GDSC2,343,15980570,753578,LB2241-RCC,SIDM00186,KIRC,1909,Venetoclax,BCL2,Apoptosis regulation,1046,Y,0.001001,1.0,1.814551,0.942573,0.024099,-0.087377,6.138319453172179,Low,False
GDSC2,343,15980750,753579,LB2518-MEL,SIDM00185,SKCM,1909,Venetoclax,BCL2,Apoptosis regulation,1046,Y,0.001001,1.0,3.365048,0.986718,0.042248,0.727957,28.93488614025243,Low,False
GDSC2,343,15980929,753581,LB373-MEL-D,SIDM00184,SKCM,1909,Venetoclax,BCL2,Apoptosis regulation,1046,Y,0.001001,1.0,3.239738,0.987961,0.046106,0.662062,25.527032788545583,Low,False
GDSC2,343,15981109,753582,LB647-SCLC,SIDM00183,SCLC,1909,Venetoclax,BCL2,Apoptosis regulation,1046,Y,0.001001,1.0,1.907588,0.971851,0.046834,-0.038453,6.736819976435996,Low,False
GDSC2,343,15981360,753583,LB771-HNC,SIDM00182,HNSC,1909,Venetoclax,BCL2,Apoptosis regulation,1046,Y,0.001001,1.0,1.387126,0.922909,0.116825,-0.31214,4.0033279391504255,Low,False
GDSC2,343,15981643,753584,LB831-BLC,SIDM00181,BLCA,1909,Venetoclax,BCL2,Apoptosis regulation,1046,Y,0.001001,1.0,2.263512,0.965176,0.038574,0.148711,9.616804144765648,Low,False
GDSC2,343,15981923,753585,LB996-RCC,SIDM00180,KIRC,1909,Venetoclax,BCL2,Apoptosis regulation,1046,Y,0.001001,1.0,1.926546,0.940511,0.053673,-0.028484,6.865754922260311,Low,False
GDSC2,343,15982206,753586,LCLC-103H,SIDM00345,UNCLASSIFIED,1909,Venetoclax,BCL2,Apoptosis regulation,1046,Y,0.001001,1.0,3.775222,0.981832,0.037256,0.943648,43.60718803697888,Low,False
GDSC2,343,15982415,753588,LU-134-A,SIDM00296,SCLC,1909,Venetoclax,BCL2,Apoptosis regulation,1046,Y,0.001001,1.0,1.830011,0.965979,0.140969,-0.079247,6.233955231655113,Low,False
GDSC2,343,15982668,753589,LU-165,SIDM00292,SCLC,1909,Venetoclax,BCL2,Apoptosis regulation,1046,Y,0.001001,1.0,3.837719,0.964855,0.039974,0.976512,46.41947077573197,Low,False
GDSC2,343,15982948,753592,LXF-289,SIDM00339,LUAD,1909,Venetoclax,BCL2,Apoptosis regulation,1046,Y,0.001001,1.0,2.353149,0.975406,0.087178,0.195847,10.518640826912831,Low,False
GDSC2,343,15983230,753594,MS-1,SIDM00245,SCLC,1909,Venetoclax,BCL2,Apoptosis regulation,1046,Y,0.001001,1.0,1.360364,0.966862,0.040249,-0.326213,3.897611774303402,Low,False
GDSC2,343,15983620,753596,MZ7-mel,SIDM00516,SKCM,1909,Venetoclax,BCL2,Apoptosis regulation,1046,Y,0.001001,1.0,3.1382,0.984794,0.030171,0.608668,23.062317304193936,Low,False
GDSC2,343,15983871,753600,NCI-H1563,SIDM00751,LUAD,1909,Venetoclax,BCL2,Apoptosis regulation,1046,Y,0.001001,1.0,1.7703,0.952313,0.095334,-0.110647,5.872614881605838,Low,False
GDSC2,343,15984081,753604,NCI-H292,SIDM00493,UNCLASSIFIED,1909,Venetoclax,BCL2,Apoptosis regulation,1046,Y,0.001001,1.0,3.093562,0.978316,0.09608,0.585195,22.05549991406812,Low,False
GDSC2,343,15984261,753605,NCI-H510A,SIDM00927,SCLC,1909,Venetoclax,BCL2,Apoptosis regulation,1046,Y,0.001001,1.0,-0.898909,0.82153,0.1437,-1.514258,0.4070134692934657,Medium,False
GDSC2,343,15984401,753607,NCI-H835,SIDM01133,UNCLASSIFIED,1909,Venetoclax,BCL2,Apoptosis regulation,1046,Y,0.001001,1.0,2.432123,0.981936,0.026527,0.237376,11.383022602755164,Low,False
GDSC2,343,15984690,753608,PC-14,SIDM00237,LUAD,1909,Venetoclax,BCL2,Apoptosis regulation,1046,Y,0.001001,1.0,2.091626,0.957044,0.086638,0.058324,8.098071929913925,Low,False
GDSC2,343,15984975,753610,SBC-3,SIDM00367,SCLC,1909,Venetoclax,BCL2,Apoptosis regulation,1046,Y,0.001001,1.0,2.484128,0.973816,0.080752,0.264722,11.990659839372952,Low,False
GDSC2,343,15985768,753615,U-266,SIDM00417,MM,1909,Venetoclax,BCL2,Apoptosis regulation,1046,Y,0.001001,1.0,2.562674,0.968981,0.108964,0.306026,12.970453979626242,Low,False
GDSC2,343,15986048,753616,BE2-M17,SIDM01229,NB,1909,Venetoclax,BCL2,Apoptosis regulation,1046,Y,0.001001,1.0,1.661731,0.952356,0.065738,-0.167738,5.268422595463967,Low,False
GDSC2,343,15986331,753618,KELLY,SIDM01009,NB,1909,Venetoclax,BCL2,Apoptosis regulation,1046,Y,0.001001,1.0,0.935088,0.959529,0.103102,-0.549845,2.5474376223863886,Medium,False
GDSC2,343,15986604,753620,SIMA,SIDM00395,NB,1909,Venetoclax,BCL2,Apoptosis regulation,1046,Y,0.001001,1.0,0.366389,0.899057,0.125444,-0.848898,1.4425162723571112,Medium,False
GDSC2,343,15986883,753621,TE-1,SIDM00369,ESCA,1909,Venetoclax,BCL2,Apoptosis regulation,1046,Y,0.001001,1.0,2.299606,0.950886,0.111935,0.167691,9.970253401001951,Low,False
GDSC2,343,15987093,753622,TE-10,SIDM00349,ESCA,1909,Venetoclax,BCL2,Apoptosis regulation,1046,Y,0.001001,1.0,1.776532,0.965444,0.163029,-0.10737,5.90932729460781,Low,False
GDSC2,343,15987348,753623,TE-8,SIDM00326,ESCA,1909,Venetoclax,BCL2,Apoptosis regulation,1046,Y,0.001001,1.0,1.834704,0.937107,0.072255,-0.076779,6.263279940164583,Low,False
GDSC2,343,15987619,753624,CAPAN-1,SIDM00934,PAAD,1909,Venetoclax,BCL2,Apoptosis regulation,1046,Y,0.001001,10.0,5.307238,0.978193,0.105213,1.749264,201.79210817616055,Low,False
GDSC2,343,15987899,905933,OVCAR-3,SIDM00105,OV,1909,Venetoclax,BCL2,Apoptosis regulation,1046,Y,0.001001,1.0,1.646245,0.954763,0.075212,-0.175881,5.187464281296985,Low,False
GDSC2,343,15988180,905934,PC-3,SIDM00088,PRAD,1909,Venetoclax,BCL2,Apoptosis regulation,1046,Y,0.001001,1.0,2.034149,0.93213,0.107082,0.0281,7.64574282901834,Low,False
GDSC2,343,15988463,905935,DU-145,SIDM00120,PRAD,1909,Venetoclax,BCL2,Apoptosis regulation,1046,Y,0.001001,1.0,3.219044,0.976267,0.049316,0.65118,25.004204731850734,Low,False
GDSC2,343,15988745,905936,HCT-116,SIDM00783,COREAD,1909,Venetoclax,BCL2,Apoptosis regulation,1046,Y,0.001001,1.0,1.641371,0.961525,0.02952,-0.178444,5.162242096784837,Low,False
GDSC2,343,15989028,905937,HCT-15,SIDM00789,COREAD,1909,Venetoclax,BCL2,Apoptosis regulation,1046,Y,0.001001,1.0,2.343865,0.971707,0.093072,0.190965,10.421437680662773,Low,False
GDSC2,343,15989603,905939,HT-29,SIDM00136,COREAD,1909,Venetoclax,BCL2,Apoptosis regulation,1046,Y,0.001001,1.0,2.787383,0.967706,0.083891,0.42419,16.238468076185395,Low,False
GDSC2,343,15989889,905940,K-562,SIDM00791,LCML,1909,Venetoclax,BCL2,Apoptosis regulation,1046,Y,0.001001,1.0,2.274352,0.977668,0.109112,0.154411,9.721617362994712,Low,False
GDSC2,343,15990171,905941,NCI-H226,SIDM00139,LUSC,1909,Venetoclax,BCL2,Apoptosis regulation,1046,Y,0.001001,1.0,4.964245,0.966913,0.043476,1.5689,143.20039315233842,Low,False
GDSC2,343,15990451,905942,NCI-H23,SIDM00138,LUAD,1909,Venetoclax,BCL2,Apoptosis regulation,1046,Y,0.001001,1.0,2.460041,0.982114,0.047772,0.252056,11.705291447092021,Low,False
GDSC2,343,15990660,905943,NCI-H460,SIDM00144,UNCLASSIFIED,1909,Venetoclax,BCL2,Apoptosis regulation,1046,Y,0.001001,1.0,2.003907,0.967448,0.079286,0.012196,7.417981610300828,Low,False
GDSC2,343,15990911,905944,NCI-H522,SIDM00116,LUAD,1909,Venetoclax,BCL2,Apoptosis regulation,1046,Y,0.001001,1.0,2.901927,0.981775,0.023513,0.484423,18.209200712545393,Low,False
GDSC2,343,15991194,905945,T47D,SIDM00097,BRCA,1909,Venetoclax,BCL2,Apoptosis regulation,1046,Y,0.000977,1.0,2.157161,0.964158,0.069275,0.092785,8.646555209947792,Low,False
GDSC2,343,15991479,905946,MCF7,SIDM00148,BRCA,1909,Venetoclax,BCL2,Apoptosis regulation,1046,Y,0.000977,1.0,3.114911,0.968448,0.094329,0.596422,22.53142496743419,Low,False
GDSC2,343,15991761,905947,786-0,SIDM00125,KIRC,1909,Venetoclax,BCL2,Apoptosis regulation,1046,Y,0.001001,1.0,2.075168,0.960096,0.119866,0.049669,7.9658846152418645,Low,False
GDSC2,343,15992042,905948,A498,SIDM00124,KIRC,1909,Venetoclax,BCL2,Apoptosis regulation,1046,Y,0.001001,1.0,1.499474,0.922543,0.072852,-0.253061,4.479332321766279,Low,False
GDSC2,343,15992325,905949,A549,SIDM00903,LUAD,1909,Venetoclax,BCL2,Apoptosis regulation,1046,Y,0.001001,1.0,1.904292,0.945678,0.095017,-0.040186,6.714651970735779,Low,False
GDSC2,343,15992608,905950,ACHN,SIDM00123,KIRC,1909,Venetoclax,BCL2,Apoptosis regulation,1046,Y,0.001001,1.0,2.357492,0.946069,0.080907,0.19813,10.564422627243532,Low,False
GDSC2,343,15992892,905951,BT-549,SIDM00122,BRCA,1909,Venetoclax,BCL2,Apoptosis regulation,1046,Y,0.000977,1.0,4.761756,0.985901,0.060785,1.46242,116.95111184540465,Low,False
GDSC2,343,15993174,905952,CCRF-CEM,SIDM00121,ALL,1909,Venetoclax,BCL2,Apoptosis regulation,1046,Y,0.001001,1.0,1.095292,0.981025,0.058949,-0.465601,2.990055652184155,Low,False
GDSC2,343,15993383,905954,SK-MEL-28,SIDM00081,SKCM,1909,Venetoclax,BCL2,Apoptosis regulation,1046,Y,0.001001,1.0,2.895829,0.970818,0.148624,0.481216,18.09849887953181,Low,False
GDSC2,343,15993631,905955,SK-MEL-2,SIDM00082,SKCM,1909,Venetoclax,BCL2,Apoptosis regulation,1046,Y,0.001001,1.0,3.124624,0.990133,0.056438,0.601529,22.751338981621398,Low,False
GDSC2,343,15993911,905956,SK-MEL-5,SIDM00080,SKCM,1909,Venetoclax,BCL2,Apoptosis regulation,1046,Y,0.001001,1.0,2.581171,0.968291,0.115023,0.315753,13.212601060204639,Low,False
GDSC2,343,15994166,905957,Hs-578-T,SIDM00135,BRCA,1909,Venetoclax,BCL2,Apoptosis regulation,1046,Y,0.000977,1.0,3.827015,0.984633,0.048573,0.970884,45.92524656733977,Low,False
GDSC2,343,15994448,905958,MOLT-4,SIDM00145,ALL,1909,Venetoclax,BCL2,Apoptosis regulation,1046,Y,0.001001,1.0,-0.03189,0.917543,0.120575,-1.058333,0.968613123662906,Medium,False
GDSC2,343,15994730,905959,SK-OV-3,SIDM00079,OV,1909,Venetoclax,BCL2,Apoptosis regulation,1046,Y,0.001001,1.0,2.470772,0.932215,0.087987,0.257699,11.831577304517175,Low,False
GDSC2,343,15995015,905960,MDA-MB-231,SIDM00146,BRCA,1909,Venetoclax,BCL2,Apoptosis regulation,1046,Y,0.000977,1.0,3.454595,0.98784,0.06359,0.775045,31.64546967138345,Low,False
GDSC2,343,15995297,905961,COLO-205,SIDM00826,COREAD,1909,Venetoclax,BCL2,Apoptosis regulation,1046,Y,0.001001,1.0,1.954425,0.952708,0.062984,-0.013823,7.059858437792909,Low,False
GDSC2,343,15995591,905962,SW620,SIDM00841,COREAD,1909,Venetoclax,BCL2,Apoptosis regulation,1046,Y,0.001001,1.0,4.120572,0.980792,0.059588,1.125252,61.59446422352374,Low,False
GDSC2,343,15995803,905963,CAKI-1,SIDM00941,KIRC,1909,Venetoclax,BCL2,Apoptosis regulation,1046,Y,0.001001,1.0,3.004111,0.950629,0.070751,0.538157,20.168278524310065,Low,False
GDSC2,343,15996054,905964,RPMI-8226,SIDM00087,MM,1909,Venetoclax,BCL2,Apoptosis regulation,1046,Y,0.001001,1.0,0.853445,0.957777,0.10006,-0.592778,2.3477208347811596,Medium,False
GDSC2,343,15996334,905965,SR,SIDM00096,UNCLASSIFIED,1909,Venetoclax,BCL2,Apoptosis regulation,1046,Y,0.001001,1.0,0.721962,0.964956,0.102556,-0.661918,2.058467965403293,Medium,False
GDSC2,343,15996614,905967,NCI-H322M,SIDM00117,LUAD,1909,Venetoclax,BCL2,Apoptosis regulation,1046,Y,0.001001,1.0,2.258197,0.947556,0.05345,0.145916,9.56582642403576,Low,False
GDSC2,343,15996895,905968,IGROV-1,SIDM00151,OV,1909,Venetoclax,BCL2,Apoptosis regulation,1046,Y,0.001001,1.0,2.757446,0.960349,0.064183,0.408447,15.759541636053063,Low,False
GDSC2,343,15997176,905969,OVCAR-5,SIDM00091,OV,1909,Venetoclax,BCL2,Apoptosis regulation,1046,Y,0.001001,1.0,3.994702,0.960679,0.027478,1.059062,54.309653935243375,Low,False
GDSC2,343,15997462,905970,EKVX,SIDM00119,LUAD,1909,Venetoclax,BCL2,Apoptosis regulation,1046,Y,0.001001,1.0,3.084384,0.944724,0.053385,0.580369,21.85400063051952,Low,False
GDSC2,343,15997718,905971,HCC2998,SIDM00118,COREAD,1909,Venetoclax,BCL2,Apoptosis regulation,1046,Y,0.001001,1.0,2.062581,0.976259,0.075083,0.04305,7.866246414099911,Low,False
GDSC2,343,15997999,905972,HOP-62,SIDM00133,LUAD,1909,Venetoclax,BCL2,Apoptosis regulation,1046,Y,0.001001,1.0,3.094742,0.963593,0.102427,0.585815,22.081540765047194,Low,False
GDSC2,343,15998280,905973,HOP-92,SIDM00134,UNCLASSIFIED,1909,Venetoclax,BCL2,Apoptosis regulation,1046,Y,0.001001,1.0,2.04403,0.944188,0.071147,0.033295,7.721664889135327,Low,False
GDSC2,343,15998562,905974,LOXIMVI,SIDM00149,SKCM,1909,Venetoclax,BCL2,Apoptosis regulation,1046,Y,0.001001,1.0,2.616424,0.978434,0.039007,0.334291,13.686692357622393,Low,False
GDSC2,343,15998815,905975,M14,SIDM00003,SKCM,1909,Venetoclax,BCL2,Apoptosis regulation,1046,Y,0.001001,1.0,1.840777,0.955313,0.073568,-0.073586,6.301432572449227,Low,False
GDSC2,343,15999086,905976,UACC-62,SIDM00107,SKCM,1909,Venetoclax,BCL2,Apoptosis regulation,1046,Y,0.001001,1.0,3.218863,0.981133,0.068963,0.651085,24.999679380350933,Low,False
GDSC2,343,15999366,905977,UACC-257,SIDM00108,SKCM,1909,Venetoclax,BCL2,Apoptosis regulation,1046,Y,0.001001,1.0,3.09456,0.966958,0.062219,0.58572,22.077522290320243,Low,False
GDSC2,343,15999653,905978,RXF393,SIDM00086,KIRC,1909,Venetoclax,BCL2,Apoptosis regulation,1046,Y,0.001001,1.0,1.216143,0.925106,0.070888,-0.402052,3.374148512834815,Low,False
GDSC2,343,15999906,905979,SN12C,SIDM00094,KIRC,1909,Venetoclax,BCL2,Apoptosis regulation,1046,Y,0.001001,1.0,3.195947,0.979607,0.088179,0.639034,24.433301075869434,Low,False
GDSC2,343,16000188,905980,TK10,SIDM00113,KIRC,1909,Venetoclax,BCL2,Apoptosis regulation,1046,Y,0.001001,1.0,4.617249,0.946227,0.060842,1.386431,101.21520574869062,Low,False
GDSC2,343,16000397,905981,U031,SIDM00112,KIRC,1909,Venetoclax,BCL2,Apoptosis regulation,1046,Y,0.001001,1.0,2.442853,0.973404,0.075162,0.243018,11.505820065503634,Low,False
GDSC2,343,16000577,905982,SNB75,SIDM00095,GBM,1909,Venetoclax,BCL2,Apoptosis regulation,1046,Y,0.001001,1.0,3.601399,0.977009,0.065966,0.852243,36.649471205422806,Low,False
GDSC2,343,16000828,905983,U251,SIDM00111,GBM,1909,Venetoclax,BCL2,Apoptosis regulation,1046,Y,0.001001,1.0,2.84061,0.972926,0.109694,0.452179,17.126209339159303,Low,False
GDSC2,343,16001110,905984,SF539,SIDM00083,LGG,1909,Venetoclax,BCL2,Apoptosis regulation,1046,Y,0.001001,1.0,1.924944,0.973764,0.090915,-0.029326,6.85476478832256,Low,False
GDSC2,343,16001319,905985,SF295,SIDM00084,GBM,1909,Venetoclax,BCL2,Apoptosis regulation,1046,Y,0.001001,1.0,2.272789,0.961806,0.040254,0.153589,9.706434343676918,Low,False
GDSC2,343,16001570,905986,SF268,SIDM00085,GBM,1909,Venetoclax,BCL2,Apoptosis regulation,1046,Y,0.001001,1.0,2.932446,0.97198,0.074503,0.500472,18.77349434949315,Low,False
GDSC2,343,16001852,905989,KM12,SIDM00150,COREAD,1909,Venetoclax,BCL2,Apoptosis regulation,1046,Y,0.001001,1.0,1.446233,0.939128,0.165164,-0.281058,4.247085572258754,Low,False
GDSC2,343,16002133,905990,OVCAR-4,SIDM00092,OV,1909,Venetoclax,BCL2,Apoptosis regulation,1046,Y,0.001001,1.0,2.185889,0.957818,0.059215,0.107892,8.898555854209764,Low,False
GDSC2,343,16002414,905991,OVCAR-8,SIDM00090,OV,1909,Venetoclax,BCL2,Apoptosis regulation,1046,Y,0.001001,1.0,2.712415,0.988566,0.046892,0.384768,15.065615077604114,Low,False
GDSC2,343,16002697,906693,BxPC-3,SIDM00132,PAAD,1909,Venetoclax,BCL2,Apoptosis regulation,1046,Y,0.001001,10.0,3.600688,0.940963,0.113225,0.851869,36.623422692739354,Low,False
GDSC2,343,16002906,906695,BONNA-12,SIDM00984,UNIDENTIFIED,1909,Venetoclax,BCL2,Apoptosis regulation,1046,Y,0.001001,1.0,-2.356977,0.643661,0.263248,-2.280988,0.09470608739706605,High,False
GDSC2,343,16003156,906696,BHT-101,SIDM00987,THCA,1909,Venetoclax,BCL2,Apoptosis regulation,1046,Y,0.001001,1.0,1.998708,0.96298,0.110866,0.009463,7.379515602938376,Low,False
GDSC2,343,16003439,906746,Becker,SIDM00490,GBM,1909,Venetoclax,BCL2,Apoptosis regulation,1046,Y,0.001001,1.0,2.516557,0.966983,0.078147,0.281775,12.385878586633526,Low,False
GDSC2,343,16003721,906763,BE-13,SIDM01245,ALL,1909,Venetoclax,BCL2,Apoptosis regulation,1046,Y,0.001001,1.0,1.272331,0.954214,0.126534,-0.372505,3.5691625912542992,Low,False
GDSC2,343,16003999,906765,ARH-77,SIDM00900,MM,1909,Venetoclax,BCL2,Apoptosis regulation,1046,Y,0.001001,1.0,-0.087287,0.892425,0.134157,-1.087464,0.916414047055982,Medium,False
GDSC2,343,16004280,906790,AGS,SIDM00850,STAD,1909,Venetoclax,BCL2,Apoptosis regulation,1046,Y,0.001001,1.0,2.021656,0.967999,0.037948,0.02153,7.550818741769996,Low,False
GDSC2,343,16004567,906791,ABC-1,SIDM00494,LUAD,1909,Venetoclax,BCL2,Apoptosis regulation,1046,Y,0.001001,1.0,2.073135,0.951395,0.117002,0.048601,7.949706422524135,Low,False
GDSC2,343,16004817,906792,A2058,SIDM00797,SKCM,1909,Venetoclax,BCL2,Apoptosis regulation,1046,Y,0.001001,1.0,1.43761,0.964531,0.089694,-0.285592,4.2106203989145214,Low,False
GDSC2,343,16005110,906793,A375,SIDM00795,SKCM,1909,Venetoclax,BCL2,Apoptosis regulation,1046,Y,0.001001,1.0,2.194757,0.966704,0.092732,0.112556,8.97781918167113,Low,False
GDSC2,343,16005394,906794,A253,SIDM00796,UNCLASSIFIED,1909,Venetoclax,BCL2,Apoptosis regulation,1046,Y,0.001001,1.0,2.792425,0.987463,0.022231,0.426841,16.32054918481323,Low,False
GDSC2,343,16005677,906795,8305C,SIDM00997,THCA,1909,Venetoclax,BCL2,Apoptosis regulation,1046,Y,0.001001,1.0,2.436119,0.941488,0.05215,0.239476,11.428600164395347,Low,False
GDSC2,343,16005957,906797,647-V,SIDM00983,BLCA,1909,Venetoclax,BCL2,Apoptosis regulation,1046,Y,0.001001,1.0,1.438556,0.957139,0.074182,-0.285095,4.214605530481929,Low,False
GDSC2,343,16006238,906798,639-V,SIDM00999,BLCA,1909,Venetoclax,BCL2,Apoptosis regulation,1046,Y,0.001001,1.0,2.771885,0.984064,0.108818,0.41604,15.988744405034257,Low,False
GDSC2,343,16006800,906801,BT-20,SIDM00893,BRCA,1909,Venetoclax,BCL2,Apoptosis regulation,1046,Y,0.000977,1.0,2.016229,0.979729,0.092428,0.018676,7.509951442178897,Low,False
GDSC2,343,16007083,906804,A2780,SIDM00210,UNCLASSIFIED,1909,Venetoclax,BCL2,Apoptosis regulation,1046,Y,0.001001,1.0,2.59473,0.969494,0.028435,0.322883,13.392970771081933,Low,False
GDSC2,343,16007365,906805,COR-L105,SIDM00513,LUAD,1909,Venetoclax,BCL2,Apoptosis regulation,1046,Y,0.001001,1.0,4.429389,0.976079,0.040486,1.287644,83.88015047802658,Low,False
GDSC2,343,16007572,906807,CRO-AP2,SIDM00952,DLBC,1909,Venetoclax,BCL2,Apoptosis regulation,1046,Y,0.001001,1.0,1.814129,0.987558,0.151868,-0.087599,6.135729628854306,Low,False
GDSC2,343,16007713,906808,COR-L88,SIDM00506,SCLC,1909,Venetoclax,BCL2,Apoptosis regulation,1046,Y,0.001001,1.0,0.836206,0.919921,0.15236,-0.601843,2.3075953308055057,Medium,False
GDSC2,343,16007995,906812,COLO-824,SIDM00954,BRCA,1909,Venetoclax,BCL2,Apoptosis regulation,1046,Y,0.000977,1.0,-1.73984,0.705502,0.147268,-1.956464,0.17554848612787655,High,False
GDSC2,343,16008206,906813,COLO-800,SIDM00515,SKCM,1909,Venetoclax,BCL2,Apoptosis regulation,1046,Y,0.001001,1.0,2.304731,0.96921,0.079401,0.170386,10.02148211112231,Low,False
GDSC2,343,16008456,906814,COLO-792,SIDM00140,SKCM,1909,Venetoclax,BCL2,Apoptosis regulation,1046,Y,0.001001,1.0,2.310076,0.96929,0.114613,0.173196,10.075190340383044,Low,False
GDSC2,343,16008739,906817,COLO-680N,SIDM00956,ESCA,1909,Venetoclax,BCL2,Apoptosis regulation,1046,Y,0.001001,1.0,3.407018,0.965908,0.044362,0.750027,30.175127731540357,Low,False
GDSC2,343,16009021,906818,COLO-679,SIDM00284,SKCM,1909,Venetoclax,BCL2,Apoptosis regulation,1046,Y,0.001001,1.0,2.81529,0.965466,0.046418,0.438865,16.698017503323513,Low,False
GDSC2,343,16009301,906820,CHP-212,SIDM00910,NB,1909,Venetoclax,BCL2,Apoptosis regulation,1046,Y,0.001001,1.0,1.796362,0.957265,0.039014,-0.096942,6.027678832109218,Low,False
GDSC2,343,16009581,906821,CFPAC-1,SIDM00130,PAAD,1909,Venetoclax,BCL2,Apoptosis regulation,1046,Y,0.001001,10.0,5.974072,0.978622,0.069999,2.09992,393.10313206510335,Low,False
GDSC2,343,16009864,906824,Ca-Ski,SIDM00923,CESC,1909,Venetoclax,BCL2,Apoptosis regulation,1046,Y,0.001001,1.0,2.000186,0.958696,0.086633,0.01024,7.390430591188867,Low,False
GDSC2,343,16010073,906825,Caov-3,SIDM00919,OV,1909,Venetoclax,BCL2,Apoptosis regulation,1046,Y,0.001001,1.0,2.882158,0.973986,0.047412,0.474028,17.852757891202447,Low,False
GDSC2,343,16010331,906826,CAL-120,SIDM00940,BRCA,1909,Venetoclax,BCL2,Apoptosis regulation,1046,Y,0.000977,1.0,4.558706,0.963842,0.065834,1.355646,95.45987479687004,Low,False
GDSC2,343,16010614,906827,CAL-72,SIDM00930,UNCLASSIFIED,1909,Venetoclax,BCL2,Apoptosis regulation,1046,Y,0.001001,1.0,2.439393,0.962244,0.064144,0.241198,11.466078720251561,Low,False
GDSC2,343,16010896,906828,CAL-62,SIDM00931,THCA,1909,Venetoclax,BCL2,Apoptosis regulation,1046,Y,0.001001,1.0,2.563568,0.97407,0.134052,0.306496,12.982054750255857,Low,False
GDSC2,343,16011188,906830,C32,SIDM00890,SKCM,1909,Venetoclax,BCL2,Apoptosis regulation,1046,Y,0.001001,1.0,2.305382,0.964662,0.097165,0.170728,10.028008219994609,Low,False
GDSC2,343,16011472,906831,Daudi,SIDM00845,UNCLASSIFIED,1909,Venetoclax,BCL2,Apoptosis regulation,1046,Y,0.001001,1.0,1.682226,0.981661,0.083276,-0.15696,5.377513001951673,Low,False
GDSC2,343,16012033,906833,Daoy,SIDM00887,MB,1909,Venetoclax,BCL2,Apoptosis regulation,1046,Y,0.001001,1.0,2.407032,0.980486,0.08159,0.224181,11.100964539571624,Low,False
GDSC2,343,16012316,906834,D-283MED,SIDM00888,MB,1909,Venetoclax,BCL2,Apoptosis regulation,1046,Y,0.001001,1.0,1.599353,0.971361,0.062513,-0.200539,4.949828848884962,Low,False
GDSC2,343,16012595,906835,DBTRG-05MG,SIDM00867,GBM,1909,Venetoclax,BCL2,Apoptosis regulation,1046,Y,0.001001,1.0,2.360051,0.903409,0.092755,0.199476,10.59149160473162,Low,False
GDSC2,343,16012873,906836,DEL,SIDM00949,UNCLASSIFIED,1909,Venetoclax,BCL2,Apoptosis regulation,1046,Y,0.001001,1.0,1.358289,0.98143,0.033811,-0.327303,3.889532614898425,Low,False
GDSC2,343,16013154,906837,Detroit562,SIDM00831,HNSC,1909,Venetoclax,BCL2,Apoptosis regulation,1046,Y,0.001001,1.0,2.5093,0.978227,0.085543,0.277959,12.29631962347261,Low,False
GDSC2,343,16013435,906838,DG-75,SIDM00948,UNCLASSIFIED,1909,Venetoclax,BCL2,Apoptosis regulation,1046,Y,0.001001,1.0,2.062691,0.974769,0.10518,0.043108,7.8671117487979965,Low,False
GDSC2,343,16013716,906839,DK-MG,SIDM00947,GBM,1909,Venetoclax,BCL2,Apoptosis regulation,1046,Y,0.001001,1.0,1.632945,0.923219,0.089057,-0.182875,5.118927784342583,Low,False
GDSC2,343,16013926,906841,DJM-1,SIDM00281,UNCLASSIFIED,1909,Venetoclax,BCL2,Apoptosis regulation,1046,Y,0.001001,1.0,2.778032,0.982269,0.032034,0.419273,16.087329909012563,Low,False
GDSC2,343,16014182,906842,DOHH-2,SIDM00981,DLBC,1909,Venetoclax,BCL2,Apoptosis regulation,1046,Y,0.001001,1.0,-3.542751,0.487096,0.214944,-2.904531,0.028933621105233148,High,False
GDSC2,343,16014435,906843,DoTc2-4510,SIDM00864,CESC,1909,Venetoclax,BCL2,Apoptosis regulation,1046,Y,0.001001,1.0,1.883768,0.948547,0.080659,-0.050979,6.578245049753858,Low,False
GDSC2,343,16014716,906844,DU-4475,SIDM01001,BRCA,1909,Venetoclax,BCL2,Apoptosis regulation,1046,Y,0.000977,1.0,0.157032,0.932054,0.156039,-0.958988,1.1700330543596025,Medium,False
GDSC2,343,16014999,906846,EB2,SIDM00863,UNCLASSIFIED,1909,Venetoclax,BCL2,Apoptosis regulation,1046,Y,0.001001,1.0,1.751898,0.955642,0.050055,-0.120323,5.765535283647469,Low,False
GDSC2,343,16015280,906847,EB-3,SIDM00793,UNCLASSIFIED,1909,Venetoclax,BCL2,Apoptosis regulation,1046,Y,0.001001,1.0,2.894676,0.978821,0.069648,0.48061,18.077643335855104,Low,False
GDSC2,343,16015561,906848,ECC10,SIDM00280,UNCLASSIFIED,1909,Venetoclax,BCL2,Apoptosis regulation,1046,Y,0.001001,1.0,-0.981686,0.808433,0.084421,-1.557787,0.37467885746798957,Medium,False
GDSC2,343,16015792,906849,ECC12,SIDM00279,UNCLASSIFIED,1909,Venetoclax,BCL2,Apoptosis regulation,1046,Y,0.001001,1.0,0.601177,0.930228,0.159804,-0.725434,1.8242646968308927,Medium,False
GDSC2,343,16016048,906851,EFM-19,SIDM01056,BRCA,1909,Venetoclax,BCL2,Apoptosis regulation,1046,Y,0.000977,1.0,3.475248,0.979435,0.070416,0.785906,32.305839391392695,Low,False
GDSC2,343,16016335,906852,EFO-27,SIDM01051,UNCLASSIFIED,1909,Venetoclax,BCL2,Apoptosis regulation,1046,Y,0.001001,1.0,2.422497,0.950736,0.062412,0.232313,11.273975313807139,Low,False
GDSC2,343,16016585,906855,EM-2,SIDM01047,LCML,1909,Venetoclax,BCL2,Apoptosis regulation,1046,Y,0.001001,1.0,1.529346,0.973982,0.042233,-0.237353,4.615157522076787,Low,False
GDSC2,343,16017148,906861,ETK-1,SIDM00276,UNCLASSIFIED,1909,Venetoclax,BCL2,Apoptosis regulation,1046,Y,0.001001,1.0,3.280743,0.981383,0.065751,0.683625,26.595525836371454,Low,False
GDSC2,343,16017431,906862,EVSA-T,SIDM01042,BRCA,1909,Venetoclax,BCL2,Apoptosis regulation,1046,Y,0.000977,1.0,1.96384,0.981401,0.082222,-0.008873,7.126640890067443,Low,False
GDSC2,343,16017713,906863,FADU,SIDM00860,HNSC,1909,Venetoclax,BCL2,Apoptosis regulation,1046,Y,0.001001,1.0,2.325921,0.974384,0.074947,0.181529,10.236103196826557,Low,False
GDSC2,343,16017993,906864,FTC-133,SIDM00213,THCA,1909,Venetoclax,BCL2,Apoptosis regulation,1046,Y,0.001001,1.0,1.635044,0.946631,0.105058,-0.181771,5.129683698144418,Low,False
GDSC2,343,16018262,906865,G-361,SIDM00857,SKCM,1909,Venetoclax,BCL2,Apoptosis regulation,1046,Y,0.001001,1.0,1.392077,0.94362,0.060627,-0.309536,4.023197562441952,Low,False
GDSC2,343,16018545,906868,GAMG,SIDM01055,LGG,1909,Venetoclax,BCL2,Apoptosis regulation,1046,Y,0.001001,1.0,2.520236,0.968272,0.056631,0.28371,12.431530158528938,Low,False
GDSC2,343,16018827,906869,GCIY,SIDM00274,STAD,1909,Venetoclax,BCL2,Apoptosis regulation,1046,Y,0.001001,1.0,2.7386,0.951601,0.058005,0.398537,15.465318487370215,Low,False
GDSC2,343,16019107,906870,GDM-1,SIDM01057,LAML,1909,Venetoclax,BCL2,Apoptosis regulation,1046,Y,0.001001,1.0,-3.660889,0.473194,0.086467,-2.966654,0.025709646688006217,High,False
GDSC2,343,16019389,906871,GI-1,SIDM00273,LGG,1909,Venetoclax,BCL2,Apoptosis regulation,1046,Y,0.001001,1.0,1.556539,0.967303,0.043639,-0.223054,4.742379433775373,Low,False
GDSC2,343,16019659,906872,GI-ME-N,SIDM00227,NB,1909,Venetoclax,BCL2,Apoptosis regulation,1046,Y,0.001001,1.0,3.474608,0.969859,0.088246,0.785569,32.28517026900687,Low,False
GDSC2,343,16019940,906875,GOTO,SIDM00544,NB,1909,Venetoclax,BCL2,Apoptosis regulation,1046,Y,0.001001,1.0,1.514471,0.948498,0.10356,-0.245175,4.547015119514591,Low,False
GDSC2,343,16020223,906877,GR-ST,SIDM01259,ALL,1909,Venetoclax,BCL2,Apoptosis regulation,1046,Y,0.001001,1.0,2.389638,0.962997,0.055415,0.215035,10.909543973222267,Low,False
GDSC2,343,16020503,906999,GCT,SIDM00853,UNCLASSIFIED,1909,Venetoclax,BCL2,Apoptosis regulation,1046,Y,0.001001,1.0,3.300355,0.977924,0.057075,0.693938,27.122265616112067,Low,False
GDSC2,343,16020786,907000,ESS-1,SIDM01043,UNCLASSIFIED,1909,Venetoclax,BCL2,Apoptosis regulation,1046,Y,0.001001,1.0,2.437477,0.985039,0.027549,0.240191,11.44413074629696,Low,False
GDSC2,343,16021068,907042,H4,SIDM00852,LGG,1909,Venetoclax,BCL2,Apoptosis regulation,1046,Y,0.001001,1.0,1.673074,0.966311,0.088823,-0.161773,5.328522525328231,Low,False
GDSC2,343,16021343,907043,H9,SIDM01251,UNCLASSIFIED,1909,Venetoclax,BCL2,Apoptosis regulation,1046,Y,0.001001,1.0,1.781808,0.991014,0.067328,-0.104595,5.9405872967867,Low,False
GDSC2,343,16021622,907044,HC-1,SIDM01073,UNCLASSIFIED,1909,Venetoclax,BCL2,Apoptosis regulation,1046,Y,0.001001,1.0,1.362025,0.964055,0.164037,-0.325339,3.9040910870400896,Low,False
GDSC2,343,16021901,907045,HCC1419,SIDM00882,BRCA,1909,Venetoclax,BCL2,Apoptosis regulation,1046,Y,0.000977,1.0,2.878985,0.986223,0.070722,0.472359,17.79620086558581,Low,False
GDSC2,343,16022191,907046,HCC1569,SIDM00878,BRCA,1909,Venetoclax,BCL2,Apoptosis regulation,1046,Y,0.000977,1.0,2.370403,0.969708,0.093595,0.20492,10.701704201994644,Low,False
GDSC2,343,16022444,907047,HCC1806,SIDM00875,UNCLASSIFIED,1909,Venetoclax,BCL2,Apoptosis regulation,1046,Y,0.000977,1.0,2.975559,0.991113,0.049456,0.523143,19.600576910255437,Low,False
GDSC2,343,16022731,907048,HCC70,SIDM00673,BRCA,1909,Venetoclax,BCL2,Apoptosis regulation,1046,Y,0.000977,1.0,2.566545,0.981811,0.079326,0.308062,13.02075991129411,Low,False
GDSC2,343,16023012,907051,HEC-1,SIDM00596,UCEC,1909,Venetoclax,BCL2,Apoptosis regulation,1046,Y,0.001001,1.0,2.506362,0.967171,0.042825,0.276414,12.260246054440207,Low,False
GDSC2,343,16023299,907053,HEL,SIDM00594,LAML,1909,Venetoclax,BCL2,Apoptosis regulation,1046,Y,0.001001,1.0,2.050433,0.994029,0.029343,0.036662,7.7712653357889225,Low,False
GDSC2,343,16023548,907055,HGC-27,SIDM00290,STAD,1909,Venetoclax,BCL2,Apoptosis regulation,1046,Y,0.001001,1.0,1.129132,0.953707,0.066834,-0.447806,3.092970636116216,Low,False
GDSC2,343,16023831,907056,HH,SIDM00671,UNCLASSIFIED,1909,Venetoclax,BCL2,Apoptosis regulation,1046,Y,0.001001,1.0,0.926477,0.920327,0.036785,-0.554373,2.5255958118978623,Medium,False
GDSC2,343,16024113,907057,HLE,SIDM00064,LIHC,1909,Venetoclax,BCL2,Apoptosis regulation,1046,Y,0.001001,1.0,2.767268,0.97892,0.054448,0.413612,15.915094523698198,Low,False
GDSC2,343,16024395,907058,HMV-II,SIDM00291,SKCM,1909,Venetoclax,BCL2,Apoptosis regulation,1046,Y,0.001001,1.0,3.461815,0.9743,0.027899,0.778842,31.87477676490165,Low,False
GDSC2,343,16024677,907060,HOS,SIDM00806,UNCLASSIFIED,1909,Venetoclax,BCL2,Apoptosis regulation,1046,Y,0.001001,1.0,1.277724,0.95748,0.097412,-0.369669,3.588463082103854,Low,False
GDSC2,343,16024956,907061,HSC-3,SIDM00589,HNSC,1909,Venetoclax,BCL2,Apoptosis regulation,1046,Y,0.001001,1.0,3.015492,0.985321,0.030917,0.544142,20.399124841429177,Low,False
GDSC2,343,16025237,907062,HSC-4,SIDM00588,HNSC,1909,Venetoclax,BCL2,Apoptosis regulation,1046,Y,0.001001,1.0,2.596727,0.97801,0.058213,0.323933,13.419743257141702,Low,False
GDSC2,343,16025444,907063,HT,SIDM00661,DLBC,1909,Venetoclax,BCL2,Apoptosis regulation,1046,Y,0.001001,1.0,2.919395,0.970369,0.030106,0.493609,18.53007337343689,Low,False
GDSC2,343,16025695,907064,HT-1080,SIDM00828,UNCLASSIFIED,1909,Venetoclax,BCL2,Apoptosis regulation,1046,Y,0.001001,1.0,2.743536,0.964159,0.119035,0.401133,15.54184400903849,Low,False
GDSC2,343,16025971,907065,HT-1197,SIDM00676,BLCA,1909,Venetoclax,BCL2,Apoptosis regulation,1046,Y,0.001001,1.0,1.80809,0.937069,0.055863,-0.090775,6.09878761630394,Low,False
GDSC2,343,16026164,907066,HT-1376,SIDM00678,BLCA,1909,Venetoclax,BCL2,Apoptosis regulation,1046,Y,0.001001,1.0,2.683108,0.960125,0.0716,0.369357,14.630494282430966,Low,False
GDSC2,343,16026443,907067,HT-144,SIDM00695,SKCM,1909,Venetoclax,BCL2,Apoptosis regulation,1046,Y,0.001001,1.0,2.527097,0.976712,0.10679,0.287318,12.517116153969472,Low,False
GDSC2,343,16026724,907068,HT-3,SIDM00679,CESC,1909,Venetoclax,BCL2,Apoptosis regulation,1046,Y,0.001001,1.0,1.37224,0.952704,0.11067,-0.319968,3.944175761412127,Low,False
GDSC2,343,16027007,907069,HuCCT1,SIDM00587,UNCLASSIFIED,1909,Venetoclax,BCL2,Apoptosis regulation,1046,Y,0.001001,1.0,3.687895,0.974664,0.043758,0.897727,39.96064121208161,Low,False
GDSC2,343,16027287,907071,HuH-7,SIDM00585,LIHC,1909,Venetoclax,BCL2,Apoptosis regulation,1046,Y,0.001001,1.0,1.965654,0.948935,0.055041,-0.007919,7.139580349183233,Low,False
GDSC2,343,16027568,907072,HuO9,SIDM00599,UNCLASSIFIED,1909,Venetoclax,BCL2,Apoptosis regulation,1046,Y,0.001001,1.0,0.524872,0.917295,0.143709,-0.765558,1.690242483494147,Medium,False
GDSC2,343,16027855,907073,HuTu-80,SIDM00694,UNCLASSIFIED,1909,Venetoclax,BCL2,Apoptosis regulation,1046,Y,0.001001,1.0,1.754516,0.974899,0.028329,-0.118947,5.78064923054406,Low,False
GDSC2,343,16028105,907169,IGR-1,SIDM01060,SKCM,1909,Venetoclax,BCL2,Apoptosis regulation,1046,Y,0.001001,1.0,1.062489,0.942363,0.100705,-0.482851,2.893564114791437,Low,False
GDSC2,343,16028385,907170,IMR-5,SIDM01206,NB,1909,Venetoclax,BCL2,Apoptosis regulation,1046,Y,0.001001,1.0,0.431044,0.944611,0.221485,-0.814898,1.5388632584506392,Medium,False
GDSC2,343,16028595,907171,IPC-298,SIDM01059,SKCM,1909,Venetoclax,BCL2,Apoptosis regulation,1046,Y,0.001001,1.0,2.055383,0.964205,0.144332,0.039265,7.809828464202846,Low,False
GDSC2,343,16028736,907172,IST-MEL1,SIDM00225,SKCM,1909,Venetoclax,BCL2,Apoptosis regulation,1046,Y,0.001001,1.0,2.493647,0.954501,0.096821,0.269728,12.105343903213843,Low,False
GDSC2,343,16029018,907173,IST-MES1,SIDM00224,MESO,1909,Venetoclax,BCL2,Apoptosis regulation,1046,Y,0.001001,1.0,2.752904,0.962289,0.086782,0.406059,15.688124109921143,Low,False
GDSC2,343,16029227,907175,JAR,SIDM01039,UNCLASSIFIED,1909,Venetoclax,BCL2,Apoptosis regulation,1046,Y,0.001001,1.0,2.303842,0.984612,0.06905,0.169918,10.012576972446158,Low,False
GDSC2,343,16029405,907176,JEG-3,SIDM01218,UNCLASSIFIED,1909,Venetoclax,BCL2,Apoptosis regulation,1046,Y,0.001001,1.0,2.332521,0.980738,0.050633,0.185,10.303884911536707,Low,False
GDSC2,343,16029654,907268,JiyoyeP-2003,SIDM00808,UNCLASSIFIED,1909,Venetoclax,BCL2,Apoptosis regulation,1046,Y,0.001001,1.0,1.513984,0.968942,0.042412,-0.245431,4.544801262269382,Low,False
GDSC2,343,16029924,907269,JVM-2,SIDM01013,CLL,1909,Venetoclax,BCL2,Apoptosis regulation,1046,Y,0.001001,1.0,-0.634115,0.816099,0.260493,-1.375015,0.5304046888153257,Medium,False
GDSC2,343,16030199,907270,JVM-3,SIDM01012,CLL,1909,Venetoclax,BCL2,Apoptosis regulation,1046,Y,0.001001,1.0,1.770714,0.971024,0.095465,-0.110429,5.875046647507631,Low,False
GDSC2,343,16030480,907271,KALS-1,SIDM00613,LGG,1909,Venetoclax,BCL2,Apoptosis regulation,1046,Y,0.001001,1.0,3.390181,0.975498,0.029218,0.741173,29.671322293702243,Low,False
GDSC2,343,16030759,907272,KARPAS-45,SIDM01007,ALL,1909,Venetoclax,BCL2,Apoptosis regulation,1046,Y,0.001001,1.0,1.158208,0.974346,0.094257,-0.432517,3.1842220344862433,Low,False
GDSC2,343,16031008,907273,KARPAS-299,SIDM01010,UNCLASSIFIED,1909,Venetoclax,BCL2,Apoptosis regulation,1046,Y,0.001001,1.0,1.868465,0.978678,0.055931,-0.059026,6.478344504347247,Low,False
GDSC2,343,16031288,907274,KARPAS-422,SIDM01008,DLBC,1909,Venetoclax,BCL2,Apoptosis regulation,1046,Y,0.001001,1.0,1.203266,0.943099,0.048324,-0.408823,3.3309781513380066,Low,False
GDSC2,343,16031574,907275,KASUMI-1,SIDM01005,LAML,1909,Venetoclax,BCL2,Apoptosis regulation,1046,Y,0.001001,1.0,-1.56584,0.756468,0.279905,-1.864966,0.20891245298781824,High,False
GDSC2,343,16031827,907276,KATOIII,SIDM00687,STAD,1909,Venetoclax,BCL2,Apoptosis regulation,1046,Y,0.001001,1.0,2.799048,0.940418,0.084541,0.430324,16.428998916931356,Low,False
GDSC2,343,16032106,907277,KE-37,SIDM01003,ALL,1909,Venetoclax,BCL2,Apoptosis regulation,1046,Y,0.001001,1.0,-0.094296,0.920189,0.160048,-1.09115,0.9100133584168766,Medium,False
GDSC2,343,16032387,907278,KG-1,SIDM00785,LAML,1909,Venetoclax,BCL2,Apoptosis regulation,1046,Y,0.001001,1.0,-1.562794,0.747189,0.209461,-1.863364,0.2095497704613726,High,False
GDSC2,343,16032670,907279,KINGS-1,SIDM00612,LGG,1909,Venetoclax,BCL2,Apoptosis regulation,1046,Y,0.001001,1.0,3.893337,0.960067,0.078546,1.005759,49.074374780506794,Low,False
GDSC2,343,16032949,907280,KMOE-2,SIDM01019,LAML,1909,Venetoclax,BCL2,Apoptosis regulation,1046,Y,0.001001,1.0,0.276128,0.921284,0.100585,-0.896362,1.3180165593501691,Medium,False
GDSC2,343,16033439,907282,KNS-42,SIDM00607,LGG,1909,Venetoclax,BCL2,Apoptosis regulation,1046,Y,0.001001,1.0,4.066121,0.982088,0.042311,1.096618,58.33026010772562,Low,False
GDSC2,343,16033690,907285,HuP-T3,SIDM00533,PAAD,1909,Venetoclax,BCL2,Apoptosis regulation,1046,Y,0.001001,10.0,6.495083,0.978863,0.064698,2.373896,661.8791590001573,Low,False
GDSC2,343,16033971,907286,HuP-T4,SIDM00531,PAAD,1909,Venetoclax,BCL2,Apoptosis regulation,1046,Y,0.001001,10.0,4.853503,0.978312,0.109597,1.510666,128.188649099359,Low,False
GDSC2,343,16034253,907287,HT55,SIDM00541,COREAD,1909,Venetoclax,BCL2,Apoptosis regulation,1046,Y,0.001001,1.0,3.353423,0.976012,0.051306,0.721844,28.600465673972998,Low,False
GDSC2,343,16034541,907289,HT-115,SIDM00534,COREAD,1909,Venetoclax,BCL2,Apoptosis regulation,1046,Y,0.001001,1.0,3.113238,0.988263,0.027364,0.595542,22.493761407816088,Low,False
GDSC2,343,16034794,907290,H-EMC-SS,SIDM00535,UNCLASSIFIED,1909,Venetoclax,BCL2,Apoptosis regulation,1046,Y,0.001001,1.0,3.323693,0.957352,0.038412,0.70621,27.762689084908505,Low,False
GDSC2,343,16035074,907291,GP5d,SIDM00537,COREAD,1909,Venetoclax,BCL2,Apoptosis regulation,1046,Y,0.001001,1.0,1.976563,0.971605,0.07595,-0.002182,7.2178924077016315,Low,False
GDSC2,343,16035355,907295,DMS-53,SIDM00523,SCLC,1909,Venetoclax,BCL2,Apoptosis regulation,1046,Y,0.001001,1.0,-0.74274,0.806242,0.124121,-1.432137,0.4758084127480717,Medium,False
GDSC2,343,16035636,907298,G-402,SIDM00855,UNCLASSIFIED,1909,Venetoclax,BCL2,Apoptosis regulation,1046,Y,0.001001,1.0,3.030329,0.974101,0.051755,0.551944,20.704043099178843,Low,False
GDSC2,343,16035916,907299,G-401,SIDM00856,UNCLASSIFIED,1909,Venetoclax,BCL2,Apoptosis regulation,1046,Y,0.001001,1.0,2.021629,0.946292,0.131913,0.021516,7.550614872416215,Low,False
GDSC2,343,16036478,907311,KU812,SIDM00308,LCML,1909,Venetoclax,BCL2,Apoptosis regulation,1046,Y,0.001001,1.0,1.208494,0.952875,0.068872,-0.406074,3.3484381056659003,Low,False
GDSC2,343,16036757,907312,KU-19-19,SIDM01033,BLCA,1909,Venetoclax,BCL2,Apoptosis regulation,1046,Y,0.001001,1.0,1.990205,0.970329,0.093342,0.004991,7.3170336004589975,Low,False
GDSC2,343,16037040,907313,KS-1,SIDM00555,GBM,1909,Venetoclax,BCL2,Apoptosis regulation,1046,Y,0.001001,1.0,3.08579,0.973378,0.059792,0.581108,21.884748966420794,Low,False
GDSC2,343,16037316,907314,KP-N-YN,SIDM00556,NB,1909,Venetoclax,BCL2,Apoptosis regulation,1046,Y,0.001001,1.0,-3.268547,0.520939,0.14334,-2.76034,0.038061690552908395,High,False
GDSC2,343,16037462,907317,KYSE-150,SIDM01031,ESCA,1909,Venetoclax,BCL2,Apoptosis regulation,1046,Y,0.001001,1.0,2.175684,0.963311,0.129227,0.102526,8.808207876358294,Low,False
GDSC2,343,16037743,907318,KYSE-180,SIDM01030,ESCA,1909,Venetoclax,BCL2,Apoptosis regulation,1046,Y,0.001001,1.0,2.490652,0.986691,0.087724,0.268153,12.069142636680866,Low,False
GDSC2,343,16038026,907319,KYSE-270,SIDM01029,ESCA,1909,Venetoclax,BCL2,Apoptosis regulation,1046,Y,0.001001,1.0,3.119089,0.985055,0.026909,0.598619,22.625758185820466,Low,False
GDSC2,343,16038307,907320,KYSE-450,SIDM01027,ESCA,1909,Venetoclax,BCL2,Apoptosis regulation,1046,Y,0.001001,1.0,2.600152,0.967061,0.052676,0.325734,13.465784678723994,Low,False
GDSC2,343,16038571,907321,KYSE-510,SIDM01026,ESCA,1909,Venetoclax,BCL2,Apoptosis regulation,1046,Y,0.001001,1.0,1.92905,0.977747,0.093264,-0.027167,6.882968314759038,Low,False
GDSC2,343,16038822,907322,L-428,SIDM00327,UNCLASSIFIED,1909,Venetoclax,BCL2,Apoptosis regulation,1046,Y,0.001001,1.0,1.850141,0.982404,0.045223,-0.068662,6.360716320377276,Low,False
GDSC2,343,16039104,907323,L-540,SIDM00329,UNCLASSIFIED,1909,Venetoclax,BCL2,Apoptosis regulation,1046,Y,0.001001,1.0,0.604497,0.942014,0.035531,-0.723688,1.8303313206475116,Medium,False
GDSC2,343,16039386,907783,LAMA-84,SIDM00346,LCML,1909,Venetoclax,BCL2,Apoptosis regulation,1046,Y,0.001001,1.0,1.946422,0.98861,0.061062,-0.018032,7.003583873739141,Low,False
GDSC2,343,16039595,907786,LC-2-ad,SIDM00297,LUAD,1909,Venetoclax,BCL2,Apoptosis regulation,1046,Y,0.001001,1.0,2.820984,0.986222,0.075971,0.441859,16.79336721800914,Low,False
GDSC2,343,16040126,907788,LNCaP-Clone-FGC,SIDM00683,PRAD,1909,Venetoclax,BCL2,Apoptosis regulation,1046,Y,0.001001,1.0,2.0265,0.954302,0.047868,0.024077,7.587483638441775,Low,False
GDSC2,343,16040692,907790,LoVo,SIDM00839,COREAD,1909,Venetoclax,BCL2,Apoptosis regulation,1046,Y,0.001001,1.0,3.428461,0.971976,0.077668,0.761303,30.829160143722532,Low,False
GDSC2,343,16040978,907791,LP-1,SIDM00340,MM,1909,Venetoclax,BCL2,Apoptosis regulation,1046,Y,0.001001,1.0,2.450626,0.977042,0.046406,0.247105,11.595603295340977,Low,False
GDSC2,343,16041232,907792,LS-123,SIDM00776,COREAD,1909,Venetoclax,BCL2,Apoptosis regulation,1046,Y,0.001001,1.0,4.124034,0.958864,0.055994,1.127072,61.808073803498075,Low,False
GDSC2,343,16041513,907794,LS-411N,SIDM00660,COREAD,1909,Venetoclax,BCL2,Apoptosis regulation,1046,Y,0.001001,1.0,3.297437,0.973572,0.021418,0.692403,27.04323820211598,Low,False
GDSC2,343,16042018,907796,LU-99A,SIDM01219,UNCLASSIFIED,1909,Venetoclax,BCL2,Apoptosis regulation,1046,Y,0.001001,1.0,2.858218,0.938562,0.078742,0.461439,17.430438203866768,Low,False
GDSC2,343,16042222,907799,MC116,SIDM00637,DLBC,1909,Venetoclax,BCL2,Apoptosis regulation,1046,Y,0.001001,1.0,1.592278,0.993744,0.106442,-0.20426,4.91493240152514,Low,False
GDSC2,343,16042401,908118,MC-IXC,SIDM01246,NB,1909,Venetoclax,BCL2,Apoptosis regulation,1046,Y,0.001001,1.0,1.348912,0.964766,0.067185,-0.332235,3.8532309339939603,Low,False
GDSC2,343,16042547,908120,MDA-MB-175-VII,SIDM00633,BRCA,1909,Venetoclax,BCL2,Apoptosis regulation,1046,Y,0.000977,1.0,5.288814,0.973266,0.079135,1.739575,198.10832954624962,Low,False
GDSC2,343,16042831,908121,MDA-MB-361,SIDM00528,BRCA,1909,Venetoclax,BCL2,Apoptosis regulation,1046,Y,0.000977,1.0,2.004473,0.970594,0.094999,0.012494,7.4221813763139215,Low,False
GDSC2,343,16043118,908122,MDA-MB-453,SIDM00272,BRCA,1909,Venetoclax,BCL2,Apoptosis regulation,1046,Y,0.000977,1.0,3.398154,0.985051,0.063698,0.745366,29.90883734188001,Low,False
GDSC2,343,16043403,908123,MDA-MB-468,SIDM00628,BRCA,1909,Venetoclax,BCL2,Apoptosis regulation,1046,Y,0.000977,1.0,2.114802,0.962003,0.089057,0.070511,8.28794459061927,Low,False
GDSC2,343,16043613,908124,MEL-HO,SIDM00337,SKCM,1909,Venetoclax,BCL2,Apoptosis regulation,1046,Y,0.001001,1.0,2.099778,0.964871,0.134751,0.062611,8.16435722406293,Low,False
GDSC2,343,16043864,908125,MEL-JUSO,SIDM00336,SKCM,1909,Venetoclax,BCL2,Apoptosis regulation,1046,Y,0.001001,1.0,3.229098,0.984194,0.042879,0.656467,25.256865001098795,Low,False
GDSC2,343,16044147,908126,MEG-01,SIDM00526,LCML,1909,Venetoclax,BCL2,Apoptosis regulation,1046,Y,0.001001,1.0,1.763461,0.967797,0.073423,-0.114242,5.8325890926227615,Low,False
GDSC2,343,16044425,908127,MES-SA,SIDM00625,UNCLASSIFIED,1909,Venetoclax,BCL2,Apoptosis regulation,1046,Y,0.001001,1.0,2.068436,0.967963,0.116973,0.046129,7.912438381881221,Low,False
GDSC2,343,16044596,908128,Mewo,SIDM00545,SKCM,1909,Venetoclax,BCL2,Apoptosis regulation,1046,Y,0.001001,1.0,2.788382,0.96604,0.078158,0.424715,16.25469841149616,Low,False
GDSC2,343,16044878,908129,MFE-280,SIDM00335,UCEC,1909,Venetoclax,BCL2,Apoptosis regulation,1046,Y,0.001001,1.0,2.948456,0.964691,0.03502,0.508891,19.07647689764438,Low,False
GDSC2,343,16045158,908130,MFE-296,SIDM00334,UCEC,1909,Venetoclax,BCL2,Apoptosis regulation,1046,Y,0.001001,1.0,2.428253,0.977501,0.122383,0.235341,11.339055436623278,Low,False
GDSC2,343,16045441,908131,MG-63,SIDM00525,UNCLASSIFIED,1909,Venetoclax,BCL2,Apoptosis regulation,1046,Y,0.001001,1.0,1.529736,0.93996,0.087869,-0.237148,4.616957784538759,Low,False
GDSC2,343,16045902,908133,MHH-CALL-4,SIDM00376,UNIDENTIFIED,1909,Venetoclax,BCL2,Apoptosis regulation,1046,Y,0.001001,1.0,-1.564365,0.738869,0.128889,-1.86419,0.2092208262253292,High,False
GDSC2,343,16046164,908134,MHH-ES-1,SIDM00386,UNCLASSIFIED,1909,Venetoclax,BCL2,Apoptosis regulation,1046,Y,0.001001,1.0,1.852083,0.963342,0.096903,-0.067641,6.373080833527794,Low,False
GDSC2,343,16046377,908135,MHH-NB-11,SIDM00387,NB,1909,Venetoclax,BCL2,Apoptosis regulation,1046,Y,0.001001,1.0,0.379281,0.923373,0.11794,-0.842118,1.4612335846959021,Medium,False
GDSC2,343,16046628,908136,MHH-PREB-1,SIDM00388,UNCLASSIFIED,1909,Venetoclax,BCL2,Apoptosis regulation,1046,Y,0.001001,1.0,2.479867,0.991602,0.025388,0.262481,11.939676335291361,Low,False
GDSC2,343,16046905,908138,MKN1,SIDM00271,UNCLASSIFIED,1909,Venetoclax,BCL2,Apoptosis regulation,1046,Y,0.001001,1.0,3.201284,0.967453,0.063786,0.641841,24.564050197392145,Low,False
GDSC2,343,16047181,908139,MKN28,SIDM00260,STAD,1909,Venetoclax,BCL2,Apoptosis regulation,1046,Y,0.001001,1.0,2.92927,0.965981,0.086111,0.498802,18.71396431517348,Low,False
GDSC2,343,16047463,908141,ML-2,SIDM00441,LAML,1909,Venetoclax,BCL2,Apoptosis regulation,1046,Y,0.001001,1.0,-3.294539,0.52206,0.059027,-2.774008,0.03708513735544061,High,False
GDSC2,343,16047744,908142,MLMA,SIDM00561,UNCLASSIFIED,1909,Venetoclax,BCL2,Apoptosis regulation,1046,Y,0.001001,1.0,2.055488,0.978943,0.019581,0.039321,7.810648539244774,Low,False
GDSC2,343,16048025,908143,MN-60,SIDM00438,UNCLASSIFIED,1909,Venetoclax,BCL2,Apoptosis regulation,1046,Y,0.001001,1.0,1.520248,0.946412,0.062867,-0.242137,4.5733592476072475,Low,False
GDSC2,343,16048195,908144,MOG-G-CCM,SIDM00532,LGG,1909,Venetoclax,BCL2,Apoptosis regulation,1046,Y,0.001001,1.0,2.278807,0.947999,0.084796,0.156754,9.765023784359775,Low,False
GDSC2,343,16048364,908145,MOG-G-UVW,SIDM00504,LGG,1909,Venetoclax,BCL2,Apoptosis regulation,1046,Y,0.001001,1.0,2.115341,0.973838,0.078937,0.070795,8.29241299688092,Low,False
GDSC2,343,16048643,908146,MOLT-13,SIDM00433,ALL,1909,Venetoclax,BCL2,Apoptosis regulation,1046,Y,0.001001,1.0,-2.170613,0.675963,0.240629,-2.182988,0.11410764747949188,High,False
GDSC2,343,16048924,908147,MOLT-16,SIDM00431,ALL,1909,Venetoclax,BCL2,Apoptosis regulation,1046,Y,0.001001,1.0,-0.686608,0.880641,0.185749,-1.402619,0.503280303840476,Medium,False
GDSC2,343,16049095,908148,MONO-MAC-6,SIDM01023,LAML,1909,Venetoclax,BCL2,Apoptosis regulation,1046,Y,0.001001,1.0,0.507309,0.930533,0.047965,-0.774794,1.6608159205226576,Medium,False
GDSC2,343,16049377,908149,Mo-T,SIDM00623,UNCLASSIFIED,1909,Venetoclax,BCL2,Apoptosis regulation,1046,Y,0.001001,1.0,1.072957,0.925981,0.086434,-0.477346,2.924013035549913,Low,False
GDSC2,343,16049659,908150,MPP-89,SIDM00222,MESO,1909,Venetoclax,BCL2,Apoptosis regulation,1046,Y,0.001001,1.0,2.094245,0.957681,0.069348,0.059701,8.119308577549647,Low,False
GDSC2,343,16049942,908151,MRK-nu-1,SIDM00562,BRCA,1909,Venetoclax,BCL2,Apoptosis regulation,1046,Y,0.000977,1.0,2.388,0.990381,0.055803,0.214173,10.891688767599723,Low,False
GDSC2,343,16050224,908152,MSTO-211H,SIDM00640,MESO,1909,Venetoclax,BCL2,Apoptosis regulation,1046,Y,0.001001,1.0,2.984999,0.979245,0.084173,0.528107,19.786482449877994,Low,False
GDSC2,343,16050695,908158,NALM-6,SIDM00429,UNCLASSIFIED,1909,Venetoclax,BCL2,Apoptosis regulation,1046,Y,0.001001,1.0,-0.965478,0.815971,0.121863,-1.549264,0.3808011332872105,Medium,False
GDSC2,343,16050976,908159,NAMALWA,SIDM00641,UNCLASSIFIED,1909,Venetoclax,BCL2,Apoptosis regulation,1046,Y,0.001001,1.0,0.894619,0.960585,0.061136,-0.571126,2.4464035321328246,Medium,False
GDSC2,343,16051258,908440,NB69,SIDM00244,NB,1909,Venetoclax,BCL2,Apoptosis regulation,1046,Y,0.001001,1.0,1.086956,0.927012,0.140545,-0.469985,2.9652341480315996,Low,False
GDSC2,343,16051428,908441,NCCIT,SIDM00655,UNIDENTIFIED,1909,Venetoclax,BCL2,Apoptosis regulation,1046,Y,0.001001,1.0,1.557735,0.957041,0.128383,-0.222424,4.748054712718476,Low,False
GDSC2,343,16051638,908442,NCI-H508,SIDM00777,COREAD,1909,Venetoclax,BCL2,Apoptosis regulation,1046,Y,0.001001,1.0,2.380413,0.962805,0.050568,0.210184,10.809366210431671,Low,False
GDSC2,343,16051891,908443,NCI-H520,SIDM01130,LUSC,1909,Venetoclax,BCL2,Apoptosis regulation,1046,Y,0.001001,1.0,3.31939,0.974461,0.04702,0.703948,27.643482889838037,Low,False
GDSC2,343,16052171,908444,SNU-1,SIDM01146,STAD,1909,Venetoclax,BCL2,Apoptosis regulation,1046,Y,0.001001,1.0,1.337274,0.954264,0.070836,-0.338355,3.8086469696869583,Low,False
GDSC2,343,16052451,908445,SNU-5,SIDM01144,STAD,1909,Venetoclax,BCL2,Apoptosis regulation,1046,Y,0.001001,1.0,1.047021,0.940698,0.155981,-0.490985,2.8491508428286805,Low,False
GDSC2,343,16052618,908446,SNU-16,SIDM01145,STAD,1909,Venetoclax,BCL2,Apoptosis regulation,1046,Y,0.001001,1.0,0.735781,0.950694,0.049584,-0.654652,2.0871113901381277,Medium,False
GDSC2,343,16052887,908447,NH-12,SIDM00577,NB,1909,Venetoclax,BCL2,Apoptosis regulation,1046,Y,0.001001,1.0,-0.822702,0.789515,0.125129,-1.474184,0.439243214481045,Medium,False
GDSC2,343,16053057,908448,NKM-1,SIDM00576,LAML,1909,Venetoclax,BCL2,Apoptosis regulation,1046,Y,0.001001,1.0,-2.724781,0.593568,0.143843,-2.474399,0.06556055890836504,High,False
GDSC2,343,16053266,908449,NMC-G1,SIDM00575,LGG,1909,Venetoclax,BCL2,Apoptosis regulation,1046,Y,0.001001,1.0,5.913609,0.958674,0.06887,2.068126,370.0392199923524,Low,False
GDSC2,343,16053450,908450,no-11,SIDM00573,LGG,1909,Venetoclax,BCL2,Apoptosis regulation,1046,Y,0.001001,1.0,4.055467,0.978878,0.042719,1.091016,57.71210825851134,Low,False
GDSC2,343,16053701,908451,NOMO-1,SIDM00580,LAML,1909,Venetoclax,BCL2,Apoptosis regulation,1046,Y,0.001001,1.0,0.257643,0.915161,0.129378,-0.906082,1.2938768221372685,Medium,False
GDSC2,343,16053910,908452,no-10,SIDM00574,LGG,1909,Venetoclax,BCL2,Apoptosis regulation,1046,Y,0.001001,1.0,2.56925,0.968603,0.063101,0.309484,13.05602874644846,Low,False
GDSC2,343,16054051,908454,NTERA-2-cl-D1,SIDM01203,UNCLASSIFIED,1909,Venetoclax,BCL2,Apoptosis regulation,1046,Y,0.001001,1.0,1.305036,0.937029,0.0307,-0.355307,3.6878218529020415,Low,False
GDSC2,343,16054331,908455,NUGC-3,SIDM00572,STAD,1909,Venetoclax,BCL2,Apoptosis regulation,1046,Y,0.001001,1.0,3.317127,0.975974,0.056754,0.702757,27.580996418168017,Low,False
GDSC2,343,16054613,908457,NCI-H747,SIDM00778,COREAD,1909,Venetoclax,BCL2,Apoptosis regulation,1046,Y,0.001001,1.0,2.883093,0.944704,0.092931,0.474519,17.86945802592707,Low,False
GDSC2,343,16054895,908458,NCI-H716,SIDM00779,COREAD,1909,Venetoclax,BCL2,Apoptosis regulation,1046,Y,0.001001,1.0,3.698369,0.979639,0.038079,0.903235,40.38138857559058,Low,False
GDSC2,343,16055176,908459,NCI-H596,SIDM01127,UNCLASSIFIED,1909,Venetoclax,BCL2,Apoptosis regulation,1046,Y,0.001001,1.0,3.331451,0.976303,0.07618,0.71029,27.97890966198432,Low,False
GDSC2,343,16055459,908460,NCI-H441,SIDM00925,LUAD,1909,Venetoclax,BCL2,Apoptosis regulation,1046,Y,0.001001,1.0,4.316376,0.947155,0.04947,1.228216,74.91663784745768,Low,False
GDSC2,343,16055725,908461,NCI-N87,SIDM01147,STAD,1909,Venetoclax,BCL2,Apoptosis regulation,1046,Y,0.001001,1.0,3.166951,0.953309,0.111442,0.623787,23.73500588620285,Low,False
GDSC2,343,16055888,908462,NCI-H2452,SIDM00722,MESO,1909,Venetoclax,BCL2,Apoptosis regulation,1046,Y,0.001001,1.0,3.097382,0.958052,0.083549,0.587204,22.139913050180674,Low,False
GDSC2,343,16056168,908463,NCI-H1793,SIDM00755,LUAD,1909,Venetoclax,BCL2,Apoptosis regulation,1046,Y,0.001001,1.0,2.526895,0.925003,0.067567,0.287211,12.514587951863382,Low,False
GDSC2,343,16056451,908465,NCI-H358,SIDM00718,LUAD,1909,Venetoclax,BCL2,Apoptosis regulation,1046,Y,0.001001,1.0,3.133799,0.954945,0.06672,0.606354,22.961043063168884,Low,False
GDSC2,343,16056731,908467,NCI-H1155,SIDM00651,UNCLASSIFIED,1909,Venetoclax,BCL2,Apoptosis regulation,1046,Y,0.001001,1.0,1.048952,0.945054,0.134418,-0.489969,2.854657868428201,Low,False
GDSC2,343,16056940,908468,NCI-H1105,SIDM00652,SCLC,1909,Venetoclax,BCL2,Apoptosis regulation,1046,Y,0.001001,1.0,-0.375549,0.852924,0.032438,-1.239048,0.6869120605328023,Medium,False
GDSC2,343,16057119,908469,NCI-H1436,SIDM00697,SCLC,1909,Venetoclax,BCL2,Apoptosis regulation,1046,Y,0.001001,1.0,1.850259,0.96758,0.100541,-0.0686,6.36146692918813,Low,False
GDSC2,343,16057371,908470,NCI-H28,SIDM00720,MESO,1909,Venetoclax,BCL2,Apoptosis regulation,1046,Y,0.001001,1.0,3.445978,0.926709,0.049078,0.770514,31.37395217244262,Low,False
GDSC2,343,16057653,908471,NCI-H1581,SIDM00748,UNCLASSIFIED,1909,Venetoclax,BCL2,Apoptosis regulation,1046,Y,0.001001,1.0,1.867476,0.968669,0.045589,-0.059546,6.471940588890624,Low,False
GDSC2,343,16057821,908472,NCI-H1573,SIDM00749,LUAD,1909,Venetoclax,BCL2,Apoptosis regulation,1046,Y,0.001001,1.0,1.60747,0.94928,0.071328,-0.196271,4.99017011318008,Low,False
GDSC2,343,16058104,908473,NCI-H1666,SIDM00743,LUAD,1909,Venetoclax,BCL2,Apoptosis regulation,1046,Y,0.001001,1.0,2.381353,0.923624,0.053365,0.210678,10.819531791744167,Low,False
GDSC2,343,16058274,908474,NCI-H1703,SIDM00740,UNCLASSIFIED,1909,Venetoclax,BCL2,Apoptosis regulation,1046,Y,0.001001,1.0,2.442764,0.973558,0.051419,0.242971,11.504796093085252,Low,False
GDSC2,343,16058556,908475,NCI-H1755,SIDM00738,LUAD,1909,Venetoclax,BCL2,Apoptosis regulation,1046,Y,0.001001,1.0,2.762369,0.963423,0.095881,0.411036,15.837317146867143,Low,False
GDSC2,343,16058838,908476,NCI-H1993,SIDM00758,LUAD,1909,Venetoclax,BCL2,Apoptosis regulation,1046,Y,0.001001,1.0,2.748084,0.967854,0.06589,0.403524,15.612689295657955,Low,False
GDSC2,343,16059047,908480,NCI-H2081,SIDM00710,SCLC,1909,Venetoclax,BCL2,Apoptosis regulation,1046,Y,0.001001,1.0,3.420372,0.98304,0.034281,0.757049,30.58078895885931,Low,False
GDSC2,343,16059227,908481,NCI-H2196,SIDM00731,SCLC,1909,Venetoclax,BCL2,Apoptosis regulation,1046,Y,0.001001,1.0,-0.394062,0.826748,0.084811,-1.248783,0.6743122475850389,Medium,False
GDSC2,343,16059480,908483,NCI-H524,SIDM01129,SCLC,1909,Venetoclax,BCL2,Apoptosis regulation,1046,Y,0.001001,1.0,1.383428,0.968214,0.041092,-0.314084,3.988550971883756,Low,False
GDSC2,343,16059688,909194,NCI-H748,SIDM01117,SCLC,1909,Venetoclax,BCL2,Apoptosis regulation,1046,Y,0.001001,1.0,0.097672,0.882869,0.049139,-0.990203,1.10260107263908,Medium,False
GDSC2,343,16059940,909248,ONS-76,SIDM00567,MB,1909,Venetoclax,BCL2,Apoptosis regulation,1046,Y,0.001001,1.0,2.840916,0.971105,0.054244,0.452341,17.131450761113747,Low,False
GDSC2,343,16060221,909249,OPM-2,SIDM00457,MM,1909,Venetoclax,BCL2,Apoptosis regulation,1046,Y,0.001001,1.0,0.360459,0.938403,0.138697,-0.852016,1.4339874637723644,Medium,False
GDSC2,343,16060500,909250,OS-RC-2,SIDM00239,KIRC,1909,Venetoclax,BCL2,Apoptosis regulation,1046,Y,0.001001,1.0,1.658211,0.930846,0.091455,-0.169589,5.249910348596928,Low,False
GDSC2,343,16060760,909251,P12-ICHIKAWA,SIDM00463,ALL,1909,Venetoclax,BCL2,Apoptosis regulation,1046,Y,0.001001,1.0,0.225367,0.929095,0.120959,-0.923054,1.2527824029760721,Medium,False
GDSC2,343,16061032,909252,P30-OHK,SIDM00364,ALL,1909,Venetoclax,BCL2,Apoptosis regulation,1046,Y,0.001001,1.0,0.160785,0.938552,0.052166,-0.957015,1.1744324386935374,Medium,False
GDSC2,343,16061202,909253,P31-FUJ,SIDM00363,LAML,1909,Venetoclax,BCL2,Apoptosis regulation,1046,Y,0.001001,1.0,-0.797854,0.821014,0.142389,-1.461118,0.4502942594656686,Medium,False
GDSC2,343,16061481,909255,PA-1,SIDM01140,UNCLASSIFIED,1909,Venetoclax,BCL2,Apoptosis regulation,1046,Y,0.001001,1.0,1.042736,0.937843,0.095684,-0.493238,2.836968351096147,Low,False
GDSC2,343,16061764,909256,OCUB-M,SIDM00241,BRCA,1909,Venetoclax,BCL2,Apoptosis regulation,1046,Y,0.000977,1.0,1.61523,0.967568,0.07397,-0.19219,5.029044470688979,Low,False
GDSC2,343,16061932,909257,OC-314,SIDM00220,OV,1909,Venetoclax,BCL2,Apoptosis regulation,1046,Y,0.001001,1.0,2.013697,0.975626,0.069886,0.017345,7.4909602980618075,Low,False
GDSC2,343,16062211,909260,PF-382,SIDM00451,ALL,1909,Venetoclax,BCL2,Apoptosis regulation,1046,Y,0.001001,1.0,2.318984,0.984588,0.041021,0.177881,10.165341071150584,Low,False
GDSC2,343,16062492,909262,Raji,SIDM00844,UNCLASSIFIED,1909,Venetoclax,BCL2,Apoptosis regulation,1046,Y,0.001001,1.0,1.909866,0.985204,0.145273,-0.037255,6.752183945258807,Low,False
GDSC2,343,16062776,909263,RCM-1,SIDM00359,COREAD,1909,Venetoclax,BCL2,Apoptosis regulation,1046,Y,0.001001,1.0,3.21181,0.959178,0.085851,0.647376,24.823976984536397,Low,False
GDSC2,343,16063056,909264,RD,SIDM00847,UNCLASSIFIED,1909,Venetoclax,BCL2,Apoptosis regulation,1046,Y,0.001001,1.0,3.453065,0.981107,0.025153,0.774241,31.597089123343324,Low,False
GDSC2,343,16063338,909696,REH,SIDM00447,UNCLASSIFIED,1909,Venetoclax,BCL2,Apoptosis regulation,1046,Y,0.001001,1.0,-2.743805,0.598183,0.068101,-2.484403,0.06432512355650039,High,False
GDSC2,343,16063619,909697,RF-48,SIDM01092,STAD,1909,Venetoclax,BCL2,Apoptosis regulation,1046,Y,0.001001,1.0,3.021899,0.985122,0.082749,0.547511,20.530241618358605,Low,False
GDSC2,343,16063892,909698,RKO,SIDM01090,COREAD,1909,Venetoclax,BCL2,Apoptosis regulation,1046,Y,0.001001,1.0,3.015062,0.987346,0.036471,0.543916,20.390355103376166,Low,False
GDSC2,343,16064062,909699,RMG-I,SIDM00352,UNCLASSIFIED,1909,Venetoclax,BCL2,Apoptosis regulation,1046,Y,0.001001,1.0,3.257386,0.917377,0.08468,0.671342,25.981532573122905,Low,False
GDSC2,343,16064343,909701,RPMI-6666,SIDM00813,UNCLASSIFIED,1909,Venetoclax,BCL2,Apoptosis regulation,1046,Y,0.001001,1.0,0.46863,0.906029,0.115558,-0.795134,1.5978037020017462,Medium,False
GDSC2,343,16064511,909702,RPMI-8402,SIDM00403,ALL,1909,Venetoclax,BCL2,Apoptosis regulation,1046,Y,0.001001,1.0,0.693221,0.952474,0.117579,-0.677032,2.000147644329553,Medium,False
GDSC2,343,16065073,909704,RT-112,SIDM00402,BLCA,1909,Venetoclax,BCL2,Apoptosis regulation,1046,Y,0.001001,1.0,1.527194,0.950032,0.06665,-0.238485,4.605236382064749,Low,False
GDSC2,343,16065282,909706,RVH-421,SIDM00401,SKCM,1909,Venetoclax,BCL2,Apoptosis regulation,1046,Y,0.001001,1.0,2.49427,0.97304,0.068703,0.270056,12.112887882170988,Low,False
GDSC2,343,16065539,909707,Saos-2,SIDM01084,UNCLASSIFIED,1909,Venetoclax,BCL2,Apoptosis regulation,1046,Y,0.001001,1.0,2.777037,0.977193,0.02442,0.41875,16.071330976541944,Low,False
GDSC2,343,16065821,909708,SAS,SIDM00351,HNSC,1909,Venetoclax,BCL2,Apoptosis regulation,1046,Y,0.001001,1.0,2.0978,0.962165,0.157669,0.061571,8.148224086406927,Low,False
GDSC2,343,16066103,909709,SCC-9,SIDM01080,HNSC,1909,Venetoclax,BCL2,Apoptosis regulation,1046,Y,0.001001,1.0,2.670621,0.970544,0.06514,0.36279,14.448939198570137,Low,False
GDSC2,343,16066312,909711,SCH,SIDM00383,UNCLASSIFIED,1909,Venetoclax,BCL2,Apoptosis regulation,1046,Y,0.001001,1.0,1.739525,0.954798,0.085197,-0.126829,5.694637827176023,Low,False
GDSC2,343,16066492,909712,SF126,SIDM00382,GBM,1909,Venetoclax,BCL2,Apoptosis regulation,1046,Y,0.001001,1.0,1.680903,0.960859,0.081355,-0.157656,5.370403256383817,Low,False
GDSC2,343,16066744,909713,SH-4,SIDM01079,SKCM,1909,Venetoclax,BCL2,Apoptosis regulation,1046,Y,0.001001,1.0,2.666684,0.965662,0.043071,0.36072,14.392165557190875,Low,False
GDSC2,343,16066950,909715,SIG-M5,SIDM00396,LAML,1909,Venetoclax,BCL2,Apoptosis regulation,1046,Y,0.001001,1.0,1.575867,0.995763,0.0667,-0.21289,4.834931687225672,Low,False
GDSC2,343,16067200,909716,SJRH30,SIDM01095,UNCLASSIFIED,1909,Venetoclax,BCL2,Apoptosis regulation,1046,Y,0.001001,1.0,1.648796,0.974282,0.112469,-0.17454,5.200714396014358,Low,False
GDSC2,343,16067371,909717,SJSA-1,SIDM01112,UNCLASSIFIED,1909,Venetoclax,BCL2,Apoptosis regulation,1046,Y,0.001001,1.0,2.523058,0.962523,0.070304,0.285194,12.466661483621447,Low,False
GDSC2,343,16067654,909718,SK-CO-1,SIDM01096,COREAD,1909,Venetoclax,BCL2,Apoptosis regulation,1046,Y,0.001001,1.0,1.238644,0.930511,0.044549,-0.390219,3.450930828449389,Low,False
GDSC2,343,16067936,909719,SK-HEP-1,SIDM01110,LIHC,1909,Venetoclax,BCL2,Apoptosis regulation,1046,Y,0.001001,1.0,3.264194,0.986506,0.11744,0.674923,26.15901832285142,Low,False
GDSC2,343,16068217,909720,SK-LMS-1,SIDM01109,UNCLASSIFIED,1909,Venetoclax,BCL2,Apoptosis regulation,1046,Y,0.001001,1.0,2.867701,0.977362,0.033108,0.466426,17.59651726865492,Low,False
GDSC2,343,16068478,909721,SK-LU-1,SIDM01108,LUAD,1909,Venetoclax,BCL2,Apoptosis regulation,1046,Y,0.001001,1.0,4.66527,0.971195,0.030643,1.411683,106.19425380006892,Low,False
GDSC2,343,16068753,909722,SKM-1,SIDM00380,UNCLASSIFIED,1909,Venetoclax,BCL2,Apoptosis regulation,1046,Y,0.001001,1.0,0.305139,0.934035,0.052336,-0.881106,1.356813586987925,Medium,False
GDSC2,343,16068894,909723,SK-MEL-1,SIDM01107,SKCM,1909,Venetoclax,BCL2,Apoptosis regulation,1046,Y,0.001001,1.0,3.286783,0.975192,0.036952,0.686801,26.75664891428308,Low,False
GDSC2,343,16069102,909724,SK-MEL-3,SIDM01105,SKCM,1909,Venetoclax,BCL2,Apoptosis regulation,1046,Y,0.001001,1.0,3.294018,0.984069,0.048684,0.690606,26.950935252510355,Low,False
GDSC2,343,16069355,909725,SK-MEL-24,SIDM01106,SKCM,1909,Venetoclax,BCL2,Apoptosis regulation,1046,Y,0.001001,1.0,3.202831,0.968951,0.094195,0.642654,24.60208019166361,Low,False
GDSC2,343,16069564,909726,SK-MEL-30,SIDM00392,SKCM,1909,Venetoclax,BCL2,Apoptosis regulation,1046,Y,0.001001,1.0,2.591443,0.971791,0.074156,0.321154,13.349020348248684,Low,False
GDSC2,343,16069743,909727,SK-MEL-31,SIDM01104,SKCM,1909,Venetoclax,BCL2,Apoptosis regulation,1046,Y,0.001001,1.0,0.793442,0.892075,0.112703,-0.62433,2.2109935839630004,Medium,False
GDSC2,343,16069994,909728,SK-MES-1,SIDM01103,LUSC,1909,Venetoclax,BCL2,Apoptosis regulation,1046,Y,0.001001,1.0,3.000608,0.974479,0.066288,0.536315,20.097752642839435,Low,False
GDSC2,343,16070275,909729,SK-MG-1,SIDM00379,GBM,1909,Venetoclax,BCL2,Apoptosis regulation,1046,Y,0.001001,1.0,2.368,0.961712,0.075836,0.203656,10.676018880071336,Low,False
GDSC2,343,16070556,909731,SK-PN-DW,SIDM01097,UNCLASSIFIED,1909,Venetoclax,BCL2,Apoptosis regulation,1046,Y,0.001001,1.0,1.747558,0.969628,0.043525,-0.122605,5.740567080707729,Low,False
GDSC2,343,16070838,909732,SK-UT-1,SIDM01113,UNCLASSIFIED,1909,Venetoclax,BCL2,Apoptosis regulation,1046,Y,0.001001,1.0,2.203518,0.974324,0.052848,0.117163,9.056819410719731,Low,False
GDSC2,343,16071120,909735,SNG-M,SIDM00373,UCEC,1909,Venetoclax,BCL2,Apoptosis regulation,1046,Y,0.001001,1.0,1.813863,0.967626,0.095735,-0.087739,6.134097741823627,Low,False
GDSC2,343,16071400,909736,SNU-387,SIDM01180,LIHC,1909,Venetoclax,BCL2,Apoptosis regulation,1046,Y,0.001001,1.0,2.853261,0.957956,0.081997,0.458832,17.344249317330434,Low,False
GDSC2,343,16071681,909737,SNU-423,SIDM01199,LIHC,1909,Venetoclax,BCL2,Apoptosis regulation,1046,Y,0.001001,1.0,2.483997,0.958724,0.023358,0.264653,11.989089165815358,Low,False
GDSC2,343,16071962,909738,SNU-449,SIDM01194,LIHC,1909,Venetoclax,BCL2,Apoptosis regulation,1046,Y,0.001001,1.0,3.358742,0.948566,0.078735,0.724641,28.75299684793556,Low,False
GDSC2,343,16072245,909740,SNU-C2B,SIDM00781,COREAD,1909,Venetoclax,BCL2,Apoptosis regulation,1046,Y,0.001001,1.0,3.893994,0.964128,0.077933,1.006105,49.106627238509915,Low,False
GDSC2,343,16072446,909742,SU-DHL-1,SIDM00390,UNCLASSIFIED,1909,Venetoclax,BCL2,Apoptosis regulation,1046,Y,0.001001,1.0,2.325246,0.982459,0.075917,0.181174,10.229196158556364,Low,False
GDSC2,343,16072698,909743,SUP-T1,SIDM01154,ALL,1909,Venetoclax,BCL2,Apoptosis regulation,1046,Y,0.001001,1.0,1.802226,0.955691,0.065526,-0.093858,6.0631289790276695,Low,False
GDSC2,343,16072979,909744,SW13,SIDM00814,ACC,1909,Venetoclax,BCL2,Apoptosis regulation,1046,Y,0.001001,1.0,2.194345,0.975772,0.080048,0.112339,8.97412108202912,Low,False
GDSC2,343,16073260,909745,SW1088,SIDM01155,GBM,1909,Venetoclax,BCL2,Apoptosis regulation,1046,Y,0.001001,1.0,2.660513,0.954044,0.086891,0.357475,14.303624976476996,Low,False
GDSC2,343,16073543,909746,SW1116,SIDM00835,COREAD,1909,Venetoclax,BCL2,Apoptosis regulation,1046,Y,0.001001,1.0,2.486698,0.962161,0.0629,0.266074,12.021515467659295,Low,False
GDSC2,343,16073826,909747,SW1417,SIDM00812,COREAD,1909,Venetoclax,BCL2,Apoptosis regulation,1046,Y,0.001001,1.0,4.37668,0.945473,0.073243,1.259927,79.57341065101619,Low,False
GDSC2,343,16074109,909748,SW1463,SIDM00834,COREAD,1909,Venetoclax,BCL2,Apoptosis regulation,1046,Y,0.001001,1.0,3.181488,0.978321,0.062193,0.631431,24.082561756046683,Low,False
GDSC2,343,16074391,909749,SW1710,SIDM00420,BLCA,1909,Venetoclax,BCL2,Apoptosis regulation,1046,Y,0.001001,1.0,2.803454,0.966081,0.038336,0.432641,16.50154478735184,Low,False
GDSC2,343,16074561,909750,SW1783,SIDM01164,LGG,1909,Venetoclax,BCL2,Apoptosis regulation,1046,Y,0.001001,1.0,1.356446,0.937195,0.085738,-0.328273,3.882370807921475,Low,False
GDSC2,343,16074842,909751,SW48,SIDM00837,COREAD,1909,Venetoclax,BCL2,Apoptosis regulation,1046,Y,0.001001,1.0,2.014109,0.946475,0.091477,0.017562,7.494047209564712,Low,False
GDSC2,343,16075112,909753,SW626,SIDM01168,OV,1909,Venetoclax,BCL2,Apoptosis regulation,1046,Y,0.001001,1.0,2.906907,0.941324,0.046056,0.487042,18.300108705115893,Low,False
GDSC2,343,16075395,909754,SW684,SIDM01175,UNCLASSIFIED,1909,Venetoclax,BCL2,Apoptosis regulation,1046,Y,0.001001,1.0,3.069336,0.949405,0.087932,0.572456,21.527603599444664,Low,False
GDSC2,343,16075678,909755,SW837,SIDM00833,COREAD,1909,Venetoclax,BCL2,Apoptosis regulation,1046,Y,0.001001,1.0,2.964061,0.97215,0.037654,0.517097,19.376500162810544,Low,False
GDSC2,343,16075959,909756,SW872,SIDM01159,UNCLASSIFIED,1909,Venetoclax,BCL2,Apoptosis regulation,1046,Y,0.001001,1.0,2.556058,0.962679,0.06781,0.302547,12.884924698935764,Low,False
GDSC2,343,16076240,909757,SW948,SIDM00832,COREAD,1909,Venetoclax,BCL2,Apoptosis regulation,1046,Y,0.001001,1.0,2.792022,0.969117,0.039953,0.42663,16.313973328615766,Low,False
GDSC2,343,16076449,909758,SW962,SIDM01178,UNCLASSIFIED,1909,Venetoclax,BCL2,Apoptosis regulation,1046,Y,0.001001,1.0,1.452298,0.937624,0.074843,-0.277869,4.272922417288077,Low,False
GDSC2,343,16076702,909759,SW982,SIDM01161,UNCLASSIFIED,1909,Venetoclax,BCL2,Apoptosis regulation,1046,Y,0.001001,1.0,3.000866,0.976364,0.069871,0.536451,20.10293853197221,Low,False
GDSC2,343,16076985,909761,T84,SIDM00782,COREAD,1909,Venetoclax,BCL2,Apoptosis regulation,1046,Y,0.001001,1.0,0.807325,0.915308,0.091962,-0.61703,2.241902868238886,Medium,False
GDSC2,343,16077194,909762,TALL-1,SIDM00370,ALL,1909,Venetoclax,BCL2,Apoptosis regulation,1046,Y,0.001001,1.0,1.075736,0.953224,0.043153,-0.475885,2.93215016908594,Low,False
GDSC2,343,16077335,909769,TGBC1TKB,SIDM00252,UNCLASSIFIED,1909,Venetoclax,BCL2,Apoptosis regulation,1046,Y,0.001001,1.0,2.797137,0.956787,0.05885,0.429319,16.397633079604134,Low,False
GDSC2,343,16077537,909770,TGBC11TKB,SIDM00251,STAD,1909,Venetoclax,BCL2,Apoptosis regulation,1046,Y,0.001001,1.0,2.855288,0.975891,0.05226,0.459898,17.3794417661939,Low,False
GDSC2,343,16077746,909771,THP-1,SIDM01172,LAML,1909,Venetoclax,BCL2,Apoptosis regulation,1046,Y,0.001001,1.0,0.727744,0.931171,0.116703,-0.658877,2.070404502453166,Medium,False
GDSC2,343,16077997,909773,TUR,SIDM01205,DLBC,1909,Venetoclax,BCL2,Apoptosis regulation,1046,Y,0.001001,1.0,1.955052,0.992222,0.055365,-0.013494,7.064286357041027,Low,False
GDSC2,343,16078278,909774,TYK-nu,SIDM00321,UNCLASSIFIED,1909,Venetoclax,BCL2,Apoptosis regulation,1046,Y,0.001001,1.0,2.270489,0.934781,0.026553,0.15238,9.684135198533582,Low,False
GDSC2,343,16078571,909776,U-2-OS,SIDM01191,UNCLASSIFIED,1909,Venetoclax,BCL2,Apoptosis regulation,1046,Y,0.001001,1.0,2.287474,0.970905,0.075223,0.161311,9.85002506646952,Low,False
GDSC2,343,16078855,909777,U-698-M,SIDM00424,UNCLASSIFIED,1909,Venetoclax,BCL2,Apoptosis regulation,1046,Y,0.001001,1.0,1.966107,0.981019,0.063627,-0.00768,7.142815311745113,Low,False
GDSC2,343,16079066,909778,UACC-893,SIDM01186,BRCA,1909,Venetoclax,BCL2,Apoptosis regulation,1046,Y,0.000977,1.0,2.857455,0.977812,0.107519,0.461037,17.417143851957434,Low,False
GDSC2,343,16079321,909779,UMC-11,SIDM01183,UNCLASSIFIED,1909,Venetoclax,BCL2,Apoptosis regulation,1046,Y,0.001001,1.0,2.219647,0.962334,0.082484,0.125644,9.204081251677247,Low,False
GDSC2,343,16079604,909781,VMRC-RCZ,SIDM00317,KIRC,1909,Venetoclax,BCL2,Apoptosis regulation,1046,Y,0.001001,1.0,3.454843,0.939762,0.088742,0.775176,31.653318721103886,Low,False
GDSC2,343,16079886,909784,WM-115,SIDM01000,SKCM,1909,Venetoclax,BCL2,Apoptosis regulation,1046,Y,0.001001,1.0,3.296734,0.968733,0.058538,0.692034,27.02423348660008,Low,False
GDSC2,343,16080150,909785,WSU-NHL,SIDM00412,UNCLASSIFIED,1909,Venetoclax,BCL2,Apoptosis regulation,1046,Y,0.001001,1.0,-0.812497,0.829076,0.152959,-1.468818,0.44374864132500697,Medium,False
GDSC2,343,16080424,909904,YAPC,SIDM00411,PAAD,1909,Venetoclax,BCL2,Apoptosis regulation,1046,Y,0.001001,10.0,5.597777,0.963374,0.082418,1.902045,269.82591721460267,Low,False
GDSC2,343,16080706,909905,YH-13,SIDM00316,GBM,1909,Venetoclax,BCL2,Apoptosis regulation,1046,Y,0.001001,1.0,2.480862,0.965089,0.068144,0.263005,11.951562225494742,Low,False
GDSC2,343,16080991,909907,ZR-75-30,SIDM00971,BRCA,1909,Venetoclax,BCL2,Apoptosis regulation,1046,Y,0.000977,1.0,5.24149,0.983378,0.064899,1.71469,188.9514303955548,Low,False
GDSC2,343,16081272,909974,RCC10RGB,SIDM00235,KIRC,1909,Venetoclax,BCL2,Apoptosis regulation,1046,Y,0.001001,1.0,2.924114,0.929108,0.081725,0.49609,18.617723437355686,Low,False
GDSC2,343,16081555,909975,KURAMOCHI,SIDM00554,UNCLASSIFIED,1909,Venetoclax,BCL2,Apoptosis regulation,1046,Y,0.001001,1.0,3.280548,0.965718,0.030792,0.683523,26.590340214447927,Low,False
GDSC2,343,16081835,909976,KM-H2,SIDM01018,UNCLASSIFIED,1909,Venetoclax,BCL2,Apoptosis regulation,1046,Y,0.001001,1.0,2.507954,0.989883,0.029609,0.277251,12.279779910983024,Low,False
GDSC2,343,16082116,909977,HuO-3N1,SIDM00584,UNCLASSIFIED,1909,Venetoclax,BCL2,Apoptosis regulation,1046,Y,0.001001,1.0,3.28001,0.977258,0.055946,0.68324,26.576038458929748,Low,False
GDSC2,343,16082396,910079,OE19,SIDM00479,ESCA,1909,Venetoclax,BCL2,Apoptosis regulation,1046,Y,0.001001,1.0,3.287389,0.973867,0.069351,0.687119,26.77286835752008,Low,False
GDSC2,343,16082605,910209,SUP-B8,SIDM01177,UNCLASSIFIED,1909,Venetoclax,BCL2,Apoptosis regulation,1046,Y,0.001001,1.0,1.506451,0.988528,0.019041,-0.249392,4.510693901024961,Low,False
GDSC2,343,16082785,910399,NCI-H838,SIDM01150,LUAD,1909,Venetoclax,BCL2,Apoptosis regulation,1046,Y,0.001001,1.0,3.013916,0.98294,0.101543,0.543313,20.36700114080418,Low,False
GDSC2,343,16083034,910401,Ramos-2G6-4C10,SIDM01247,UNCLASSIFIED,1909,Venetoclax,BCL2,Apoptosis regulation,1046,Y,0.001001,1.0,1.711549,0.994057,0.086417,-0.141541,5.537532475476909,Low,False
GDSC2,343,16083472,910545,QIMR-WIL,SIDM00467,LAML,1909,Venetoclax,BCL2,Apoptosis regulation,1046,Y,0.001001,1.0,0.74192,0.961509,0.179088,-0.651423,2.0999635763841873,Medium,False
GDSC2,343,16083725,910546,PSN1,SIDM00469,PAAD,1909,Venetoclax,BCL2,Apoptosis regulation,1046,Y,0.001001,10.0,4.647454,0.966244,0.077096,1.402314,104.31905088235288,Low,False
GDSC2,343,16083985,910548,OAW-42,SIDM00480,OV,1909,Venetoclax,BCL2,Apoptosis regulation,1046,Y,0.001001,1.0,1.512007,0.93003,0.057597,-0.246471,4.535825066067465,Low,False
GDSC2,343,16084260,910549,OE33,SIDM00477,ESCA,1909,Venetoclax,BCL2,Apoptosis regulation,1046,Y,0.001001,1.0,2.270716,0.94607,0.040664,0.152499,9.686333746749433,Low,False
GDSC2,343,16084543,910554,CW-2,SIDM00282,COREAD,1909,Venetoclax,BCL2,Apoptosis regulation,1046,Y,0.001001,1.0,3.192542,0.987862,0.049003,0.637244,24.35024716523304,Low,False
GDSC2,343,16084892,910568,CGTH-W-1,SIDM01248,THCA,1909,Venetoclax,BCL2,Apoptosis regulation,1046,Y,0.001001,1.0,3.056073,0.977378,0.156424,0.565481,21.243968079636097,Low,False
GDSC2,343,16085175,910569,COLO-320-HSR,SIDM00842,COREAD,1909,Venetoclax,BCL2,Apoptosis regulation,1046,Y,0.001001,1.0,0.586565,0.933653,0.090116,-0.733117,1.7978023458479848,Medium,False
GDSC2,343,16085455,910687,ATN-1,SIDM00233,ALL,1909,Venetoclax,BCL2,Apoptosis regulation,1046,Y,0.001001,1.0,-0.366593,0.887093,0.139669,-1.234338,0.6930916759593228,Medium,False
GDSC2,343,16085734,910688,CESS,SIDM00917,LAML,1909,Venetoclax,BCL2,Apoptosis regulation,1046,Y,0.001001,1.0,-0.3908,0.867839,0.146435,-1.247067,0.676515445599002,Medium,False
GDSC2,343,16086016,910689,COLO-678,SIDM00957,COREAD,1909,Venetoclax,BCL2,Apoptosis regulation,1046,Y,0.001001,1.0,4.484752,0.949192,0.056277,1.316757,88.6549616559272,Low,False
GDSC2,343,16086298,910691,COLO-684,SIDM00142,UCEC,1909,Venetoclax,BCL2,Apoptosis regulation,1046,Y,0.001001,1.0,3.099831,0.973036,0.040109,0.588492,22.194200144655056,Low,False
GDSC2,343,16086580,910692,COLO-668,SIDM00143,SCLC,1909,Venetoclax,BCL2,Apoptosis regulation,1046,Y,0.001001,1.0,1.810684,0.959619,0.068148,-0.08941,6.114628408004962,Low,False
GDSC2,343,16086860,910694,LN-405,SIDM00343,GBM,1909,Venetoclax,BCL2,Apoptosis regulation,1046,Y,0.001001,1.0,2.184351,0.956354,0.073332,0.107084,8.884880394430272,Low,False
GDSC2,343,16087141,910695,TGBC24TKB,SIDM00267,UNCLASSIFIED,1909,Venetoclax,BCL2,Apoptosis regulation,1046,Y,0.001001,1.0,2.21042,0.949343,0.033905,0.120792,9.119545798044141,Low,False
GDSC2,343,16087350,910697,A388,SIDM00794,UNCLASSIFIED,1909,Venetoclax,BCL2,Apoptosis regulation,1046,Y,0.001001,1.0,2.915243,0.972342,0.113261,0.491425,18.45329600889687,Low,False
GDSC2,343,16087600,910698,BFTC-909,SIDM00988,KIRC,1909,Venetoclax,BCL2,Apoptosis regulation,1046,Y,0.001001,1.0,1.693233,0.959908,0.118618,-0.151172,5.437030239787603,Low,False
GDSC2,343,16087882,910700,C2BBe1,SIDM01233,COREAD,1909,Venetoclax,BCL2,Apoptosis regulation,1046,Y,0.001001,1.0,3.120296,0.948746,0.078254,0.599253,22.653083963740272,Low,False
GDSC2,343,16088092,910701,SCC-25,SIDM01082,HNSC,1909,Venetoclax,BCL2,Apoptosis regulation,1046,Y,0.001001,1.0,2.005292,0.971034,0.07904,0.012925,7.428262632795729,Low,False
GDSC2,343,16088624,910703,CA46,SIDM00907,UNCLASSIFIED,1909,Venetoclax,BCL2,Apoptosis regulation,1046,Y,0.001001,1.0,2.458213,0.974752,0.08307,0.251095,11.683913719522694,Low,False
GDSC2,343,16088907,910704,AU565,SIDM00898,BRCA,1909,Venetoclax,BCL2,Apoptosis regulation,1046,Y,0.000977,1.0,3.050124,0.987015,0.063981,0.562353,21.117962887590483,Low,False
GDSC2,343,16089470,910706,BL-41,SIDM00985,UNCLASSIFIED,1909,Venetoclax,BCL2,Apoptosis regulation,1046,Y,0.001001,1.0,0.430685,0.977705,0.054381,-0.815087,1.5383109056941076,Medium,False
GDSC2,343,16089669,910710,BV-173,SIDM00962,LCML,1909,Venetoclax,BCL2,Apoptosis regulation,1046,Y,0.001001,1.0,-3.083174,0.54996,0.174422,-2.662861,0.04581361322682219,High,False
GDSC2,343,16089952,910779,IA-LM,SIDM00306,UNCLASSIFIED,1909,Venetoclax,BCL2,Apoptosis regulation,1046,Y,0.001001,1.0,3.721396,0.986863,0.035794,0.915344,41.32203942985897,Low,False
GDSC2,343,16090234,910780,TGW,SIDM00324,NB,1909,Venetoclax,BCL2,Apoptosis regulation,1046,Y,0.001001,1.0,-0.694378,0.826525,0.114565,-1.406705,0.49938496885376155,Medium,False
GDSC2,343,16090513,910781,AN3-CA,SIDM00901,UCEC,1909,Venetoclax,BCL2,Apoptosis regulation,1046,Y,0.001001,1.0,2.333891,0.976826,0.025891,0.18572,10.318010907963641,Low,False
GDSC2,343,16090794,910784,A204,SIDM00798,UNCLASSIFIED,1909,Venetoclax,BCL2,Apoptosis regulation,1046,Y,0.001001,1.0,1.828111,0.933377,0.07971,-0.080246,6.222121961881095,Low,False
GDSC2,343,16091076,910849,NY,SIDM00569,UNCLASSIFIED,1909,Venetoclax,BCL2,Apoptosis regulation,1046,Y,0.001001,1.0,2.221111,0.965094,0.05386,0.126414,9.217565894980135,Low,False
GDSC2,343,16091356,910850,C3A,SIDM01237,LIHC,1909,Venetoclax,BCL2,Apoptosis regulation,1046,Y,0.001001,1.0,4.096106,0.969723,0.045424,1.112386,60.105779401240866,Low,False
GDSC2,343,16091642,910851,A427,SIDM00810,UNCLASSIFIED,1909,Venetoclax,BCL2,Apoptosis regulation,1046,Y,0.001001,1.0,2.741602,0.988145,0.041914,0.400116,15.511815130010914,Low,False
GDSC2,343,16091898,910852,CAL-85-1,SIDM00928,BRCA,1909,Venetoclax,BCL2,Apoptosis regulation,1046,Y,0.000977,1.0,3.437641,0.984649,0.081909,0.76613,31.113474841651378,Low,False
GDSC2,343,16092180,910853,CHL-1,SIDM01228,SKCM,1909,Venetoclax,BCL2,Apoptosis regulation,1046,Y,0.001001,1.0,2.210531,0.965008,0.052862,0.12085,9.120558123810765,Low,False
GDSC2,343,16092387,910861,RL,SIDM01089,DLBC,1909,Venetoclax,BCL2,Apoptosis regulation,1046,Y,0.001001,1.0,-3.571091,0.484358,0.068797,-2.919433,0.028125152394531543,High,False
GDSC2,343,16092567,910899,NCI-H146,SIDM00698,SCLC,1909,Venetoclax,BCL2,Apoptosis regulation,1046,Y,0.001001,1.0,-0.377868,0.841629,0.100628,-1.240267,0.685320957061949,Medium,False
GDSC2,343,16092820,910900,NCI-H1651,SIDM00744,LUAD,1909,Venetoclax,BCL2,Apoptosis regulation,1046,Y,0.001001,1.0,1.633411,0.957508,0.055363,-0.18263,5.121313760579372,Low,False
GDSC2,343,16093100,910903,RPMI-7951,SIDM01087,SKCM,1909,Venetoclax,BCL2,Apoptosis regulation,1046,Y,0.001001,1.0,2.490809,0.981304,0.071558,0.268235,12.07103764082876,Low,False
GDSC2,343,16093382,910904,SCC-4,SIDM01081,HNSC,1909,Venetoclax,BCL2,Apoptosis regulation,1046,Y,0.001001,1.0,2.886214,0.973525,0.050662,0.47616,17.925315725024618,Low,False
GDSC2,343,16093665,910905,SNU-C1,SIDM01197,COREAD,1909,Venetoclax,BCL2,Apoptosis regulation,1046,Y,0.001001,1.0,3.589192,0.974894,0.026131,0.845824,36.204810617904734,Low,False
GDSC2,343,16093930,910906,ST486,SIDM01198,UNCLASSIFIED,1909,Venetoclax,BCL2,Apoptosis regulation,1046,Y,0.001001,1.0,1.858327,0.979137,0.088329,-0.064357,6.412998844590891,Low,False
GDSC2,343,16094094,910907,SW1990,SIDM01165,PAAD,1909,Venetoclax,BCL2,Apoptosis regulation,1046,Y,0.001001,10.0,3.734498,0.946319,0.08294,0.922233,41.86700305136197,Low,False
GDSC2,343,16094255,910910,UACC-812,SIDM01187,BRCA,1909,Venetoclax,BCL2,Apoptosis regulation,1046,Y,0.001001,1.0,3.966896,0.982664,0.069882,1.04444,52.820321840160666,Low,False
GDSC2,343,16094535,910911,SCC-15,SIDM01083,HNSC,1909,Venetoclax,BCL2,Apoptosis regulation,1046,Y,0.001001,1.0,1.996571,0.950947,0.094646,0.008339,7.363762416369843,Low,False
GDSC2,343,16094803,910915,CAPAN-2,SIDM00943,PAAD,1909,Venetoclax,BCL2,Apoptosis regulation,1046,Y,0.001001,1.0,3.81161,0.959854,0.053031,0.962783,45.22318962153667,Low,False
GDSC2,343,16095077,910916,CAL-27,SIDM00937,HNSC,1909,Venetoclax,BCL2,Apoptosis regulation,1046,Y,0.001001,1.0,2.11596,0.959465,0.083724,0.07112,8.297547589518462,Low,False
GDSC2,343,16095287,910918,BC-3,SIDM00895,DLBC,1909,Venetoclax,BCL2,Apoptosis regulation,1046,Y,0.001001,1.0,0.690176,0.972031,0.092496,-0.678633,1.994066458057411,Medium,False
GDSC2,343,16095539,910919,BC-1,SIDM00896,DLBC,1909,Venetoclax,BCL2,Apoptosis regulation,1046,Y,0.001001,1.0,2.238388,0.990906,0.032922,0.135499,9.378201435344515,Low,False
GDSC2,343,16095819,910920,A704,SIDM00849,KIRC,1909,Venetoclax,BCL2,Apoptosis regulation,1046,Y,0.001001,1.0,2.432344,0.966862,0.014917,0.237492,11.385538528749958,Low,False
GDSC2,343,16096100,910921,A101D,SIDM00801,SKCM,1909,Venetoclax,BCL2,Apoptosis regulation,1046,Y,0.001001,1.0,1.504579,0.932708,0.116479,-0.250377,4.50225778071447,Low,False
GDSC2,343,16096383,910922,769-P,SIDM00803,KIRC,1909,Venetoclax,BCL2,Apoptosis regulation,1046,Y,0.001001,1.0,3.396843,0.981802,0.032884,0.744676,29.86965254736992,Low,False
GDSC2,343,16096663,910924,23132-87,SIDM00980,STAD,1909,Venetoclax,BCL2,Apoptosis regulation,1046,Y,0.001001,1.0,2.06752,0.965969,0.061719,0.045648,7.905193906799547,Low,False
GDSC2,343,16096873,910925,A431,SIDM00995,UNCLASSIFIED,1909,Venetoclax,BCL2,Apoptosis regulation,1046,Y,0.001001,1.0,2.938129,0.976486,0.13833,0.50346,18.880487851959188,Low,False
GDSC2,343,16097126,910926,BFTC-905,SIDM00989,BLCA,1909,Venetoclax,BCL2,Apoptosis regulation,1046,Y,0.001001,1.0,1.820244,0.966461,0.088075,-0.084383,6.173364567084151,Low,False
GDSC2,343,16097409,910927,CAL-51,SIDM00933,BRCA,1909,Venetoclax,BCL2,Apoptosis regulation,1046,Y,0.000977,1.0,2.373453,0.967478,0.091854,0.206523,10.734394226756915,Low,False
GDSC2,343,16097691,910930,SCC-3,SIDM00384,DLBC,1909,Venetoclax,BCL2,Apoptosis regulation,1046,Y,0.001001,1.0,1.245505,0.978649,0.162824,-0.386612,3.474689074327644,Low,False
GDSC2,343,16097901,910931,RERF-LC-MS,SIDM00355,LUAD,1909,Venetoclax,BCL2,Apoptosis regulation,1046,Y,0.001001,1.0,1.204764,0.944623,0.03443,-0.408035,3.3359716958397483,Low,False
GDSC2,343,16098154,910932,GAK,SIDM00543,SKCM,1909,Venetoclax,BCL2,Apoptosis regulation,1046,Y,0.001001,1.0,2.666882,0.979709,0.045351,0.360824,14.39501548810505,Low,False
GDSC2,343,16098434,910933,AM-38,SIDM00492,GBM,1909,Venetoclax,BCL2,Apoptosis regulation,1046,Y,0.001001,1.0,3.401822,0.985164,0.067875,0.747295,30.01874440357502,Low,False
GDSC2,343,16098716,910934,A4-Fuk,SIDM00502,DLBC,1909,Venetoclax,BCL2,Apoptosis regulation,1046,Y,0.001001,1.0,1.306594,0.964892,0.022575,-0.354488,3.693571957517225,Low,False
GDSC2,343,16098994,910935,A3-KAW,SIDM00495,DLBC,1909,Venetoclax,BCL2,Apoptosis regulation,1046,Y,0.001001,1.0,0.901844,0.969364,0.145736,-0.567327,2.464142803603986,Medium,False
GDSC2,343,16099276,910936,DOK,SIDM00540,HNSC,1909,Venetoclax,BCL2,Apoptosis regulation,1046,Y,0.001001,1.0,3.583765,0.980575,0.036845,0.84297,36.00885930550254,Low,False
GDSC2,343,16099443,910937,COR-L279,SIDM00511,SCLC,1909,Venetoclax,BCL2,Apoptosis regulation,1046,Y,0.001001,1.0,2.183364,0.980989,0.102187,0.106565,8.876115343745036,Low,False
GDSC2,343,16099695,910941,CHP-134,SIDM00285,NB,1909,Venetoclax,BCL2,Apoptosis regulation,1046,Y,0.001001,1.0,2.643518,0.98608,0.049194,0.348538,14.062588875778111,Low,False
GDSC2,343,16099963,910942,NEC8,SIDM00243,UNCLASSIFIED,1909,Venetoclax,BCL2,Apoptosis regulation,1046,Y,0.001001,1.0,1.5919,0.987849,0.050598,-0.204459,4.913074908165725,Low,False
GDSC2,343,16100244,910943,CAS-1,SIDM00212,GBM,1909,Venetoclax,BCL2,Apoptosis regulation,1046,Y,0.001001,1.0,3.039554,0.958495,0.088185,0.556795,20.895921575494512,Low,False
GDSC2,343,16101089,910948,MFM-223,SIDM00332,BRCA,1909,Venetoclax,BCL2,Apoptosis regulation,1046,Y,0.000977,1.0,3.590769,0.964507,0.07737,0.846653,36.26195064732042,Low,False
GDSC2,343,16101373,910951,CML-T1,SIDM00958,LCML,1909,Venetoclax,BCL2,Apoptosis regulation,1046,Y,0.001001,1.0,1.178185,0.974894,0.087149,-0.422012,3.2484728707903328,Low,False
GDSC2,343,16101655,910952,CAL-54,SIDM00932,KIRC,1909,Venetoclax,BCL2,Apoptosis regulation,1046,Y,0.001001,1.0,2.617554,0.954703,0.143126,0.334885,13.702167061547591,Low,False
GDSC2,343,16101937,911905,EFO-21,SIDM01052,OV,1909,Venetoclax,BCL2,Apoptosis regulation,1046,Y,0.001001,1.0,5.160701,0.962731,0.049255,1.672207,174.28658769078476,Low,False
GDSC2,343,16102220,917486,LS-1034,SIDM00681,COREAD,1909,Venetoclax,BCL2,Apoptosis regulation,1046,Y,0.001001,1.0,1.832501,0.961837,0.125046,-0.077938,6.249497121805065,Low,False
GDSC2,343,16102502,924100,22RV1,SIDM00499,PRAD,1909,Venetoclax,BCL2,Apoptosis regulation,1046,Y,0.001001,1.0,3.609637,0.969736,0.068791,0.856575,36.952636572845975,Low,False
GDSC2,343,16102782,924102,8505C,SIDM00996,THCA,1909,Venetoclax,BCL2,Apoptosis regulation,1046,Y,0.001001,1.0,2.109801,0.944207,0.130947,0.067881,8.24660004791949,Low,False
GDSC2,343,16103062,924104,B-CPAP,SIDM00992,THCA,1909,Venetoclax,BCL2,Apoptosis regulation,1046,Y,0.001001,1.0,2.011622,0.950505,0.090241,0.016254,7.475432670927825,Low,False
GDSC2,343,16103343,924105,BPH-1,SIDM00964,UNCLASSIFIED,1909,Venetoclax,BCL2,Apoptosis regulation,1046,Y,0.001001,1.0,2.210861,0.948809,0.089896,0.121024,9.123568404660645,Low,False
GDSC2,343,16103516,924106,CAL-148,SIDM00938,BRCA,1909,Venetoclax,BCL2,Apoptosis regulation,1046,Y,0.000977,1.0,2.836606,0.985024,0.064633,0.450074,17.0577730977515,Low,False
GDSC2,343,16103799,924107,CAL-39,SIDM00935,CESC,1909,Venetoclax,BCL2,Apoptosis regulation,1046,Y,0.001001,1.0,2.391332,0.971717,0.077621,0.215925,10.928040402765555,Low,False
GDSC2,343,16104082,924108,CaR-1,SIDM00488,COREAD,1909,Venetoclax,BCL2,Apoptosis regulation,1046,Y,0.001001,1.0,2.678274,0.974146,0.080078,0.366815,14.559941137409044,Low,False
GDSC2,343,16104363,924110,HDLM-2,SIDM01064,UNCLASSIFIED,1909,Venetoclax,BCL2,Apoptosis regulation,1046,Y,0.001001,1.0,-0.25495,0.861268,0.134514,-1.17563,0.7749552447546407,Medium,False
GDSC2,343,16104644,924111,HO-1-N-1,SIDM00592,HNSC,1909,Venetoclax,BCL2,Apoptosis regulation,1046,Y,0.001001,1.0,2.066441,0.974041,0.107185,0.04508,7.896668802694882,Low,False
GDSC2,343,16104924,924151,HTC-C3,SIDM00496,THCA,1909,Venetoclax,BCL2,Apoptosis regulation,1046,Y,0.001001,1.0,2.260565,0.956547,0.115834,0.147161,9.588505142012533,Low,False
GDSC2,343,16105095,924186,KGN,SIDM00302,UNCLASSIFIED,1909,Venetoclax,BCL2,Apoptosis regulation,1046,Y,0.001001,1.0,2.585483,0.966584,0.086513,0.31802,13.269696805937333,Low,False
GDSC2,343,16105375,924187,KLE,SIDM00686,UCEC,1909,Venetoclax,BCL2,Apoptosis regulation,1046,Y,0.001001,1.0,3.754407,0.957763,0.110112,0.932703,42.708885930442584,Low,False
GDSC2,343,16105585,924188,KNS-81-FD,SIDM01210,LGG,1909,Venetoclax,BCL2,Apoptosis regulation,1046,Y,0.001001,1.0,3.266333,0.971538,0.076745,0.676047,26.215032348687792,Low,False
GDSC2,343,16105765,924189,KP-N-RT-BM-1,SIDM00557,NB,1909,Venetoclax,BCL2,Apoptosis regulation,1046,Y,0.001001,1.0,-2.684003,0.596523,0.149098,-2.452955,0.06828924444424385,High,False
GDSC2,343,16106016,924238,K5,SIDM00056,THCA,1909,Venetoclax,BCL2,Apoptosis regulation,1046,Y,0.001001,1.0,3.172785,0.978884,0.04665,0.626855,23.87388061423497,Low,False
GDSC2,343,16106297,924239,L-363,SIDM00312,MM,1909,Venetoclax,BCL2,Apoptosis regulation,1046,Y,0.001001,1.0,0.686986,0.96382,0.111619,-0.68031,1.987715521186164,Medium,False
GDSC2,343,16106578,924240,MDA-MB-415,SIDM00630,BRCA,1909,Venetoclax,BCL2,Apoptosis regulation,1046,Y,0.000977,1.0,1.702323,0.968787,0.092518,-0.146392,5.486678152571956,Low,False
GDSC2,343,16106865,924241,NCI-H250,SIDM00721,SCLC,1909,Venetoclax,BCL2,Apoptosis regulation,1046,Y,0.001001,1.0,2.318955,0.949934,0.041896,0.177866,10.165046280534003,Low,False
GDSC2,343,16107115,924244,NCI-H1975,SIDM00759,LUAD,1909,Venetoclax,BCL2,Apoptosis regulation,1046,Y,0.001001,1.0,1.251307,0.918978,0.118363,-0.38356,3.4949078181939055,Low,False
GDSC2,343,16107324,924247,SW954,SIDM01157,UNCLASSIFIED,1909,Venetoclax,BCL2,Apoptosis regulation,1046,Y,0.001001,1.0,1.97438,0.972583,0.130194,-0.003331,7.202152934461184,Low,False
GDSC2,343,16107504,924248,TE-441-T,SIDM01173,UNCLASSIFIED,1909,Venetoclax,BCL2,Apoptosis regulation,1046,Y,0.001001,1.0,0.588599,0.901591,0.06807,-0.732047,1.8014627972365136,Medium,False
GDSC2,343,16107688,924250,MKN7,SIDM00560,STAD,1909,Venetoclax,BCL2,Apoptosis regulation,1046,Y,0.001001,1.0,3.784958,0.972072,0.062984,0.948768,44.033821099425374,Low,False
GDSC2,343,16107951,925338,MDA-MB-157,SIDM00529,BRCA,1909,Venetoclax,BCL2,Apoptosis regulation,1046,Y,0.000977,1.0,3.127626,0.983479,0.058008,0.603108,22.81974112148614,Low,False
GDSC2,343,16108161,925339,MMAc-SF,SIDM01242,SKCM,1909,Venetoclax,BCL2,Apoptosis regulation,1046,Y,0.001001,1.0,2.397204,0.964851,0.096543,0.219013,10.992398626831871,Low,False
GDSC2,343,16108414,925340,MKN45,SIDM00247,STAD,1909,Venetoclax,BCL2,Apoptosis regulation,1046,Y,0.001001,1.0,3.507744,0.972359,0.036267,0.802994,33.37289354593314,Low,False
GDSC2,343,16108695,925341,NCI-H810,SIDM01116,UNCLASSIFIED,1909,Venetoclax,BCL2,Apoptosis regulation,1046,Y,0.001001,1.0,1.827549,0.949496,0.094564,-0.080542,6.218626111764413,Low,False
GDSC2,343,16108865,925343,MFH-ino,SIDM00299,UNCLASSIFIED,1909,Venetoclax,BCL2,Apoptosis regulation,1046,Y,0.001001,1.0,3.381327,0.958574,0.10134,0.736517,29.40977199792058,Low,False
GDSC2,343,16109145,925345,NOS-1,SIDM00242,UNCLASSIFIED,1909,Venetoclax,BCL2,Apoptosis regulation,1046,Y,0.001001,1.0,0.880039,0.935468,0.110094,-0.578793,2.4109937333392732,Medium,False
GDSC2,343,16109317,925346,PANC-03-27,SIDM01138,PAAD,1909,Venetoclax,BCL2,Apoptosis regulation,1046,Y,0.001001,10.0,6.697138,0.992607,0.037026,2.480147,810.0840437499396,Low,False
GDSC2,343,16109597,925347,PANC-08-13,SIDM01136,PAAD,1909,Venetoclax,BCL2,Apoptosis regulation,1046,Y,0.001001,10.0,5.845184,0.978667,0.083496,2.032144,345.5661200977942,Low,False
GDSC2,343,16109880,925348,PANC-10-05,SIDM01135,PAAD,1909,Venetoclax,BCL2,Apoptosis regulation,1046,Y,0.001001,10.0,7.179952,0.965748,0.069994,2.734036,1312.845240161712,Low,False
GDSC2,343,16110159,930082,RL95-2,SIDM01088,UNCLASSIFIED,1909,Venetoclax,BCL2,Apoptosis regulation,1046,Y,0.001001,1.0,2.823771,0.979813,0.04944,0.443325,16.840235613217445,Low,False
GDSC2,343,16110442,930083,RO82-W-1,SIDM00218,THCA,1909,Venetoclax,BCL2,Apoptosis regulation,1046,Y,0.001001,1.0,4.769821,0.953058,0.051349,1.466661,117.89813630537225,Low,False
GDSC2,343,16110722,930297,SiHa,SIDM01093,CESC,1909,Venetoclax,BCL2,Apoptosis regulation,1046,Y,0.001001,1.0,2.817716,0.977881,0.103716,0.44014,16.73857607143749,Low,False
GDSC2,343,16111005,930298,SKG-IIIa,SIDM00381,CESC,1909,Venetoclax,BCL2,Apoptosis regulation,1046,Y,0.001001,1.0,3.370064,0.96516,0.07291,0.730594,29.08038814308287,Low,False
GDSC2,343,16111175,930299,TT,SIDM00484,THCA,1909,Venetoclax,BCL2,Apoptosis regulation,1046,Y,0.001001,1.0,2.767223,0.91876,0.044594,0.413589,15.914378360558421,Low,False
GDSC2,343,16111383,930301,VMRC-MELG,SIDM00319,SKCM,1909,Venetoclax,BCL2,Apoptosis regulation,1046,Y,0.001001,1.0,2.433381,0.953719,0.034198,0.238037,11.39735145614852,Low,False
GDSC2,343,16111636,946353,TE-9,SIDM00325,ESCA,1909,Venetoclax,BCL2,Apoptosis regulation,1046,Y,0.001001,1.0,1.370836,0.948986,0.118992,-0.320706,3.9386420242356186,Low,False
GDSC2,343,16111845,946354,TE-11,SIDM00348,ESCA,1909,Venetoclax,BCL2,Apoptosis regulation,1046,Y,0.001001,1.0,3.228786,0.992083,0.071443,0.656303,25.248986088392748,Low,False
GDSC2,343,16112096,946355,TE-6,SIDM00328,ESCA,1909,Venetoclax,BCL2,Apoptosis regulation,1046,Y,0.001001,1.0,0.798597,0.891417,0.075354,-0.62162,2.2224206839331773,Medium,False
GDSC2,343,16112383,946356,TE-12,SIDM00023,ESCA,1909,Venetoclax,BCL2,Apoptosis regulation,1046,Y,0.001001,1.0,3.354194,0.966444,0.072732,0.722249,28.622525135837435,Low,False
GDSC2,343,16112630,946357,TC-YIK,SIDM00234,UNCLASSIFIED,1909,Venetoclax,BCL2,Apoptosis regulation,1046,Y,0.001001,1.0,0.620805,0.928066,0.165576,-0.715112,1.8604250813976047,Medium,False
GDSC2,343,16112792,946358,YT,SIDM00410,ALL,1909,Venetoclax,BCL2,Apoptosis regulation,1046,Y,0.001001,1.0,2.101634,0.987119,0.041422,0.063586,8.179524341802157,Low,False
GDSC2,343,16113074,946359,BT-474,SIDM00963,BRCA,1909,Venetoclax,BCL2,Apoptosis regulation,1046,Y,0.000977,1.0,3.945175,0.975517,0.07434,1.033018,51.685382262616734,Low,False
GDSC2,343,16113356,946360,OAW-28,SIDM00481,OV,1909,Venetoclax,BCL2,Apoptosis regulation,1046,Y,0.001001,1.0,2.397468,0.967383,0.107941,0.219152,10.995301003166174,Low,False
GDSC2,343,16113637,946361,LCLC-97TM1,SIDM00344,UNCLASSIFIED,1909,Venetoclax,BCL2,Apoptosis regulation,1046,Y,0.001001,1.0,3.076314,0.986863,0.027881,0.576125,21.678348554832578,Low,False
GDSC2,343,16113847,946363,KP-N-YS,SIDM00157,NB,1909,Venetoclax,BCL2,Apoptosis regulation,1046,Y,0.001001,1.0,-0.077105,0.890054,0.066924,-1.08211,0.9257926402756559,Medium,False
GDSC2,343,16114027,946366,D-245MG,SIDM01021,GBM,1909,Venetoclax,BCL2,Apoptosis regulation,1046,Y,0.001001,1.0,2.830496,0.960644,0.081462,0.446861,16.953867857881903,Low,False
GDSC2,343,16114207,946367,D-247MG,SIDM00622,GBM,1909,Venetoclax,BCL2,Apoptosis regulation,1046,Y,0.001001,1.0,2.533022,0.954503,0.14616,0.290433,12.591500212346572,Low,False
GDSC2,343,16114459,946368,D-263MG,SIDM00732,GBM,1909,Venetoclax,BCL2,Apoptosis regulation,1046,Y,0.001001,1.0,2.753447,0.97262,0.072274,0.406345,15.696645074545359,Low,False
GDSC2,343,16114668,946369,D-336MG,SIDM00620,LGG,1909,Venetoclax,BCL2,Apoptosis regulation,1046,Y,0.001001,1.0,3.347726,0.983137,0.040845,0.718848,28.437992066533305,Low,False
GDSC2,343,16114921,946370,D-392MG,SIDM00542,GBM,1909,Venetoclax,BCL2,Apoptosis regulation,1046,Y,0.001001,1.0,2.132261,0.945944,0.072807,0.079692,8.43391435042918,Low,False
GDSC2,343,16115129,946372,D-423MG,SIDM00209,GBM,1909,Venetoclax,BCL2,Apoptosis regulation,1046,Y,0.001001,1.0,2.240371,0.973631,0.047753,0.136542,9.396816859884133,Low,False
GDSC2,343,16115309,946373,D-502MG,SIDM00208,LGG,1909,Venetoclax,BCL2,Apoptosis regulation,1046,Y,0.001001,1.0,3.686701,0.966808,0.069686,0.897099,39.912956679805205,Low,False
GDSC2,343,16115488,946377,D-566MG,SIDM00206,GBM,1909,Venetoclax,BCL2,Apoptosis regulation,1046,Y,0.001001,1.0,2.339315,0.98517,0.019109,0.188572,10.37412785069821,Low,False
GDSC2,343,16115744,946382,CAMA-1,SIDM00920,BRCA,1909,Venetoclax,BCL2,Apoptosis regulation,1046,Y,0.000977,1.0,2.265831,0.975157,0.098311,0.14993,9.639131392014663,Low,False
GDSC2,343,16115954,949088,CTB-1,SIDM00283,DLBC,1909,Venetoclax,BCL2,Apoptosis regulation,1046,Y,0.001001,1.0,2.689017,0.967786,0.072816,0.372464,14.717201798209372,Low,False
GDSC2,343,16116098,949090,Caov-4,SIDM00918,OV,1909,Venetoclax,BCL2,Apoptosis regulation,1046,Y,0.001001,1.0,2.812028,0.962138,0.083455,0.43715,16.643637312538857,Low,False
GDSC2,343,16116266,949093,BT-483,SIDM00892,BRCA,1909,Venetoclax,BCL2,Apoptosis regulation,1046,Y,0.000977,1.0,6.747117,0.979387,0.041482,2.506429,851.6000570407455,Low,False
GDSC2,343,16116540,949094,M059J,SIDM00659,GBM,1909,Venetoclax,BCL2,Apoptosis regulation,1046,Y,0.001001,1.0,2.06691,0.948045,0.069586,0.045327,7.900373208978716,Low,False
GDSC2,343,16116821,949153,HAL-01,SIDM00289,ALL,1909,Venetoclax,BCL2,Apoptosis regulation,1046,Y,0.001001,1.0,-1.697694,0.735358,0.062572,-1.934302,0.18310527835501614,High,False
GDSC2,343,16117030,949154,OMC-1,SIDM00240,CESC,1909,Venetoclax,BCL2,Apoptosis regulation,1046,Y,0.001001,1.0,2.914594,0.974489,0.080095,0.491084,18.441323705219876,Low,False
GDSC2,343,16117282,949155,ES8,SIDM00261,UNCLASSIFIED,1909,Venetoclax,BCL2,Apoptosis regulation,1046,Y,0.001001,1.0,1.134375,0.965084,0.121546,-0.445049,3.1092296669653194,Low,False
GDSC2,343,16117560,949156,ES4,SIDM00264,UNCLASSIFIED,1909,Venetoclax,BCL2,Apoptosis regulation,1046,Y,0.001001,1.0,2.851717,0.971835,0.105634,0.45802,17.31749045953864,Low,False
GDSC2,343,16117843,949157,ES6,SIDM00262,UNCLASSIFIED,1909,Venetoclax,BCL2,Apoptosis regulation,1046,Y,0.001001,1.0,2.497346,0.948307,0.099028,0.271673,12.150204488814115,Low,False
GDSC2,343,16118011,949158,ES1,SIDM00266,UNCLASSIFIED,1909,Venetoclax,BCL2,Apoptosis regulation,1046,Y,0.001001,1.0,1.936875,0.974325,0.058121,-0.023052,6.937038816763851,Low,False
GDSC2,343,16118292,949160,EW-7,SIDM00201,UNCLASSIFIED,1909,Venetoclax,BCL2,Apoptosis regulation,1046,Y,0.001001,1.0,1.663423,0.970022,0.052519,-0.166848,5.277344312139328,Low,False
GDSC2,343,16118573,949161,EW-3,SIDM00202,UNCLASSIFIED,1909,Venetoclax,BCL2,Apoptosis regulation,1046,Y,0.001001,1.0,-0.885858,0.788265,0.152165,-1.507395,0.41236021638759685,Medium,False
GDSC2,343,16118781,949162,EW-12,SIDM00200,UNCLASSIFIED,1909,Venetoclax,BCL2,Apoptosis regulation,1046,Y,0.001001,1.0,1.616811,0.973955,0.028464,-0.191359,5.037001678512462,Low,False
GDSC2,343,16119032,949163,EW-1,SIDM00205,UNCLASSIFIED,1909,Venetoclax,BCL2,Apoptosis regulation,1046,Y,0.001001,1.0,1.675449,0.970431,0.104212,-0.160524,5.341192806328883,Low,False
GDSC2,343,16119313,949164,EW-18,SIDM00197,UNCLASSIFIED,1909,Venetoclax,BCL2,Apoptosis regulation,1046,Y,0.001001,1.0,1.451264,0.946082,0.115653,-0.278412,4.268506498931834,Low,False
GDSC2,343,16119594,949165,EW-16,SIDM00198,UNCLASSIFIED,1909,Venetoclax,BCL2,Apoptosis regulation,1046,Y,0.001001,1.0,2.455411,0.967113,0.085022,0.249621,11.651221216866432,Low,False
GDSC2,343,16119873,949166,EW-13,SIDM00621,UNCLASSIFIED,1909,Venetoclax,BCL2,Apoptosis regulation,1046,Y,0.001001,1.0,0.646564,0.916993,0.106303,-0.701567,1.9089703253150907,Medium,False
GDSC2,343,16120135,949167,EW-22,SIDM00196,UNCLASSIFIED,1909,Venetoclax,BCL2,Apoptosis regulation,1046,Y,0.001001,1.0,1.214671,0.940557,0.079079,-0.402826,3.3691854199564437,Low,False
GDSC2,343,16120416,949168,EW-24,SIDM00195,UNCLASSIFIED,1909,Venetoclax,BCL2,Apoptosis regulation,1046,Y,0.001001,1.0,2.85047,0.964593,0.094629,0.457364,17.295909007767392,Low,False
GDSC2,343,16120625,949170,LAN-6,SIDM00330,NB,1909,Venetoclax,BCL2,Apoptosis regulation,1046,Y,0.001001,1.0,-0.107531,0.858477,0.065,-1.09811,0.8980486825101279,Medium,False
GDSC2,343,16120878,949171,NB10,SIDM00259,NB,1909,Venetoclax,BCL2,Apoptosis regulation,1046,Y,0.001001,1.0,2.192812,0.976351,0.038471,0.111533,8.960374294015562,Low,False
GDSC2,343,16121245,949173,NB6,SIDM00253,NB,1909,Venetoclax,BCL2,Apoptosis regulation,1046,Y,0.001001,1.0,0.546897,0.907038,0.152737,-0.753977,1.7278830695365484,Medium,False
GDSC2,343,16121497,949174,NB7,SIDM00156,NB,1909,Venetoclax,BCL2,Apoptosis regulation,1046,Y,0.001001,1.0,2.400543,0.968402,0.118107,0.220769,11.029163590796735,Low,False
GDSC2,343,16121704,949175,NB17,SIDM00255,NB,1909,Venetoclax,BCL2,Apoptosis regulation,1046,Y,0.001001,1.0,-3.417951,0.504845,0.172457,-2.838905,0.032779531435095266,High,False
GDSC2,343,16121884,949176,NB5,SIDM00254,NB,1909,Venetoclax,BCL2,Apoptosis regulation,1046,Y,0.001001,1.0,1.078664,0.9183,0.052056,-0.474345,2.940748085988743,Low,False
GDSC2,343,16122135,949177,NB13,SIDM00257,NB,1909,Venetoclax,BCL2,Apoptosis regulation,1046,Y,0.001001,1.0,1.994065,0.975758,0.108779,0.007021,7.345331930798182,Low,False
GDSC2,343,16122404,949178,NB14,SIDM00256,NB,1909,Venetoclax,BCL2,Apoptosis regulation,1046,Y,0.001001,1.0,-0.21565,0.886907,0.08376,-1.154965,0.8060173585861807,Medium,False
GDSC2,343,16122567,949179,NB1,SIDM00578,NB,1909,Venetoclax,BCL2,Apoptosis regulation,1046,Y,0.001001,1.0,1.070258,0.915007,0.153824,-0.478766,2.9161317649259964,Low,False
GDSC2,343,16122838,971773,RH-1,SIDM00427,UNCLASSIFIED,1909,Venetoclax,BCL2,Apoptosis regulation,1046,Y,0.001001,1.0,0.972047,0.968811,0.108006,-0.53041,2.6433498622047877,Medium,False
GDSC2,343,16123060,971777,MZ2-MEL,SIDM00179,SKCM,1909,Venetoclax,BCL2,Apoptosis regulation,1046,Y,0.001001,1.0,1.6779,0.953456,0.138025,-0.159235,5.354300126356145,Low,False
GDSC2,343,16123310,998184,Jurkat,SIDM01016,ALL,1909,Venetoclax,BCL2,Apoptosis regulation,1046,Y,0.001001,1.0,1.037179,0.966567,0.092928,-0.49616,2.8212470400882204,Low,False
GDSC2,343,16123593,998189,LS-180,SIDM00680,COREAD,1909,Venetoclax,BCL2,Apoptosis regulation,1046,Y,0.001001,1.0,1.358134,0.920687,0.064106,-0.327385,3.888929784063712,Low,False
GDSC2,343,16123875,1240121,BICR22,SIDM00485,HNSC,1909,Venetoclax,BCL2,Apoptosis regulation,1046,Y,0.001001,1.0,2.218214,0.97517,0.109769,0.124891,9.190901248970949,Low,False
GDSC2,343,16124157,1240122,BICR78,SIDM00501,HNSC,1909,Venetoclax,BCL2,Apoptosis regulation,1046,Y,0.001001,1.0,3.430916,0.973777,0.040143,0.762594,30.904938712007997,Low,False
GDSC2,343,16124440,1240123,CCK-81,SIDM00487,COREAD,1909,Venetoclax,BCL2,Apoptosis regulation,1046,Y,0.001001,1.0,1.401718,0.951583,0.098011,-0.304467,4.062172788326329,Low,False
GDSC2,343,16124648,1240125,COLO-783,SIDM00955,SKCM,1909,Venetoclax,BCL2,Apoptosis regulation,1046,Y,0.001001,1.0,2.237359,0.965289,0.095539,0.134958,9.368556229377077,Low,False
GDSC2,343,16124901,1240127,EN,SIDM01045,UCEC,1909,Venetoclax,BCL2,Apoptosis regulation,1046,Y,0.001001,1.0,3.102771,0.970956,0.045488,0.590038,22.259547106044177,Low,False
GDSC2,343,16125180,1240128,ES-2,SIDM00861,UNCLASSIFIED,1909,Venetoclax,BCL2,Apoptosis regulation,1046,Y,0.001001,1.0,2.728336,0.972998,0.111327,0.39314,15.307394311721504,Low,False
GDSC2,343,16125346,1240129,FU-OV-1,SIDM01040,OV,1909,Venetoclax,BCL2,Apoptosis regulation,1046,Y,0.001001,1.0,2.95462,0.956339,0.059218,0.512132,19.19442745138841,Low,False
GDSC2,343,16125627,1240130,G-MEL,SIDM00129,SKCM,1909,Venetoclax,BCL2,Apoptosis regulation,1046,Y,0.001001,1.0,1.808335,0.982414,0.097669,-0.090645,6.1002820023247475,Low,False
GDSC2,343,16125878,1240131,NCI-H2591,SIDM00101,MESO,1909,Venetoclax,BCL2,Apoptosis regulation,1046,Y,0.001001,1.0,3.229874,0.957386,0.061962,0.656875,25.276471934846043,Low,False
GDSC2,343,16126161,1240132,NCI-H2595,SIDM00100,MESO,1909,Venetoclax,BCL2,Apoptosis regulation,1046,Y,0.001001,1.0,3.355556,0.979989,0.076133,0.722965,28.66153557515111,Low,False
GDSC2,343,16126443,1240134,NCI-H2731,SIDM00098,MESO,1909,Venetoclax,BCL2,Apoptosis regulation,1046,Y,0.001001,1.0,3.033551,0.96932,0.100261,0.553638,20.770859108832962,Low,False
GDSC2,343,16126729,1240135,NCI-H2803,SIDM00309,MESO,1909,Venetoclax,BCL2,Apoptosis regulation,1046,Y,0.001001,1.0,2.537114,0.969348,0.056697,0.292585,12.643130194115182,Low,False
GDSC2,343,16126986,1240136,NCI-H2804,SIDM00310,MESO,1909,Venetoclax,BCL2,Apoptosis regulation,1046,Y,0.001001,1.0,1.759845,0.92321,0.129418,-0.116144,5.811536536424754,Low,False
GDSC2,343,16127243,1240137,NCI-H2810,SIDM00311,MESO,1909,Venetoclax,BCL2,Apoptosis regulation,1046,Y,0.001001,1.0,2.502529,0.971733,0.057243,0.274398,12.213342479440184,Low,False
GDSC2,343,16127500,1240138,NCI-H2869,SIDM00519,MESO,1909,Venetoclax,BCL2,Apoptosis regulation,1046,Y,0.001001,1.0,3.373794,0.973838,0.053955,0.732556,29.18906053887908,Low,False
GDSC2,343,16127679,1240139,NCI-H290,SIDM00518,MESO,1909,Venetoclax,BCL2,Apoptosis regulation,1046,Y,0.001001,1.0,1.693394,0.956207,0.054413,-0.151087,5.437905672126622,Low,False
GDSC2,343,16127931,1240140,NCI-H3118,SIDM00517,UNCLASSIFIED,1909,Venetoclax,BCL2,Apoptosis regulation,1046,Y,0.001001,1.0,3.681832,0.982132,0.034354,0.894539,39.719092838250134,Low,False
GDSC2,343,16128210,1240141,NCI-H513,SIDM00114,MESO,1909,Venetoclax,BCL2,Apoptosis regulation,1046,Y,0.001001,1.0,3.043598,0.952069,0.086796,0.558921,20.98059577818731,Low,False
GDSC2,343,16128493,1240142,HARA,SIDM00598,LUSC,1909,Venetoclax,BCL2,Apoptosis regulation,1046,Y,0.001001,1.0,3.007613,0.980612,0.102765,0.539999,20.239031652119287,Low,False
GDSC2,343,16128771,1240143,HCC-15,SIDM01072,LUSC,1909,Venetoclax,BCL2,Apoptosis regulation,1046,Y,0.001001,1.0,0.800052,0.90884,0.122238,-0.620854,2.2256566596297325,Medium,False
GDSC2,343,16129058,1240144,HCC-366,SIDM01070,UNCLASSIFIED,1909,Venetoclax,BCL2,Apoptosis regulation,1046,Y,0.001001,1.0,2.822294,0.963023,0.125299,0.442548,16.8153809449077,Low,False
GDSC2,343,16129306,1240145,HCC-44,SIDM01069,LUAD,1909,Venetoclax,BCL2,Apoptosis regulation,1046,Y,0.001001,1.0,2.843638,0.977382,0.049747,0.453772,17.178146093601438,Low,False
GDSC2,343,16129579,1240146,HCC-827,SIDM01067,LUAD,1909,Venetoclax,BCL2,Apoptosis regulation,1046,Y,0.001001,1.0,4.111411,0.973552,0.052307,1.120434,61.03277408670813,Low,False
GDSC2,343,16129866,1240147,Hep3B2-1-7,SIDM00672,LIHC,1909,Venetoclax,BCL2,Apoptosis regulation,1046,Y,0.001001,1.0,1.74568,0.974193,0.13029,-0.123593,5.7297964125531315,Low,False
GDSC2,343,16130007,1240149,Hs-633T,SIDM00667,UNCLASSIFIED,1909,Venetoclax,BCL2,Apoptosis regulation,1046,Y,0.001001,1.0,2.692028,0.987936,0.061743,0.374047,14.761582073798937,Low,False
GDSC2,343,16130216,1240150,Hs-683,SIDM00666,LGG,1909,Venetoclax,BCL2,Apoptosis regulation,1046,Y,0.001001,1.0,2.424181,0.977646,0.096632,0.233199,11.292976682897937,Low,False
GDSC2,343,16130466,1240151,Hs-746T,SIDM00665,STAD,1909,Venetoclax,BCL2,Apoptosis regulation,1046,Y,0.001001,1.0,2.467239,0.947284,0.09061,0.255841,11.789850096416977,Low,False
GDSC2,343,16130749,1240153,IGR-37,SIDM01066,SKCM,1909,Venetoclax,BCL2,Apoptosis regulation,1046,Y,0.001001,1.0,2.295097,0.975421,0.048845,0.16532,9.925398729269562,Low,False
GDSC2,343,16131030,1240154,IHH-4,SIDM00600,THCA,1909,Venetoclax,BCL2,Apoptosis regulation,1046,Y,0.001001,1.0,1.387627,0.952336,0.04237,-0.311876,4.005334108951511,Low,False
GDSC2,343,16131310,1240155,IM-95,SIDM00602,STAD,1909,Venetoclax,BCL2,Apoptosis regulation,1046,Y,0.001001,1.0,2.01701,0.962241,0.130831,0.019087,7.515819005240365,Low,False
GDSC2,343,16131593,1240157,JHH-2,SIDM00617,LIHC,1909,Venetoclax,BCL2,Apoptosis regulation,1046,Y,0.001001,1.0,2.501294,0.961564,0.065301,0.273749,12.19826831169262,Low,False
GDSC2,343,16131873,1240158,JHH-4,SIDM00616,LIHC,1909,Venetoclax,BCL2,Apoptosis regulation,1046,Y,0.001001,1.0,2.11776,0.946544,0.06316,0.072067,8.31249662527554,Low,False
GDSC2,343,16132154,1240159,JHH-6,SIDM00615,LIHC,1909,Venetoclax,BCL2,Apoptosis regulation,1046,Y,0.001001,1.0,3.286504,0.96251,0.032443,0.686654,26.749184850521306,Low,False
GDSC2,343,16132437,1240160,JHH-7,SIDM00614,LIHC,1909,Venetoclax,BCL2,Apoptosis regulation,1046,Y,0.001001,1.0,3.282241,0.969761,0.017592,0.684412,26.635395789213316,Low,False
GDSC2,343,16132646,1240161,JHU-011,SIDM00128,HNSC,1909,Venetoclax,BCL2,Apoptosis regulation,1046,Y,0.001001,1.0,1.734454,0.961371,0.126317,-0.129496,5.665833414069374,Low,False
GDSC2,343,16132898,1240162,JHU-022,SIDM00127,HNSC,1909,Venetoclax,BCL2,Apoptosis regulation,1046,Y,0.001001,1.0,3.862887,0.963666,0.083562,0.989747,47.60258183511813,Low,False
GDSC2,343,16133180,1240166,KYM-1,SIDM00552,UNCLASSIFIED,1909,Venetoclax,BCL2,Apoptosis regulation,1046,Y,0.001001,1.0,1.551392,0.964379,0.08753,-0.22576,4.71803311582671,Low,False
GDSC2,343,16133461,1240167,KYSE-220,SIDM00551,ESCA,1909,Venetoclax,BCL2,Apoptosis regulation,1046,Y,0.001001,1.0,1.91965,0.956797,0.121999,-0.03211,6.818571551561468,Low,False
GDSC2,343,16133741,1240168,LN-18,SIDM00685,GBM,1909,Venetoclax,BCL2,Apoptosis regulation,1046,Y,0.001001,1.0,1.632705,0.954413,0.081169,-0.183001,5.117699389087668,Low,False
GDSC2,343,16134022,1240169,LN-229,SIDM00684,GBM,1909,Venetoclax,BCL2,Apoptosis regulation,1046,Y,0.001001,1.0,2.51678,0.965924,0.091604,0.281893,12.388640945549913,Low,False
GDSC2,343,16134407,1240172,MDA-MB-436,SIDM00629,BRCA,1909,Venetoclax,BCL2,Apoptosis regulation,1046,Y,0.000977,1.0,4.076855,0.984458,0.065072,1.102263,58.95974954546341,Low,False
GDSC2,343,16134688,1240173,MDST8,SIDM00527,COREAD,1909,Venetoclax,BCL2,Apoptosis regulation,1046,Y,0.001001,1.0,2.037238,0.966299,0.058776,0.029724,7.669397043742933,Low,False
GDSC2,343,16134960,1240174,MFE-319,SIDM00333,UCEC,1909,Venetoclax,BCL2,Apoptosis regulation,1046,Y,0.001001,1.0,2.148264,0.966456,0.13679,0.088107,8.569968011594671,Low,False
GDSC2,343,16135170,1240178,ML-1,SIDM00442,THCA,1909,Venetoclax,BCL2,Apoptosis regulation,1046,Y,0.001001,1.0,2.67845,0.941867,0.075401,0.366907,14.562503912566829,Low,False
GDSC2,343,16135421,1240179,MS751,SIDM00638,CESC,1909,Venetoclax,BCL2,Apoptosis regulation,1046,Y,0.001001,1.0,1.095174,0.951847,0.119541,-0.465664,2.989702846433146,Low,False
GDSC2,343,16135695,1240181,NB(TU)1-10,SIDM00579,NB,1909,Venetoclax,BCL2,Apoptosis regulation,1046,Y,0.001001,1.0,-0.614707,0.830423,0.210887,-1.36481,0.540799326300649,Medium,False
GDSC2,343,16135901,1240182,NCI-H1836,SIDM00770,SCLC,1909,Venetoclax,BCL2,Apoptosis regulation,1046,Y,0.001001,1.0,2.209784,0.945599,0.064865,0.120457,9.113747610935532,Low,False
GDSC2,343,16136125,1240183,NCI-H1869,SIDM00768,LUSC,1909,Venetoclax,BCL2,Apoptosis regulation,1046,Y,0.001001,1.0,2.684692,0.959247,0.095507,0.370189,14.653687349434016,Low,False
GDSC2,343,16136392,1240184,NCI-H1915,SIDM00763,UNCLASSIFIED,1909,Venetoclax,BCL2,Apoptosis regulation,1046,Y,0.001001,1.0,3.272866,0.963665,0.079752,0.679483,26.386855805222943,Low,False
GDSC2,343,16136673,1240185,NCI-H1944,SIDM00762,LUAD,1909,Venetoclax,BCL2,Apoptosis regulation,1046,Y,0.001001,1.0,2.182953,0.942697,0.093388,0.106349,8.8724680099172,Low,False
GDSC2,343,16136954,1240186,NCI-H196,SIDM00761,SCLC,1909,Venetoclax,BCL2,Apoptosis regulation,1046,Y,0.001001,1.0,1.496212,0.952793,0.089026,-0.254776,4.464744545331319,Low,False
GDSC2,343,16137237,1240187,NCI-H2023,SIDM00753,LUAD,1909,Venetoclax,BCL2,Apoptosis regulation,1046,Y,0.001001,1.0,2.940846,0.963379,0.087634,0.504889,18.93185588933145,Low,False
GDSC2,343,16137513,1240189,NCI-H211,SIDM00704,SCLC,1909,Venetoclax,BCL2,Apoptosis regulation,1046,Y,0.001001,1.0,-0.03626,0.893412,0.09708,-1.060632,0.9643895196088338,Medium,False
GDSC2,343,16137788,1240190,NCI-H3122,SIDM00137,LUAD,1909,Venetoclax,BCL2,Apoptosis regulation,1046,Y,0.001001,1.0,2.221888,0.951062,0.046621,0.126823,9.22473072685725,Low,False
GDSC2,343,16137997,1240191,NCI-H647,SIDM01125,UNCLASSIFIED,1909,Venetoclax,BCL2,Apoptosis regulation,1046,Y,0.001001,1.0,2.108784,0.954345,0.061283,0.067347,8.238217518909252,Low,False
GDSC2,343,16138245,1240192,NCI-H841,SIDM01134,SCLC,1909,Venetoclax,BCL2,Apoptosis regulation,1046,Y,0.001001,1.0,2.330694,0.965847,0.09365,0.184039,10.285076900153378,Low,False
GDSC2,343,16138400,1240193,NCI-H847,SIDM01149,SCLC,1909,Venetoclax,BCL2,Apoptosis regulation,1046,Y,0.001001,1.0,1.06648,0.966286,0.078937,-0.480753,2.9051354043227975,Low,False
GDSC2,343,16138680,1240196,OSC-20,SIDM00565,HNSC,1909,Venetoclax,BCL2,Apoptosis regulation,1046,Y,0.001001,1.0,2.99074,0.9691,0.083027,0.531126,19.90040334265163,Low,False
GDSC2,343,16138963,1240197,OV-90,SIDM01141,OV,1909,Venetoclax,BCL2,Apoptosis regulation,1046,Y,0.001001,1.0,3.168381,0.951561,0.077533,0.624539,23.768971224048702,Low,False
GDSC2,343,16139243,1240198,OVISE,SIDM00564,OV,1909,Venetoclax,BCL2,Apoptosis regulation,1046,Y,0.001001,1.0,2.614418,0.96305,0.040007,0.333236,13.659264372219964,Low,False
GDSC2,343,16139414,1240199,OVKATE,SIDM00466,OV,1909,Venetoclax,BCL2,Apoptosis regulation,1046,Y,0.001001,1.0,3.129439,0.922844,0.087204,0.604061,22.861150838705356,Low,False
GDSC2,343,16139696,1240200,OVMIU,SIDM00465,OV,1909,Venetoclax,BCL2,Apoptosis regulation,1046,Y,0.001001,1.0,3.342078,0.952537,0.04955,0.715878,28.277827019205745,Low,False
GDSC2,343,16139975,1240201,PA-TU-8988T,SIDM00453,PAAD,1909,Venetoclax,BCL2,Apoptosis regulation,1046,Y,0.001001,10.0,3.405055,0.948472,0.094195,0.748995,30.11595205573129,Low,False
GDSC2,343,16140146,1240202,PC-3_[JPC-3],SIDM00361,LUAD,1909,Venetoclax,BCL2,Apoptosis regulation,1046,Y,0.001001,1.0,2.232235,0.938308,0.073366,0.132264,9.320674524947133,Low,False
GDSC2,343,16140355,1240204,PCI-15A,SIDM00270,HNSC,1909,Venetoclax,BCL2,Apoptosis regulation,1046,Y,0.001001,1.0,2.607465,0.986628,0.077522,0.329579,13.56462091630269,Low,False
GDSC2,343,16140535,1240206,PCI-6A,SIDM00115,HNSC,1909,Venetoclax,BCL2,Apoptosis regulation,1046,Y,0.001001,1.0,1.717172,0.96062,0.137288,-0.138584,5.568757728110667,Low,False
GDSC2,343,16140715,1240207,PE-CA-PJ15,SIDM00473,HNSC,1909,Venetoclax,BCL2,Apoptosis regulation,1046,Y,0.001001,1.0,2.739259,0.975833,0.0732,0.398884,15.475513491138178,Low,False
GDSC2,343,16140966,1240209,RERF-GC-1B,SIDM00358,STAD,1909,Venetoclax,BCL2,Apoptosis regulation,1046,Y,0.001001,1.0,2.112745,0.963184,0.065931,0.069429,8.270913810758573,Low,False
GDSC2,343,16141247,1240210,RH-41,SIDM00426,UNCLASSIFIED,1909,Venetoclax,BCL2,Apoptosis regulation,1046,Y,0.001001,1.0,0.503534,0.931176,0.196993,-0.776779,1.6545581593782601,Medium,False
GDSC2,343,16141528,1240212,SISO,SIDM00394,CESC,1909,Venetoclax,BCL2,Apoptosis regulation,1046,Y,0.001001,1.0,2.765555,0.97851,0.110579,0.412712,15.887855303831744,Low,False
GDSC2,343,16141811,1240215,SKN,SIDM00377,UNCLASSIFIED,1909,Venetoclax,BCL2,Apoptosis regulation,1046,Y,0.001001,1.0,3.282034,0.970749,0.045365,0.684304,26.629882832895614,Low,False
GDSC2,343,16142091,1240217,SNU-398,SIDM01181,LIHC,1909,Venetoclax,BCL2,Apoptosis regulation,1046,Y,0.001001,1.0,0.97801,0.918963,0.130252,-0.527274,2.659159246266715,Medium,False
GDSC2,343,16142372,1240218,SU8686,SIDM01188,PAAD,1909,Venetoclax,BCL2,Apoptosis regulation,1046,Y,0.001001,10.0,4.495964,0.950889,0.120771,1.322653,89.65455433109403,Low,False
GDSC2,343,16142653,1240219,SUIT-2,SIDM00371,PAAD,1909,Venetoclax,BCL2,Apoptosis regulation,1046,Y,0.001001,10.0,5.100076,0.964729,0.083214,1.640327,164.03437343856373,Low,False
GDSC2,343,16142863,1240220,SW156,SIDM01162,KIRC,1909,Venetoclax,BCL2,Apoptosis regulation,1046,Y,0.001001,1.0,3.676132,0.981465,0.057166,0.891542,39.49333802153059,Low,False
GDSC2,343,16143113,1240221,TC-71,SIDM00419,UNCLASSIFIED,1909,Venetoclax,BCL2,Apoptosis regulation,1046,Y,0.001001,1.0,0.66114,0.940085,0.10486,-0.693901,1.9369992553691915,Medium,False
GDSC2,343,16143393,1240222,TOV-21G,SIDM01169,OV,1909,Venetoclax,BCL2,Apoptosis regulation,1046,Y,0.001001,1.0,3.583263,0.976023,0.061778,0.842706,35.990787394560336,Low,False
GDSC2,343,16143674,1240223,TT2609-C02,SIDM00418,THCA,1909,Venetoclax,BCL2,Apoptosis regulation,1046,Y,0.001001,1.0,3.614123,0.956343,0.059411,0.858934,37.11877847818283,Low,False
GDSC2,343,16143884,1240224,VMRC-RCW,SIDM00318,KIRC,1909,Venetoclax,BCL2,Apoptosis regulation,1046,Y,0.001001,1.0,3.066592,0.95162,0.07522,0.571013,21.468612827521294,Low,False
GDSC2,343,16144135,1240226,WM278,SIDM00975,SKCM,1909,Venetoclax,BCL2,Apoptosis regulation,1046,Y,0.001001,1.0,2.952923,0.956716,0.094512,0.511239,19.161882130518528,Low,False
GDSC2,343,16144700,1247873,H3255,SIDM00046,LUAD,1909,Venetoclax,BCL2,Apoptosis regulation,1046,Y,0.001001,1.0,3.521061,0.957408,0.032467,0.809997,33.82029276509708,Low,False
GDSC2,343,16144880,1287706,451Lu,SIDM01240,SKCM,1909,Venetoclax,BCL2,Apoptosis regulation,1046,Y,0.001001,1.0,2.17895,0.967583,0.069414,0.104244,8.837022511969213,Low,False
GDSC2,343,16145127,1290455,OCI-AML3,SIDM00462,LAML,1909,Venetoclax,BCL2,Apoptosis regulation,1046,Y,0.001001,1.0,0.064248,0.896055,0.09624,-1.007779,1.066356822463582,Medium,False
GDSC2,343,16145401,1290722,ASH-3,SIDM00491,THCA,1909,Venetoclax,BCL2,Apoptosis regulation,1046,Y,0.001001,1.0,2.743599,0.97951,0.107993,0.401166,15.542823176054496,Low,False
GDSC2,343,16145655,1290724,BICR10,SIDM00077,HNSC,1909,Venetoclax,BCL2,Apoptosis regulation,1046,Y,0.001001,1.0,3.184504,0.972336,0.100562,0.633017,24.155304403074172,Low,False
GDSC2,343,16145853,1290725,BICR31,SIDM00078,HNSC,1909,Venetoclax,BCL2,Apoptosis regulation,1046,Y,0.001001,1.0,1.841315,0.978213,0.056932,-0.073303,6.304823655292695,Low,False
GDSC2,343,16146104,1290730,CAL-29,SIDM00936,BLCA,1909,Venetoclax,BCL2,Apoptosis regulation,1046,Y,0.001001,1.0,2.288498,0.974258,0.088605,0.16185,9.860116658150709,Low,False
GDSC2,343,16146385,1290765,CAL-78,SIDM00929,UNCLASSIFIED,1909,Venetoclax,BCL2,Apoptosis regulation,1046,Y,0.001001,1.0,3.35589,0.983875,0.033167,0.723141,28.671110126894344,Low,False
GDSC2,343,16146595,1290767,CHSA0011,SIDM00051,UNCLASSIFIED,1909,Venetoclax,BCL2,Apoptosis regulation,1046,Y,0.001001,1.0,2.838246,0.958948,0.057763,0.450936,17.085770797470357,Low,False
GDSC2,343,16146775,1290768,CHSA0108,SIDM00050,UNCLASSIFIED,1909,Venetoclax,BCL2,Apoptosis regulation,1046,Y,0.001001,1.0,3.268297,0.965106,0.018028,0.67708,26.26656926490625,Low,False
GDSC2,343,16147026,1290769,CL-11,SIDM00944,COREAD,1909,Venetoclax,BCL2,Apoptosis regulation,1046,Y,0.001001,1.0,3.24719,0.948921,0.07452,0.665981,25.717970788271362,Low,False
GDSC2,343,16147271,1290795,CS1,SIDM00199,UNCLASSIFIED,1909,Venetoclax,BCL2,Apoptosis regulation,1046,Y,0.001001,1.0,2.66689,0.957974,0.117241,0.360828,14.395130648689594,Low,False
GDSC2,343,16147550,1290797,DAN-G,SIDM00950,PAAD,1909,Venetoclax,BCL2,Apoptosis regulation,1046,Y,0.001001,10.0,3.553196,0.950516,0.095899,0.826895,34.92475883871246,Low,False
GDSC2,343,16147832,1290798,EFM-192A,SIDM01002,BRCA,1909,Venetoclax,BCL2,Apoptosis regulation,1046,Y,0.000977,1.0,3.199876,0.980043,0.094627,0.641101,24.52948835196321,Low,False
GDSC2,343,16148004,1290806,FU97,SIDM00503,STAD,1909,Venetoclax,BCL2,Apoptosis regulation,1046,Y,0.001001,1.0,2.152789,0.940752,0.059778,0.090487,8.608834987060348,Low,False
GDSC2,343,16148286,1290807,G-292-Clone-A141B1,SIDM00858,UNCLASSIFIED,1909,Venetoclax,BCL2,Apoptosis regulation,1046,Y,0.001001,1.0,1.90114,0.934013,0.095687,-0.041844,6.693520708089055,Low,False
GDSC2,343,16148566,1290808,NCI-H2369,SIDM00104,MESO,1909,Venetoclax,BCL2,Apoptosis regulation,1046,Y,0.001001,1.0,1.186607,0.933339,0.125555,-0.417583,3.2759470406421354,Low,False
GDSC2,343,16148847,1290809,NCI-H2373,SIDM00103,MESO,1909,Venetoclax,BCL2,Apoptosis regulation,1046,Y,0.001001,1.0,3.38932,0.965848,0.060039,0.74072,29.64578628003878,Low,False
GDSC2,343,16149130,1290810,NCI-H2461,SIDM00102,MESO,1909,Venetoclax,BCL2,Apoptosis regulation,1046,Y,0.001001,1.0,4.477132,0.97181,0.039207,1.31275,87.98197817154653,Low,False
GDSC2,343,16149410,1290812,NCI-H2722,SIDM00099,MESO,1909,Venetoclax,BCL2,Apoptosis regulation,1046,Y,0.001001,1.0,3.024083,0.918876,0.091643,0.548659,20.57512866486583,Low,False
GDSC2,343,16149693,1290813,NCI-H2795,SIDM00154,MESO,1909,Venetoclax,BCL2,Apoptosis regulation,1046,Y,0.001001,1.0,2.244121,0.963581,0.081082,0.138514,9.432121077143938,Low,False
GDSC2,343,16149975,1290814,NCI-H2818,SIDM00520,MESO,1909,Venetoclax,BCL2,Apoptosis regulation,1046,Y,0.001001,1.0,3.067848,0.972586,0.093254,0.571673,21.49559434607929,Low,False
GDSC2,343,16150258,1290905,HCC1428,SIDM00881,BRCA,1909,Venetoclax,BCL2,Apoptosis regulation,1046,Y,0.000977,1.0,4.431429,0.976086,0.056656,1.288717,84.05144064156514,Low,False
GDSC2,343,16150556,1290908,HCC-78,SIDM01068,LUAD,1909,Venetoclax,BCL2,Apoptosis regulation,1046,Y,0.001001,1.0,2.681557,0.961339,0.054443,0.368541,14.607819974270345,Low,False
GDSC2,343,16150839,1290922,HDQ-P1,SIDM01062,BRCA,1909,Venetoclax,BCL2,Apoptosis regulation,1046,Y,0.000977,1.0,3.175417,0.977895,0.107736,0.628239,23.936799432854826,Low,False
GDSC2,343,16151120,1295740,ALL-SIL,SIDM00994,ALL,1909,Venetoclax,BCL2,Apoptosis regulation,1046,Y,0.001001,1.0,-2.932972,0.572516,0.159007,-2.583877,0.05323857773663389,High,False
GDSC2,343,16151398,1295741,AMO-1,SIDM00993,MM,1909,Venetoclax,BCL2,Apoptosis regulation,1046,Y,0.001001,1.0,1.242358,0.971733,0.114282,-0.388266,3.4637714157568467,Low,False
GDSC2,343,16151597,1297438,COR-L303,SIDM00510,SCLC,1909,Venetoclax,BCL2,Apoptosis regulation,1046,Y,0.001001,1.0,-0.869966,0.818684,0.185795,-1.499038,0.4189657938424701,Medium,False
GDSC2,343,16151948,1297446,DND-41,SIDM00946,ALL,1909,Venetoclax,BCL2,Apoptosis regulation,1046,Y,0.001001,1.0,1.036875,0.976941,0.041945,-0.49632,2.820389511339007,Low,False
GDSC2,343,16152228,1297447,EJM,SIDM01048,MM,1909,Venetoclax,BCL2,Apoptosis regulation,1046,Y,0.001001,1.0,2.658492,0.991391,0.023823,0.356412,14.274746541887042,Low,False
GDSC2,343,16152513,1297449,Farage,SIDM00859,DLBC,1909,Venetoclax,BCL2,Apoptosis regulation,1046,Y,0.001001,1.0,1.402003,0.980886,0.025135,-0.304316,4.063330672561668,Low,False
GDSC2,343,16152764,1298134,HeLa,SIDM00846,CESC,1909,Venetoclax,BCL2,Apoptosis regulation,1046,Y,0.001001,1.0,1.887757,0.981094,0.039193,-0.048881,6.604538075833031,Low,False
GDSC2,343,16153045,1298136,HPAC,SIDM00670,PAAD,1909,Venetoclax,BCL2,Apoptosis regulation,1046,Y,0.001001,10.0,3.94532,0.921458,0.127302,1.033094,51.692877186413675,Low,False
GDSC2,343,16153217,1298141,Hs-766T,SIDM00664,PAAD,1909,Venetoclax,BCL2,Apoptosis regulation,1046,Y,0.001001,10.0,6.231758,0.962112,0.094997,2.235426,508.64890272118106,Low,False
GDSC2,343,16153426,1298144,Hs-939-T,SIDM00663,SKCM,1909,Venetoclax,BCL2,Apoptosis regulation,1046,Y,0.001001,1.0,2.620256,0.963038,0.123663,0.336306,13.739240380446304,Low,False
GDSC2,343,16153606,1298145,Hs-940-T,SIDM00662,SKCM,1909,Venetoclax,BCL2,Apoptosis regulation,1046,Y,0.001001,1.0,3.66922,0.980285,0.051433,0.887907,39.22130131105932,Low,False
GDSC2,343,16153857,1298146,huH-1,SIDM00586,LIHC,1909,Venetoclax,BCL2,Apoptosis regulation,1046,Y,0.001001,1.0,2.706523,0.958606,0.070282,0.38167,14.977109467139401,Low,False
GDSC2,343,16154138,1298151,JHH-1,SIDM00618,LIHC,1909,Venetoclax,BCL2,Apoptosis regulation,1046,Y,0.001001,1.0,1.490414,0.932351,0.111621,-0.257825,4.438932856851223,Low,False
GDSC2,343,16154347,1298156,JHU-029,SIDM00690,HNSC,1909,Venetoclax,BCL2,Apoptosis regulation,1046,Y,0.001001,1.0,2.415383,0.973042,0.057367,0.228572,11.194056860412545,Low,False
GDSC2,343,16154600,1298157,JIMT-1,SIDM01037,BRCA,1909,Venetoclax,BCL2,Apoptosis regulation,1046,Y,0.000977,1.0,3.425505,0.989596,0.078598,0.759749,30.7381637053337,Low,False
GDSC2,343,16154811,1298160,K2,SIDM00126,SKCM,1909,Venetoclax,BCL2,Apoptosis regulation,1046,Y,0.001001,1.0,1.181713,0.916738,0.13667,-0.420157,3.259953723394169,Low,False
GDSC2,343,16154991,1298167,KMH-2,SIDM00619,THCA,1909,Venetoclax,BCL2,Apoptosis regulation,1046,Y,0.001001,1.0,2.226432,0.983563,0.065773,0.129212,9.26674328351947,Low,False
GDSC2,343,16155132,1298168,KMRC-1,SIDM00611,KIRC,1909,Venetoclax,BCL2,Apoptosis regulation,1046,Y,0.001001,1.0,2.722818,0.967207,0.055506,0.390238,15.223160724108505,Low,False
GDSC2,343,16155412,1298169,KMRC-20,SIDM00609,KIRC,1909,Venetoclax,BCL2,Apoptosis regulation,1046,Y,0.001001,1.0,2.740997,0.969557,0.102199,0.399797,15.502433320140913,Low,False
GDSC2,343,16155622,1298215,KON,SIDM00604,HNSC,1909,Venetoclax,BCL2,Apoptosis regulation,1046,Y,0.001001,1.0,1.942211,0.974562,0.091625,-0.020247,6.974153790576042,Low,False
GDSC2,343,16155873,1298216,KP-1N,SIDM00583,PAAD,1909,Venetoclax,BCL2,Apoptosis regulation,1046,Y,0.001001,10.0,4.63356,0.97291,0.081772,1.395008,102.87966456140673,Low,False
GDSC2,343,16156154,1298218,KP-2,SIDM00582,PAAD,1909,Venetoclax,BCL2,Apoptosis regulation,1046,Y,0.001001,10.0,5.316753,0.975279,0.090511,1.754267,203.72132377351917,Low,False
GDSC2,343,16156437,1298219,KP-3,SIDM00571,UNCLASSIFIED,1909,Venetoclax,BCL2,Apoptosis regulation,1046,Y,0.001001,10.0,5.735532,0.991291,0.06297,1.974484,309.6776754672188,Low,False
GDSC2,343,16156717,1298222,KYSE-50,SIDM00550,ESCA,1909,Venetoclax,BCL2,Apoptosis regulation,1046,Y,0.001001,1.0,2.034055,0.970187,0.089976,0.02805,7.645024162970244,Low,False
GDSC2,343,16156998,1298223,LC-1-sq,SIDM00300,LUSC,1909,Venetoclax,BCL2,Apoptosis regulation,1046,Y,0.001001,1.0,3.621756,0.984208,0.037852,0.862947,37.40319019072646,Low,False
GDSC2,343,16157279,1298226,LOU-NH91,SIDM00341,LUSC,1909,Venetoclax,BCL2,Apoptosis regulation,1046,Y,0.001001,1.0,3.47046,0.978726,0.083194,0.783388,32.1515287468665,Low,False
GDSC2,343,16157561,1298347,NCI-H1435,SIDM00658,LUAD,1909,Venetoclax,BCL2,Apoptosis regulation,1046,Y,0.001001,1.0,2.764285,0.993502,0.02475,0.412044,15.867690534934441,Low,False
GDSC2,343,16157839,1298348,NCI-H1568,SIDM00750,LUAD,1909,Venetoclax,BCL2,Apoptosis regulation,1046,Y,0.001001,1.0,2.747248,0.949672,0.07383,0.403085,15.599642541709795,Low,False
GDSC2,343,16158008,1298349,NCI-H1688,SIDM00792,SCLC,1909,Venetoclax,BCL2,Apoptosis regulation,1046,Y,0.001001,1.0,1.281496,0.963654,0.065017,-0.367685,3.602024325275078,Low,False
GDSC2,343,16158289,1298350,NCI-H1781,SIDM00754,LUAD,1909,Venetoclax,BCL2,Apoptosis regulation,1046,Y,0.001001,1.0,2.751336,0.967394,0.126299,0.405234,15.66354440684002,Low,False
GDSC2,343,16158499,1298351,NCI-H2110,SIDM00703,UNCLASSIFIED,1909,Venetoclax,BCL2,Apoptosis regulation,1046,Y,0.001001,1.0,1.792159,0.966954,0.112259,-0.099152,6.0023976635699645,Low,False
GDSC2,343,16158756,1298352,NCI-H2135,SIDM00700,UNCLASSIFIED,1909,Venetoclax,BCL2,Apoptosis regulation,1046,Y,0.001001,1.0,3.667447,0.951416,0.058114,0.886974,39.15182355406683,Low,False
GDSC2,343,16158936,1298353,NCI-H2172,SIDM00926,UNCLASSIFIED,1909,Venetoclax,BCL2,Apoptosis regulation,1046,Y,0.001001,1.0,2.158414,0.969374,0.078488,0.093444,8.657396134046444,Low,False
GDSC2,343,16159116,1298356,NCI-H2444,SIDM00723,UNCLASSIFIED,1909,Venetoclax,BCL2,Apoptosis regulation,1046,Y,0.001001,1.0,2.479743,0.953837,0.044989,0.262416,11.938195907214222,Low,False
GDSC2,343,16159366,1298357,NUGC-4,SIDM00570,STAD,1909,Venetoclax,BCL2,Apoptosis regulation,1046,Y,0.001001,1.0,4.025968,0.964274,0.043778,1.075504,56.03452395645595,Low,False
GDSC2,343,16159649,1298358,OCUM-1,SIDM00568,STAD,1909,Venetoclax,BCL2,Apoptosis regulation,1046,Y,0.001001,1.0,2.875054,0.957964,0.066976,0.470292,17.726381320208333,Low,False
GDSC2,343,16159929,1298359,OE21,SIDM00478,ESCA,1909,Venetoclax,BCL2,Apoptosis regulation,1046,Y,0.001001,1.0,1.899386,0.947227,0.097699,-0.042766,6.6817905631115435,Low,False
GDSC2,343,16160139,1298362,OSC-19,SIDM00566,HNSC,1909,Venetoclax,BCL2,Apoptosis regulation,1046,Y,0.001001,1.0,2.283897,0.971737,0.031795,0.15943,9.81485446692448,Low,False
GDSC2,343,16160390,1298365,OVTOKO,SIDM00425,OV,1909,Venetoclax,BCL2,Apoptosis regulation,1046,Y,0.001001,1.0,4.011421,0.978973,0.037374,1.067854,55.22528997032745,Low,False
GDSC2,343,16160672,1298475,PANC-02-03,SIDM01139,PAAD,1909,Venetoclax,BCL2,Apoptosis regulation,1046,Y,0.001001,10.0,1.876294,0.829096,0.241402,-0.054909,6.5292625219745215,Low,False
GDSC2,343,16161123,1298526,PA-TU-8902,SIDM00455,PAAD,1909,Venetoclax,BCL2,Apoptosis regulation,1046,Y,0.001001,10.0,5.860361,0.965641,0.071011,2.040125,350.85077829201555,Low,False
GDSC2,343,16161294,1298529,PCI-30,SIDM00044,HNSC,1909,Venetoclax,BCL2,Apoptosis regulation,1046,Y,0.001001,1.0,2.711998,0.95456,0.060575,0.384548,15.059334025807068,Low,False
GDSC2,343,16161580,1298531,PCI-4B,SIDM00043,HNSC,1909,Venetoclax,BCL2,Apoptosis regulation,1046,Y,0.001001,1.0,2.737569,0.978621,0.076277,0.397995,15.449381960700897,Low,False
GDSC2,343,16161830,1298533,PL4,SIDM00042,PAAD,1909,Venetoclax,BCL2,Apoptosis regulation,1046,Y,0.001001,10.0,3.760795,0.945856,0.124192,0.936062,42.98258355325296,Low,False
GDSC2,343,16162116,1298534,QGP-1,SIDM00360,UNCLASSIFIED,1909,Venetoclax,BCL2,Apoptosis regulation,1046,Y,0.001001,1.0,4.07709,0.97452,0.03109,1.102386,58.973606714760216,Low,False
GDSC2,343,16162367,1298537,RERF-LC-KJ,SIDM00356,LUAD,1909,Venetoclax,BCL2,Apoptosis regulation,1046,Y,0.001001,1.0,2.758311,0.979,0.128628,0.408902,15.773179537110106,Low,False
GDSC2,343,16162647,1298538,RERF-LC-Sq1,SIDM00354,LUSC,1909,Venetoclax,BCL2,Apoptosis regulation,1046,Y,0.001001,1.0,3.419373,0.981173,0.037142,0.756524,30.55025400543814,Low,False
GDSC2,343,16162930,1298539,RKN,SIDM00353,UNCLASSIFIED,1909,Venetoclax,BCL2,Apoptosis regulation,1046,Y,0.001001,1.0,3.248401,0.968893,0.059753,0.666618,25.749134116482722,Low,False
GDSC2,343,16163209,1299050,SAT,SIDM00350,HNSC,1909,Venetoclax,BCL2,Apoptosis regulation,1046,Y,0.001001,1.0,3.672718,0.978289,0.036557,0.889746,39.35873765907881,Low,False
GDSC2,343,16163490,1299052,SCC90,SIDM00399,HNSC,1909,Venetoclax,BCL2,Apoptosis regulation,1046,Y,0.001001,1.0,1.4966,0.921344,0.110605,-0.254572,4.466477202328628,Low,False
GDSC2,343,16163770,1299059,SKN-3,SIDM00375,HNSC,1909,Venetoclax,BCL2,Apoptosis regulation,1046,Y,0.001001,1.0,2.864822,0.976673,0.0439,0.464911,17.545929751111785,Low,False
GDSC2,343,16163979,1299061,STS-0421,SIDM00041,UNCLASSIFIED,1909,Venetoclax,BCL2,Apoptosis regulation,1046,Y,0.001001,1.0,2.847231,0.980953,0.049806,0.455661,17.239978187352964,Low,False
GDSC2,343,16164231,1299062,SW1271,SIDM01156,SCLC,1909,Venetoclax,BCL2,Apoptosis regulation,1046,Y,0.001001,1.0,3.904305,0.95297,0.073197,1.011527,49.61558509497564,Low,False
GDSC2,343,16164401,1299064,T-T,SIDM00322,ESCA,1909,Venetoclax,BCL2,Apoptosis regulation,1046,Y,0.001001,1.0,1.413907,0.954722,0.073361,-0.298057,4.111989604248564,Low,False
GDSC2,343,16164610,1299069,TMK-1,SIDM00040,STAD,1909,Venetoclax,BCL2,Apoptosis regulation,1046,Y,0.001001,1.0,2.22607,0.966878,0.073863,0.129022,9.26338932955313,Low,False
GDSC2,343,16164861,1299070,TOV-112D,SIDM01170,OV,1909,Venetoclax,BCL2,Apoptosis regulation,1046,Y,0.001001,1.0,2.601861,0.984076,0.047216,0.326633,13.488817380577736,Low,False
GDSC2,343,16165144,1299075,VCaP,SIDM01077,PRAD,1909,Venetoclax,BCL2,Apoptosis regulation,1046,Y,0.001001,1.0,1.528495,0.924197,0.035727,-0.2378,4.611231693702396,Low,False
GDSC2,343,16165425,1299078,WM1552C,SIDM00976,SKCM,1909,Venetoclax,BCL2,Apoptosis regulation,1046,Y,0.001001,1.0,2.68503,0.969301,0.039853,0.370367,14.658641132900364,Low,False
GDSC2,343,16165673,1299080,WM35,SIDM00974,SKCM,1909,Venetoclax,BCL2,Apoptosis regulation,1046,Y,0.001001,1.0,3.410839,0.982976,0.047129,0.752036,30.290647454483906,Low,False
GDSC2,343,16165954,1299081,WM793B,SIDM00973,SKCM,1909,Venetoclax,BCL2,Apoptosis regulation,1046,Y,0.001001,1.0,3.06024,0.978088,0.063244,0.567673,21.332676390028574,Low,False
GDSC2,343,16166235,1303896,GA-10,SIDM00854,UNCLASSIFIED,1909,Venetoclax,BCL2,Apoptosis regulation,1046,Y,0.001001,1.0,1.510168,0.967174,0.137981,-0.247438,4.527491348972499,Low,False
GDSC2,343,16166516,1303897,GRANTA-519,SIDM01058,DLBC,1909,Venetoclax,BCL2,Apoptosis regulation,1046,Y,0.001001,1.0,-2.650143,0.599899,0.198057,-2.43515,0.07064111065930084,High,False
GDSC2,343,16166799,1303900,HCC1500,SIDM00879,BRCA,1909,Venetoclax,BCL2,Apoptosis regulation,1046,Y,0.000977,1.0,-3.588015,0.484079,0.089737,-2.928333,0.02765316751694906,High,False
GDSC2,343,16167000,1303901,HCC-33,SIDM01071,SCLC,1909,Venetoclax,BCL2,Apoptosis regulation,1046,Y,0.001001,1.0,1.97639,0.97367,0.073709,-0.002273,7.216643820321022,Low,False
GDSC2,343,16167180,1303911,YMB-1-E,SIDM01261,BRCA,1909,Venetoclax,BCL2,Apoptosis regulation,1046,Y,0.001001,1.0,1.60534,0.941735,0.068539,-0.197391,4.979552362757513,Low,False
GDSC2,343,16167431,1303912,CHSA8926,SIDM00176,UNCLASSIFIED,1909,Venetoclax,BCL2,Apoptosis regulation,1046,Y,0.001001,1.0,1.856723,0.947614,0.093533,-0.065201,6.402720639768095,Low,False
GDSC2,343,16167645,1322212,COR-L32,SIDM00508,SCLC,1909,Venetoclax,BCL2,Apoptosis regulation,1046,Y,0.001001,1.0,-0.164119,0.866476,0.077134,-1.127867,0.8486410275888825,Medium,False
GDSC2,343,16167834,1322213,COR-L321,SIDM00507,UNCLASSIFIED,1909,Venetoclax,BCL2,Apoptosis regulation,1046,Y,0.001001,1.0,1.770733,0.972771,0.053035,-0.110418,5.875158274454386,Low,False
GDSC2,343,16168084,1322218,Hs-445,SIDM00668,UNCLASSIFIED,1909,Venetoclax,BCL2,Apoptosis regulation,1046,Y,0.001001,1.0,0.08178,0.898283,0.172591,-0.99856,1.0852170358174908,Medium,False
GDSC2,343,16168254,1322224,HSC-39,SIDM00045,STAD,1909,Venetoclax,BCL2,Apoptosis regulation,1046,Y,0.001001,1.0,1.942282,0.992512,0.025654,-0.020209,6.974648973073945,Low,False
GDSC2,343,16168463,1323913,NB4,SIDM00428,LAML,1909,Venetoclax,BCL2,Apoptosis regulation,1046,Y,0.001001,1.0,-0.010213,0.931045,0.198649,-1.046935,0.9898389755917705,Medium,False
GDSC2,343,16168642,1327765,JEKO-1,SIDM01038,DLBC,1909,Venetoclax,BCL2,Apoptosis regulation,1046,Y,0.001001,1.0,1.549068,0.97742,0.093282,-0.226982,4.707081137993051,Low,False
GDSC2,343,16168893,1327766,JJN-3,SIDM01036,MM,1909,Venetoclax,BCL2,Apoptosis regulation,1046,Y,0.001001,1.0,0.734621,0.959635,0.068895,-0.655262,2.084691744591307,Medium,False
GDSC2,343,16169102,1327768,JM1,SIDM00689,DLBC,1909,Venetoclax,BCL2,Apoptosis regulation,1046,Y,0.001001,1.0,-1.353553,0.795252,0.190636,-1.753334,0.25832081436338017,High,False
GDSC2,343,16169352,1327769,JSC-1,SIDM00688,DLBC,1909,Venetoclax,BCL2,Apoptosis regulation,1046,Y,0.001001,1.0,0.879134,0.951543,0.113976,-0.579269,2.4088127710448943,Medium,False
GDSC2,343,16169863,1327773,KARPAS-1106P,SIDM01011,DLBC,1909,Venetoclax,BCL2,Apoptosis regulation,1046,Y,0.001001,1.0,1.201498,0.966711,0.013066,-0.409753,3.3250941849254363,Low,False
GDSC2,343,16170423,1327775,KARPAS-620,SIDM01006,MM,1909,Venetoclax,BCL2,Apoptosis regulation,1046,Y,0.001001,1.0,-2.248699,0.657245,0.050609,-2.224049,0.10553643819113119,High,False
GDSC2,343,16170702,1330931,KCL-22,SIDM01004,LCML,1909,Venetoclax,BCL2,Apoptosis regulation,1046,Y,0.001001,1.0,1.831112,0.979676,0.071889,-0.078668,6.240822596155604,Low,False
GDSC2,343,16170981,1330933,KOPN-8,SIDM01034,UNCLASSIFIED,1909,Venetoclax,BCL2,Apoptosis regulation,1046,Y,0.001001,1.0,-3.16279,0.539362,0.140353,-2.704728,0.042307538232544885,High,False
GDSC2,343,16171263,1330935,L-1236,SIDM00313,UNCLASSIFIED,1909,Venetoclax,BCL2,Apoptosis regulation,1046,Y,0.001001,1.0,2.081167,0.978213,0.07395,0.052824,8.013815582239323,Low,False
GDSC2,343,16171550,1330941,MDA-MB-330,SIDM00631,BRCA,1909,Venetoclax,BCL2,Apoptosis regulation,1046,Y,0.001001,1.0,1.418301,0.919082,0.099281,-0.295746,4.1300974403512045,Low,False
GDSC2,343,16172290,1330948,MOLM-16,SIDM00435,LAML,1909,Venetoclax,BCL2,Apoptosis regulation,1046,Y,0.001001,1.0,1.725794,0.981951,0.098546,-0.13405,5.61697914102672,Low,False
GDSC2,343,16172541,1330950,MOLP-8,SIDM00434,MM,1909,Venetoclax,BCL2,Apoptosis regulation,1046,Y,0.001001,1.0,2.11434,0.984276,0.09512,0.070268,8.284116444588227,Low,False
GDSC2,343,16172889,1330964,NCI-H1341,SIDM00646,SCLC,1909,Venetoclax,BCL2,Apoptosis regulation,1046,Y,0.001001,1.0,0.266039,0.897284,0.17148,-0.901667,1.3047859443464807,Medium,False
GDSC2,343,16173169,1330972,NCI-H1876,SIDM00766,SCLC,1909,Venetoclax,BCL2,Apoptosis regulation,1046,Y,0.001001,1.0,0.970455,0.936864,0.078969,-0.531247,2.639144997184803,Medium,False
GDSC2,343,16173340,1330973,NCI-H2066,SIDM00711,SCLC,1909,Venetoclax,BCL2,Apoptosis regulation,1046,Y,0.001001,1.0,2.628171,0.936647,0.085167,0.340468,13.848417968389676,Low,False
GDSC2,343,16173549,1330975,NCI-H660,SIDM01123,OTHER,1909,Venetoclax,BCL2,Apoptosis regulation,1046,Y,0.001001,1.0,-0.237357,0.889498,0.092621,-1.166379,0.7887096683998802,Medium,False
GDSC2,343,16173728,1330981,NK-92MI,SIDM01201,UNCLASSIFIED,1909,Venetoclax,BCL2,Apoptosis regulation,1046,Y,0.001001,1.0,0.702092,0.973649,0.083054,-0.672367,2.017969887767067,Medium,False
GDSC2,343,16173907,1330982,NU-DUL-1,SIDM00443,DLBC,1909,Venetoclax,BCL2,Apoptosis regulation,1046,Y,0.001001,1.0,2.122123,0.990997,0.048119,0.074361,8.348843280623065,Low,False
GDSC2,343,16174563,1330985,OCI-M1,SIDM00458,LAML,1909,Venetoclax,BCL2,Apoptosis regulation,1046,Y,0.001001,1.0,1.068612,0.969714,0.173181,-0.479631,2.9113357602356125,Low,False
GDSC2,343,16174844,1330987,P32-ISH,SIDM00362,UNCLASSIFIED,1909,Venetoclax,BCL2,Apoptosis regulation,1046,Y,0.001001,1.0,0.601122,0.976449,0.132227,-0.725462,1.824164365031717,Medium,False
GDSC2,343,16175054,1330991,PL-21,SIDM00450,LAML,1909,Venetoclax,BCL2,Apoptosis regulation,1046,Y,0.001001,1.0,2.212833,0.981082,0.074369,0.122061,9.14157783301476,Low,False
GDSC2,343,16175305,1330993,PWR-1E,SIDM01114,PRAD,1909,Venetoclax,BCL2,Apoptosis regulation,1046,Y,0.001001,1.0,1.935944,0.969498,0.08779,-0.023542,6.930583439070033,Low,False
GDSC2,343,16175515,1330994,RCH-ACV,SIDM00449,UNCLASSIFIED,1909,Venetoclax,BCL2,Apoptosis regulation,1046,Y,0.001001,1.0,1.070609,0.973774,0.088553,-0.478581,2.917155506831679,Low,False
GDSC2,343,16175746,1330995,RC-K8,SIDM00448,DLBC,1909,Venetoclax,BCL2,Apoptosis regulation,1046,Y,0.001001,1.0,1.908056,0.960652,0.042548,-0.038207,6.739973546062701,Low,False
GDSC2,343,16176201,1331032,SLVL,SIDM00374,DLBC,1909,Venetoclax,BCL2,Apoptosis regulation,1046,Y,0.001001,1.0,0.14958,0.893879,0.172437,-0.962907,1.1613463748057726,Medium,False
GDSC2,343,16176481,1331033,SU-DHL-10,SIDM00389,DLBC,1909,Venetoclax,BCL2,Apoptosis regulation,1046,Y,0.001001,1.0,0.287587,0.952706,0.063498,-0.890336,1.3332065760899485,Medium,False
GDSC2,343,16176870,1331035,SU-DHL-4,SIDM00405,DLBC,1909,Venetoclax,BCL2,Apoptosis regulation,1046,Y,0.001001,1.0,0.705222,0.961881,0.026086,-0.670721,2.024296028761721,Medium,False
GDSC2,343,16177118,1331036,SU-DHL-5,SIDM00406,DLBC,1909,Venetoclax,BCL2,Apoptosis regulation,1046,Y,0.001001,1.0,0.852114,0.987414,0.168339,-0.593478,2.344598096993074,Medium,False
GDSC2,343,16177398,1331037,SU-DHL-6,SIDM00407,DLBC,1909,Venetoclax,BCL2,Apoptosis regulation,1046,Y,0.001001,1.0,-0.773229,0.859063,0.112854,-1.448169,0.4615204103069247,Medium,False
GDSC2,343,16177675,1331038,SU-DHL-8,SIDM00423,DLBC,1909,Venetoclax,BCL2,Apoptosis regulation,1046,Y,0.001001,1.0,0.612232,0.970397,0.12985,-0.71962,1.8445438294290368,Medium,False
GDSC2,343,16178235,1331040,SUP-M2,SIDM00421,UNCLASSIFIED,1909,Venetoclax,BCL2,Apoptosis regulation,1046,Y,0.001001,1.0,0.365883,0.966326,0.088955,-0.849164,1.4417865437602033,Medium,False
GDSC2,343,16178516,1331045,TK,SIDM00323,DLBC,1909,Venetoclax,BCL2,Apoptosis regulation,1046,Y,0.001001,1.0,-2.750646,0.598464,0.109711,-2.488,0.06388657714455581,High,False
GDSC2,343,16178799,1331048,VAL,SIDM00416,DLBC,1909,Venetoclax,BCL2,Apoptosis regulation,1046,Y,0.001001,1.0,-3.608533,0.479671,0.10148,-2.939122,0.027091561048933902,High,False
GDSC2,343,16179078,1331049,WIL2-NS,SIDM01102,UNCLASSIFIED,1909,Venetoclax,BCL2,Apoptosis regulation,1046,Y,0.001001,1.0,1.583317,0.975251,0.158573,-0.208972,4.871086437517243,Low,False
GDSC2,343,16179246,1331050,WSU-DLCL2,SIDM00413,DLBC,1909,Venetoclax,BCL2,Apoptosis regulation,1046,Y,0.001001,1.0,-2.472778,0.637316,0.225985,-2.341882,0.08435020834392729,High,False
GDSC2,343,16179455,1331055,NCI-H740,SIDM01118,UNIDENTIFIED,1909,Venetoclax,BCL2,Apoptosis regulation,1046,Y,0.001001,1.0,2.945159,0.968123,0.050755,0.507157,19.0136853221049,Low,False
GDSC2,343,16179708,1479987,DOV13,SIDM00969,OV,1909,Venetoclax,BCL2,Apoptosis regulation,1046,Y,0.001001,1.0,2.873283,0.986795,0.031351,0.469361,17.69501568136148,Low,False
GDSC2,343,16179986,1479988,Hey,SIDM00968,OV,1909,Venetoclax,BCL2,Apoptosis regulation,1046,Y,0.001001,1.0,2.678439,0.956643,0.108456,0.366902,14.562343725904816,Low,False
GDSC2,343,16180195,1479995,JHOS-2,SIDM00305,OV,1909,Venetoclax,BCL2,Apoptosis regulation,1046,Y,0.001001,1.0,2.853848,0.972194,0.071696,0.459141,17.354433380409798,Low,False
GDSC2,343,16180375,1480358,JHOS-3,SIDM00304,OV,1909,Venetoclax,BCL2,Apoptosis regulation,1046,Y,0.001001,1.0,3.83799,0.97551,0.079295,0.976655,46.43205215701237,Low,False
GDSC2,343,16180555,1480359,JHOS-4,SIDM00303,OV,1909,Venetoclax,BCL2,Apoptosis regulation,1046,Y,0.001001,1.0,2.612057,0.973841,0.082815,0.331994,13.627052889655413,Low,False
GDSC2,343,16180735,1480360,OV-7,SIDM00474,OV,1909,Venetoclax,BCL2,Apoptosis regulation,1046,Y,0.001001,1.0,3.156514,0.983899,0.051234,0.618299,23.488571882636663,Low,False
GDSC2,343,16180915,1480361,OV-17R,SIDM00476,OV,1909,Venetoclax,BCL2,Apoptosis regulation,1046,Y,0.001001,1.0,3.388738,0.982971,0.083514,0.740415,29.62853745231954,Low,False
GDSC2,343,16181166,1480362,OV-56,SIDM00475,OV,1909,Venetoclax,BCL2,Apoptosis regulation,1046,Y,0.001001,1.0,3.703819,0.983546,0.0616,0.906101,40.60206794839129,Low,False
GDSC2,343,16181415,1480364,OVCA420,SIDM00967,OV,1909,Venetoclax,BCL2,Apoptosis regulation,1046,Y,0.001001,1.0,2.216078,0.945224,0.091556,0.123767,9.171290435707897,Low,False
GDSC2,343,16181625,1480367,OVCA433,SIDM00966,OV,1909,Venetoclax,BCL2,Apoptosis regulation,1046,Y,0.001001,1.0,3.013817,0.967248,0.097222,0.543261,20.364984907496435,Low,False
GDSC2,343,16181882,1480371,OVK-18,SIDM00238,OV,1909,Venetoclax,BCL2,Apoptosis regulation,1046,Y,0.001001,1.0,2.540125,0.965788,0.092812,0.294168,12.68125602876929,Low,False
GDSC2,343,16182135,1480372,PEO1,SIDM00472,OV,1909,Venetoclax,BCL2,Apoptosis regulation,1046,Y,0.001001,1.0,3.22197,0.960406,0.079281,0.652719,25.07747417581811,Low,False
GDSC2,343,16182344,1480374,UWB1.289,SIDM00815,OV,1909,Venetoclax,BCL2,Apoptosis regulation,1046,Y,0.001001,1.0,2.545975,0.960727,0.020753,0.297245,12.755658792434046,Low,False
GDSC2,343,16182597,1503361,FLO-1,SIDM01041,ESCA,1909,Venetoclax,BCL2,Apoptosis regulation,1046,Y,0.001001,1.0,2.229501,0.956611,0.097967,0.130826,9.295226603955337,Low,False
GDSC2,343,16182877,1503362,OACp4C,SIDM00445,ESCA,1909,Venetoclax,BCL2,Apoptosis regulation,1046,Y,0.001001,1.0,1.751083,0.954411,0.096741,-0.120752,5.76083828667755,Low,False
GDSC2,343,16183158,1503363,OACM5-1,SIDM00444,ESCA,1909,Venetoclax,BCL2,Apoptosis regulation,1046,Y,0.001001,1.0,3.438535,0.977878,0.04056,0.7666,31.14130272537041,Low,False
GDSC2,343,16183439,1503364,SK-GT-2,SIDM00393,STAD,1909,Venetoclax,BCL2,Apoptosis regulation,1046,Y,0.001001,1.0,2.767274,0.978603,0.111969,0.413616,15.915190014551811,Low,False
GDSC2,343,16183721,1503365,SK-GT-4,SIDM00483,ESCA,1909,Venetoclax,BCL2,Apoptosis regulation,1046,Y,0.001001,1.0,3.87922,0.944978,0.053933,0.998336,48.38645891040654,Low,False
GDSC2,343,16184000,1503366,ESO26,SIDM00539,ESCA,1909,Venetoclax,BCL2,Apoptosis regulation,1046,Y,0.001001,1.0,2.372613,0.968824,0.054177,0.206082,10.725381121640558,Low,False
GDSC2,343,16184281,1503367,ESO51,SIDM00538,ESCA,1909,Venetoclax,BCL2,Apoptosis regulation,1046,Y,0.001001,1.0,2.700989,0.967287,0.111554,0.37876,14.894455059037375,Low,False
GDSC2,343,16184564,1503368,KYAE-1,SIDM00530,ESCA,1909,Venetoclax,BCL2,Apoptosis regulation,1046,Y,0.001001,1.0,1.606142,0.96575,0.092721,-0.196969,4.9835475656146455,Low,False
GDSC2,343,16184773,1503369,EMC-BAC-1,SIDM00048,LUAD,1909,Venetoclax,BCL2,Apoptosis regulation,1046,Y,0.001001,1.0,3.31984,0.981594,0.068461,0.704184,27.655925256460996,Low,False
GDSC2,343,16185023,1503370,EMC-BAC-2,SIDM00047,LUAD,1909,Venetoclax,BCL2,Apoptosis regulation,1046,Y,0.001001,1.0,2.745173,0.963374,0.10955,0.401994,15.567306843324936,Low,False
GDSC2,343,16185304,1503371,TE-4,SIDM00250,ESCA,1909,Venetoclax,BCL2,Apoptosis regulation,1046,Y,0.001001,1.0,2.239024,0.980738,0.083343,0.135834,9.384167868582047,Low,False
GDSC2,343,16185514,1503373,U-CH2,SIDM01185,UNIDENTIFIED,1909,Venetoclax,BCL2,Apoptosis regulation,1046,Y,0.001001,1.0,3.532494,0.973304,0.10067,0.816009,34.209179004420314,Low,False
GDSC2,343,16185770,1509073,NCC010,SIDM00231,KIRC,1909,Venetoclax,BCL2,Apoptosis regulation,1046,Y,0.001001,1.0,2.536218,0.982852,0.054188,0.292114,12.63180702299945,Low,False
GDSC2,343,16185950,1509074,NCC021,SIDM00232,KIRC,1909,Venetoclax,BCL2,Apoptosis regulation,1046,Y,0.001001,1.0,3.677818,0.979057,0.054095,0.892428,39.5599799527966,Low,False
GDSC2,343,16186130,1524414,RCC-FG2,SIDM00819,KIRC,1909,Venetoclax,BCL2,Apoptosis regulation,1046,Y,0.001001,1.0,1.722011,0.947783,0.083798,-0.136039,5.595770250845513,Low,False
GDSC2,343,16186310,1524415,RCC-JF,SIDM00818,KIRC,1909,Venetoclax,BCL2,Apoptosis regulation,1046,Y,0.001001,1.0,1.377136,0.942704,0.073469,-0.317393,3.9635337957390586,Low,False
GDSC2,343,16186562,1524416,RCC-JW,SIDM00817,KIRC,1909,Venetoclax,BCL2,Apoptosis regulation,1046,Y,0.001001,1.0,2.952632,0.970116,0.073944,0.511086,19.15630683406352,Low,False
GDSC2,343,16186771,1524417,RCC-ER,SIDM00820,KIRC,1909,Venetoclax,BCL2,Apoptosis regulation,1046,Y,0.001001,1.0,2.582503,0.977367,0.084604,0.316453,13.230211971079667,Low,False
GDSC2,343,16186951,1524418,RCC-AB,SIDM00821,KIRC,1909,Venetoclax,BCL2,Apoptosis regulation,1046,Y,0.001001,1.0,2.687832,0.956468,0.071422,0.371841,14.699772243129464,Low,False
GDSC2,343,16187131,1524419,RCC-MF,SIDM00816,KIRC,1909,Venetoclax,BCL2,Apoptosis regulation,1046,Y,0.001001,1.0,2.866141,0.981798,0.022904,0.465605,17.569088102028424,Low,False
GDSC2,343,16187311,1659817,KMS-11,SIDM00608,MM,1909,Venetoclax,BCL2,Apoptosis regulation,1046,Y,0.001001,1.0,2.176982,0.980349,0.07707,0.103208,8.819648353445192,Low,False
GDSC2,343,16187561,1659818,MM1S,SIDM01265,MM,1909,Venetoclax,BCL2,Apoptosis regulation,1046,Y,0.001001,1.0,0.780591,0.964834,0.107521,-0.631088,2.1827618966555806,Medium,False
GDSC2,343,16188169,1659928,SNU-175,SIDM00216,COREAD,1909,Venetoclax,BCL2,Apoptosis regulation,1046,Y,0.001001,1.0,1.864476,0.962346,0.05056,-0.061123,6.4525538617547005,Low,False
GDSC2,343,16188379,1659929,SNU-283,SIDM00215,UNIDENTIFIED,1909,Venetoclax,BCL2,Apoptosis regulation,1046,Y,0.001001,1.0,2.80088,0.981142,0.064731,0.431287,16.459124429491013,Low,False
GDSC2,343,16188631,1660034,SNU-407,SIDM00214,COREAD,1909,Venetoclax,BCL2,Apoptosis regulation,1046,Y,0.001001,1.0,2.223008,0.958626,0.076247,0.127411,9.23506821318306,Low,False
GDSC2,343,16188901,1660035,SNU-61,SIDM00194,COREAD,1909,Venetoclax,BCL2,Apoptosis regulation,1046,Y,0.001001,1.0,2.837136,0.973623,0.075122,0.450353,17.066816113680844,Low,False
GDSC2,343,16189168,1660036,SNU-81,SIDM00193,COREAD,1909,Venetoclax,BCL2,Apoptosis regulation,1046,Y,0.001001,1.0,2.442986,0.985091,0.053437,0.243088,11.507350441340083,Low,False
GDSC2,343,16189420,1674021,SNU-C5,SIDM00498,COREAD,1909,Venetoclax,BCL2,Apoptosis regulation,1046,Y,0.001001,1.0,2.403792,0.955145,0.07947,0.222477,11.065055618328946,Low,False
GDSC2,343,16189702,1789883,DiFi,SIDM00049,COREAD,1909,Venetoclax,BCL2,Apoptosis regulation,1046,Y,0.001001,1.0,2.581572,0.970042,0.052585,0.315964,13.217900375671523,Low,False
